{"timestamp":"2026-03-16T13:17:50.861Z","importId":2,"level":"INFO","message":"Iniciando processamento em background","category":"OUTROS","context":{"filePath":"/src/assets/spreadsheets/SICA___ODBC___Relato__rio_de_Vendas_por_Data_de_Emissa__o__ANCD___Mondiale_-1773667070629-93780801.xlsm"}}
{"timestamp":"2026-03-16T13:17:52.324Z","importId":2,"level":"ERROR","message":"Erro ao processar planilha","category":"OUTROS","error":{"name":"Error","message":"Erro ao processar planilha: Colunas obrigatórias não encontradas na planilha: cnpjcpf. Colunas encontradas: fornecedor, pontos. Cabeçalhos na planilha: fornecedor, pontos","stack":"Error: Erro ao processar planilha: Colunas obrigatórias não encontradas na planilha: cnpjcpf. Colunas encontradas: fornecedor, pontos. Cabeçalhos na planilha: fornecedor, pontos\n    at processSpreadsheet (/usr/src/app/src/services/spreadsheetProcessorService.ts:694:15)\n    at Object.processImportInBackground (/usr/src/app/src/services/agencyPointsImportService.ts:263:57)\n    at processTicksAndRejections (node:internal/process/task_queues:95:5)"},"context":{"filePath":"/src/assets/spreadsheets/SICA___ODBC___Relato__rio_de_Vendas_por_Data_de_Emissa__o__ANCD___Mondiale_-1773667070629-93780801.xlsm"}}
{"timestamp":"2026-03-16T13:17:52.330Z","importId":2,"level":"ERROR","message":"Erro fatal ao processar importação","category":"OUTROS","error":{"name":"Error","message":"Erro ao processar planilha: Colunas obrigatórias não encontradas na planilha: cnpjcpf. Colunas encontradas: fornecedor, pontos. Cabeçalhos na planilha: fornecedor, pontos","stack":"Error: Erro ao processar planilha: Colunas obrigatórias não encontradas na planilha: cnpjcpf. Colunas encontradas: fornecedor, pontos. Cabeçalhos na planilha: fornecedor, pontos\n    at processSpreadsheet (/usr/src/app/src/services/spreadsheetProcessorService.ts:694:15)\n    at Object.processImportInBackground (/usr/src/app/src/services/agencyPointsImportService.ts:263:57)\n    at processTicksAndRejections (node:internal/process/task_queues:95:5)"},"context":{"filePath":"/src/assets/spreadsheets/SICA___ODBC___Relato__rio_de_Vendas_por_Data_de_Emissa__o__ANCD___Mondiale_-1773667070629-93780801.xlsm","errorMessage":"Erro ao processar planilha: Colunas obrigatórias não encontradas na planilha: cnpjcpf. Colunas encontradas: fornecedor, pontos. Cabeçalhos na planilha: fornecedor, pontos"}}
{"timestamp":"2026-03-16T13:17:52.340Z","importId":2,"level":"ERROR","message":"Erro fatal no processamento em background","category":"OUTROS","error":{"name":"Error","message":"Erro ao processar planilha: Colunas obrigatórias não encontradas na planilha: cnpjcpf. Colunas encontradas: fornecedor, pontos. Cabeçalhos na planilha: fornecedor, pontos","stack":"Error: Erro ao processar planilha: Colunas obrigatórias não encontradas na planilha: cnpjcpf. Colunas encontradas: fornecedor, pontos. Cabeçalhos na planilha: fornecedor, pontos\n    at processSpreadsheet (/usr/src/app/src/services/spreadsheetProcessorService.ts:694:15)\n    at Object.processImportInBackground (/usr/src/app/src/services/agencyPointsImportService.ts:263:57)\n    at processTicksAndRejections (node:internal/process/task_queues:95:5)"},"context":{"filePath":"/src/assets/spreadsheets/SICA___ODBC___Relato__rio_de_Vendas_por_Data_de_Emissa__o__ANCD___Mondiale_-1773667070629-93780801.xlsm","referencePeriod":"teste"}}
{"timestamp":"2026-03-16T14:30:15.514Z","importId":3,"level":"INFO","message":"Iniciando processamento em background","category":"OUTROS","context":{"filePath":"/src/assets/spreadsheets/01a16-1773671415388-401148214.xlsx"}}
{"timestamp":"2026-03-16T14:30:16.553Z","importId":3,"level":"INFO","message":"Planilha processada: 23443 linhas válidas, 1 com erro","category":"OUTROS","context":{"totalRows":23444,"validRows":23443,"errorRows":1}}
{"timestamp":"2026-03-16T14:30:16.810Z","importId":3,"level":"WARN","message":"Linha 118: Pontuação é 0 ou null","category":"PONTUACAO","context":{"rowNumber":118,"points":0,"cnpj":"22418050000126","saleId":"3400715A","executiveName":"Cristiano Dafre"}}
{"timestamp":"2026-03-16T14:30:16.841Z","importId":3,"level":"WARN","message":"Linha 134: Pontuação é 0 ou null","category":"PONTUACAO","context":{"rowNumber":134,"points":0,"cnpj":"15006080000160","saleId":"3400749A","executiveName":"Pasquale Neto"}}
{"timestamp":"2026-03-16T14:30:16.848Z","importId":3,"level":"WARN","message":"Linha 136: Pontuação é 0 ou null","category":"PONTUACAO","context":{"rowNumber":136,"points":0,"cnpj":"20606282000182","saleId":"3400769A","executiveName":"Armando Soares"}}
{"timestamp":"2026-03-16T14:30:16.870Z","importId":3,"level":"WARN","message":"Linha 149: Pontuação é 0 ou null","category":"PONTUACAO","context":{"rowNumber":149,"points":0,"cnpj":"15875000000102","saleId":"3400777A","executiveName":"Elza Lara"}}
{"timestamp":"2026-03-16T14:30:16.878Z","importId":3,"level":"WARN","message":"Linha 153: Pontuação é 0 ou null","category":"PONTUACAO","context":{"rowNumber":153,"points":0,"cnpj":"16860367000115","saleId":"3403907A","executiveName":"Andreza Lubatsch"}}
{"timestamp":"2026-03-16T14:30:16.880Z","importId":3,"level":"WARN","message":"Linha 154: Pontuação é 0 ou null","category":"PONTUACAO","context":{"rowNumber":154,"points":0,"cnpj":"30607677000153","saleId":"3404082A","executiveName":"Rafaela Soares"}}
{"timestamp":"2026-03-16T14:30:16.885Z","importId":3,"level":"WARN","message":"Linha 155: Pontuação é 0 ou null","category":"PONTUACAO","context":{"rowNumber":155,"points":0,"cnpj":"20606282000182","saleId":"3400767A","executiveName":"Armando Soares"}}
{"timestamp":"2026-03-16T14:30:16.891Z","importId":3,"level":"WARN","message":"Linha 158: Pontuação é 0 ou null","category":"PONTUACAO","context":{"rowNumber":158,"points":0,"cnpj":"28209105000174","saleId":"3400808A","executiveName":"Ronaldo Coelho"}}
{"timestamp":"2026-03-16T14:30:16.893Z","importId":3,"level":"WARN","message":"Linha 159: Pontuação é 0 ou null","category":"PONTUACAO","context":{"rowNumber":159,"points":0,"cnpj":"12100779000104","saleId":"3400752A","executiveName":"Carlos Brito"}}
{"timestamp":"2026-03-16T14:30:16.940Z","importId":3,"level":"WARN","message":"Linha 186: Pontuação é 0 ou null","category":"PONTUACAO","context":{"rowNumber":186,"points":0,"cnpj":"28209105000174","saleId":"3400807A","executiveName":"Ronaldo Coelho"}}
{"timestamp":"2026-03-16T14:30:16.944Z","importId":3,"level":"WARN","message":"Linha 187: Pontuação é 0 ou null","category":"PONTUACAO","context":{"rowNumber":187,"points":0,"cnpj":"20890330000107","saleId":"3400766A","executiveName":"Ricardo Morais"}}
{"timestamp":"2026-03-16T14:30:16.947Z","importId":3,"level":"WARN","message":"Linha 189: Pontuação é 0 ou null","category":"PONTUACAO","context":{"rowNumber":189,"points":0,"cnpj":"20890330000107","saleId":"3400764A","executiveName":"Ricardo Morais"}}
{"timestamp":"2026-03-16T14:30:16.949Z","importId":3,"level":"WARN","message":"Linha 190: Pontuação é 0 ou null","category":"PONTUACAO","context":{"rowNumber":190,"points":0,"cnpj":"20606282000182","saleId":"3400776A","executiveName":"Armando Soares"}}
{"timestamp":"2026-03-16T14:30:16.953Z","importId":3,"level":"WARN","message":"Linha 191: Pontuação é 0 ou null","category":"PONTUACAO","context":{"rowNumber":191,"points":0,"cnpj":"20606282000182","saleId":"3400775A","executiveName":"Armando Soares"}}
{"timestamp":"2026-03-16T14:30:16.955Z","importId":3,"level":"WARN","message":"Linha 192: Pontuação é 0 ou null","category":"PONTUACAO","context":{"rowNumber":192,"points":0,"cnpj":"20606282000182","saleId":"3400774A","executiveName":"Armando Soares"}}
{"timestamp":"2026-03-16T14:30:16.958Z","importId":3,"level":"WARN","message":"Linha 193: Pontuação é 0 ou null","category":"PONTUACAO","context":{"rowNumber":193,"points":0,"cnpj":"20606282000182","saleId":"3400773A","executiveName":"Armando Soares"}}
{"timestamp":"2026-03-16T14:30:16.960Z","importId":3,"level":"WARN","message":"Linha 194: Pontuação é 0 ou null","category":"PONTUACAO","context":{"rowNumber":194,"points":0,"cnpj":"20606282000182","saleId":"3400772A","executiveName":"Armando Soares"}}
{"timestamp":"2026-03-16T14:30:16.963Z","importId":3,"level":"WARN","message":"Linha 195: Pontuação é 0 ou null","category":"PONTUACAO","context":{"rowNumber":195,"points":0,"cnpj":"20606282000182","saleId":"3400771A","executiveName":"Armando Soares"}}
{"timestamp":"2026-03-16T14:30:16.968Z","importId":3,"level":"WARN","message":"Linha 196: Pontuação é 0 ou null","category":"PONTUACAO","context":{"rowNumber":196,"points":0,"cnpj":"20890330000107","saleId":"3400765A","executiveName":"Ricardo Morais"}}
{"timestamp":"2026-03-16T14:30:16.970Z","importId":3,"level":"WARN","message":"Linha 197: Pontuação é 0 ou null","category":"PONTUACAO","context":{"rowNumber":197,"points":0,"cnpj":"20606282000182","saleId":"3400770A","executiveName":"Armando Soares"}}
{"timestamp":"2026-03-16T14:30:16.972Z","importId":3,"level":"WARN","message":"Linha 198: Pontuação é 0 ou null","category":"PONTUACAO","context":{"rowNumber":198,"points":0,"cnpj":"20890330000107","saleId":"3400763A","executiveName":"Ricardo Morais"}}
{"timestamp":"2026-03-16T14:30:17.349Z","importId":3,"level":"WARN","message":"Linha 406: Pontuação é 0 ou null","category":"PONTUACAO","context":{"rowNumber":406,"points":0,"cnpj":"20929210000176","saleId":"3402493A","executiveName":"Gabriela Carvalho"}}
{"timestamp":"2026-03-16T14:30:17.589Z","importId":3,"level":"WARN","message":"Linha 566: Pontuação é 0 ou null","category":"PONTUACAO","context":{"rowNumber":566,"points":0,"cnpj":"03022734000160","saleId":"3402581A","executiveName":"Ricardo Morais"}}
{"timestamp":"2026-03-16T14:30:17.791Z","importId":3,"level":"WARN","message":"Linha 696: Pontuação é 0 ou null","category":"PONTUACAO","context":{"rowNumber":696,"points":0,"cnpj":"03022734000160","saleId":"3402569A","executiveName":"Ricardo Morais"}}
{"timestamp":"2026-03-16T14:30:18.162Z","importId":3,"level":"WARN","message":"Linha 926: Pontuação é 0 ou null","category":"PONTUACAO","context":{"rowNumber":926,"points":0,"cnpj":"24030446000127","saleId":"3403901A","executiveName":"Ricardo Bueno"}}
{"timestamp":"2026-03-16T14:30:18.166Z","importId":3,"level":"WARN","message":"Linha 927: Pontuação é 0 ou null","category":"PONTUACAO","context":{"rowNumber":927,"points":0,"cnpj":"27588973000140","saleId":"3403900A","executiveName":"Marlon Wander"}}
{"timestamp":"2026-03-16T14:30:18.170Z","importId":3,"level":"WARN","message":"Linha 928: Pontuação é 0 ou null","category":"PONTUACAO","context":{"rowNumber":928,"points":0,"cnpj":"74538836000180","saleId":"3403896A","executiveName":"Rafaela Soares"}}
{"timestamp":"2026-03-16T14:30:18.173Z","importId":3,"level":"WARN","message":"Linha 929: Pontuação é 0 ou null","category":"PONTUACAO","context":{"rowNumber":929,"points":0,"cnpj":"74538836000180","saleId":"3403895A","executiveName":"Rafaela Soares"}}
{"timestamp":"2026-03-16T14:30:18.175Z","importId":3,"level":"WARN","message":"Linha 930: Pontuação é 0 ou null","category":"PONTUACAO","context":{"rowNumber":930,"points":0,"cnpj":"06577931836","saleId":"3403893A","executiveName":"Miguel Jenotti"}}
{"timestamp":"2026-03-16T14:30:18.177Z","importId":3,"level":"WARN","message":"Linha 931: Pontuação é 0 ou null","category":"PONTUACAO","context":{"rowNumber":931,"points":0,"cnpj":"06577931836","saleId":"3403892A","executiveName":"Miguel Jenotti"}}
{"timestamp":"2026-03-16T14:30:18.181Z","importId":3,"level":"WARN","message":"Linha 932: Pontuação é 0 ou null","category":"PONTUACAO","context":{"rowNumber":932,"points":0,"cnpj":"00824865000172","saleId":"3403891A","executiveName":"Carlos Brito"}}
{"timestamp":"2026-03-16T14:30:18.183Z","importId":3,"level":"WARN","message":"Linha 933: Pontuação é 0 ou null","category":"PONTUACAO","context":{"rowNumber":933,"points":0,"cnpj":"00824865000172","saleId":"3403890A","executiveName":"Carlos Brito"}}
{"timestamp":"2026-03-16T14:30:18.185Z","importId":3,"level":"WARN","message":"Linha 934: Pontuação é 0 ou null","category":"PONTUACAO","context":{"rowNumber":934,"points":0,"cnpj":"00824865000172","saleId":"3403889A","executiveName":"Carlos Brito"}}
{"timestamp":"2026-03-16T14:30:18.191Z","importId":3,"level":"WARN","message":"Linha 935: Pontuação é 0 ou null","category":"PONTUACAO","context":{"rowNumber":935,"points":0,"cnpj":"00824865000172","saleId":"3403888A","executiveName":"Carlos Brito"}}
{"timestamp":"2026-03-16T14:30:18.193Z","importId":3,"level":"WARN","message":"Linha 936: Pontuação é 0 ou null","category":"PONTUACAO","context":{"rowNumber":936,"points":0,"cnpj":"11136185000182","saleId":"3403887A","executiveName":"Marlon Wander"}}
{"timestamp":"2026-03-16T14:30:18.195Z","importId":3,"level":"WARN","message":"Linha 937: Pontuação é 0 ou null","category":"PONTUACAO","context":{"rowNumber":937,"points":0,"cnpj":"07697910000114","saleId":"3403879A","executiveName":"Miguel Jenotti"}}
{"timestamp":"2026-03-16T14:30:18.199Z","importId":3,"level":"WARN","message":"Linha 938: Pontuação é 0 ou null","category":"PONTUACAO","context":{"rowNumber":938,"points":0,"cnpj":"06256161000127","saleId":"3403876A","executiveName":"Pasquale Neto"}}
{"timestamp":"2026-03-16T14:30:18.201Z","importId":3,"level":"WARN","message":"Linha 939: Pontuação é 0 ou null","category":"PONTUACAO","context":{"rowNumber":939,"points":0,"cnpj":"06256161000127","saleId":"3403875A","executiveName":"Pasquale Neto"}}
{"timestamp":"2026-03-16T14:30:18.204Z","importId":3,"level":"WARN","message":"Linha 940: Pontuação é 0 ou null","category":"PONTUACAO","context":{"rowNumber":940,"points":0,"cnpj":"06256161000127","saleId":"3403874A","executiveName":"Pasquale Neto"}}
{"timestamp":"2026-03-16T14:30:18.205Z","importId":3,"level":"WARN","message":"Linha 941: Pontuação é 0 ou null","category":"PONTUACAO","context":{"rowNumber":941,"points":0,"cnpj":"06256161000127","saleId":"3403873A","executiveName":"Pasquale Neto"}}
{"timestamp":"2026-03-16T14:30:18.209Z","importId":3,"level":"WARN","message":"Linha 942: Pontuação é 0 ou null","category":"PONTUACAO","context":{"rowNumber":942,"points":0,"cnpj":"06256161000127","saleId":"3403872A","executiveName":"Pasquale Neto"}}
{"timestamp":"2026-03-16T14:30:18.211Z","importId":3,"level":"WARN","message":"Linha 943: Pontuação é 0 ou null","category":"PONTUACAO","context":{"rowNumber":943,"points":0,"cnpj":"06256161000127","saleId":"3403870A","executiveName":"Pasquale Neto"}}
{"timestamp":"2026-03-16T14:30:18.238Z","importId":3,"level":"WARN","message":"Linha 962: Pontuação é 0 ou null","category":"PONTUACAO","context":{"rowNumber":962,"points":0,"cnpj":"02884465000188","saleId":"3403453A","executiveName":"Pasquale Neto"}}
{"timestamp":"2026-03-16T14:30:18.240Z","importId":3,"level":"WARN","message":"Linha 963: Pontuação é 0 ou null","category":"PONTUACAO","context":{"rowNumber":963,"points":0,"cnpj":"02884465000188","saleId":"3403452A","executiveName":"Pasquale Neto"}}
{"timestamp":"2026-03-16T14:30:18.286Z","importId":3,"level":"WARN","message":"Linha 991: Pontuação é 0 ou null","category":"PONTUACAO","context":{"rowNumber":991,"points":0,"cnpj":"24030446000127","saleId":"3403902A","executiveName":"Ricardo Bueno"}}
{"timestamp":"2026-03-16T14:30:18.296Z","importId":3,"level":"WARN","message":"Linha 997: Pontuação é 0 ou null","category":"PONTUACAO","context":{"rowNumber":997,"points":0,"cnpj":"32143132000169","saleId":"3403639A","executiveName":"Pasquale Neto"}}
{"timestamp":"2026-03-16T14:30:18.311Z","importId":3,"level":"WARN","message":"Linha 1005: Pontuação é 0 ou null","category":"PONTUACAO","context":{"rowNumber":1005,"points":0,"cnpj":"24030446000127","saleId":"3403903A","executiveName":"Ricardo Bueno"}}
{"timestamp":"2026-03-16T14:30:18.313Z","importId":3,"level":"WARN","message":"Linha 1006: Pontuação é 0 ou null","category":"PONTUACAO","context":{"rowNumber":1006,"points":0,"cnpj":"32351158000100","saleId":"3403905A","executiveName":"Roberto Garbin"}}
{"timestamp":"2026-03-16T14:30:18.316Z","importId":3,"level":"WARN","message":"Linha 1007: Pontuação é 0 ou null","category":"PONTUACAO","context":{"rowNumber":1007,"points":0,"cnpj":"41886096000114","saleId":"3403906A","executiveName":"Elza Lara"}}
{"timestamp":"2026-03-16T14:30:18.319Z","importId":3,"level":"WARN","message":"Linha 1009: Pontuação é 0 ou null","category":"PONTUACAO","context":{"rowNumber":1009,"points":0,"cnpj":"18240475000110","saleId":"3408930A","executiveName":"Leonardo Ligabo"}}
{"timestamp":"2026-03-16T14:30:18.322Z","importId":3,"level":"WARN","message":"Linha 1010: Pontuação é 0 ou null","category":"PONTUACAO","context":{"rowNumber":1010,"points":0,"cnpj":"58758327000107","saleId":"3408887A","executiveName":"Pasquale Neto"}}
{"timestamp":"2026-03-16T14:30:18.323Z","importId":3,"level":"WARN","message":"Linha 1011: Pontuação é 0 ou null","category":"PONTUACAO","context":{"rowNumber":1011,"points":0,"cnpj":"69897824715","saleId":"3408884A","executiveName":"Elza Lara"}}
{"timestamp":"2026-03-16T14:30:18.329Z","importId":3,"level":"WARN","message":"Linha 1014: Pontuação é 0 ou null","category":"PONTUACAO","context":{"rowNumber":1014,"points":0,"cnpj":"36417780000117","saleId":"3407586A","executiveName":"Kelly Furno"}}
{"timestamp":"2026-03-16T14:30:18.333Z","importId":3,"level":"WARN","message":"Linha 1016: Pontuação é 0 ou null","category":"PONTUACAO","context":{"rowNumber":1016,"points":0,"cnpj":"36417780000117","saleId":"3407544A","executiveName":"Kelly Furno"}}
{"timestamp":"2026-03-16T14:30:18.337Z","importId":3,"level":"WARN","message":"Linha 1018: Pontuação é 0 ou null","category":"PONTUACAO","context":{"rowNumber":1018,"points":0,"cnpj":"36417780000117","saleId":"3407432A","executiveName":"Kelly Furno"}}
{"timestamp":"2026-03-16T14:30:18.339Z","importId":3,"level":"WARN","message":"Linha 1019: Pontuação é 0 ou null","category":"PONTUACAO","context":{"rowNumber":1019,"points":0,"cnpj":"36417780000117","saleId":"3407423A","executiveName":"Kelly Furno"}}
{"timestamp":"2026-03-16T14:30:18.353Z","importId":3,"level":"WARN","message":"Linha 1028: Pontuação é 0 ou null","category":"PONTUACAO","context":{"rowNumber":1028,"points":0,"cnpj":"39861693000142","saleId":"3406537A","executiveName":"Karla Reis"}}
{"timestamp":"2026-03-16T14:30:18.355Z","importId":3,"level":"WARN","message":"Linha 1029: Pontuação é 0 ou null","category":"PONTUACAO","context":{"rowNumber":1029,"points":0,"cnpj":"95171119000133","saleId":"3406535A","executiveName":"Carlos Brito"}}
{"timestamp":"2026-03-16T14:30:18.357Z","importId":3,"level":"WARN","message":"Linha 1030: Pontuação é 0 ou null","category":"PONTUACAO","context":{"rowNumber":1030,"points":0,"cnpj":"95171119000133","saleId":"3406534A","executiveName":"Carlos Brito"}}
{"timestamp":"2026-03-16T14:30:18.360Z","importId":3,"level":"WARN","message":"Linha 1032: Pontuação é 0 ou null","category":"PONTUACAO","context":{"rowNumber":1032,"points":0,"cnpj":"08624247000190","saleId":"3409894A","executiveName":"Carlos Barbassa"}}
{"timestamp":"2026-03-16T14:30:18.362Z","importId":3,"level":"WARN","message":"Linha 1033: Pontuação é 0 ou null","category":"PONTUACAO","context":{"rowNumber":1033,"points":0,"cnpj":"55343181000140","saleId":"3411615A","executiveName":"Elza Lara"}}
{"timestamp":"2026-03-16T14:30:18.365Z","importId":3,"level":"WARN","message":"Linha 1034: Pontuação é 0 ou null","category":"PONTUACAO","context":{"rowNumber":1034,"points":0,"cnpj":"57426975000101","saleId":"3411644A","executiveName":"Miguel Jenotti"}}
{"timestamp":"2026-03-16T14:30:18.374Z","importId":3,"level":"WARN","message":"Linha 1038: Pontuação é 0 ou null","category":"PONTUACAO","context":{"rowNumber":1038,"points":0,"cnpj":"08624247000190","saleId":"3424118A","executiveName":"Carlos Barbassa"}}
{"timestamp":"2026-03-16T14:30:18.380Z","importId":3,"level":"WARN","message":"Linha 1044: Pontuação é 0 ou null","category":"PONTUACAO","context":{"rowNumber":1044,"points":0,"cnpj":"44247693000197","saleId":"3421159A","executiveName":"Cristiano Dafre"}}
{"timestamp":"2026-03-16T14:30:18.384Z","importId":3,"level":"WARN","message":"Linha 1045: Pontuação é 0 ou null","category":"PONTUACAO","context":{"rowNumber":1045,"points":0,"cnpj":"55915565000190","saleId":"3421156A","executiveName":"Pasquale Neto"}}
{"timestamp":"2026-03-16T14:30:18.387Z","importId":3,"level":"WARN","message":"Linha 1046: Pontuação é 0 ou null","category":"PONTUACAO","context":{"rowNumber":1046,"points":0,"cnpj":"10340598000111","saleId":"3406532A","executiveName":"Armando Soares"}}
{"timestamp":"2026-03-16T14:30:18.389Z","importId":3,"level":"WARN","message":"Linha 1047: Pontuação é 0 ou null","category":"PONTUACAO","context":{"rowNumber":1047,"points":0,"cnpj":"08624247000190","saleId":"3420944A","executiveName":"Carlos Barbassa"}}
{"timestamp":"2026-03-16T14:30:18.392Z","importId":3,"level":"WARN","message":"Linha 1048: Pontuação é 0 ou null","category":"PONTUACAO","context":{"rowNumber":1048,"points":0,"cnpj":"59717926000145","saleId":"3419132A","executiveName":"Ronaldo Coelho"}}
{"timestamp":"2026-03-16T14:30:18.393Z","importId":3,"level":"WARN","message":"Linha 1049: Pontuação é 0 ou null","category":"PONTUACAO","context":{"rowNumber":1049,"points":0,"cnpj":"23157294000165","saleId":"3415734A","executiveName":"Ricardo Morais"}}
{"timestamp":"2026-03-16T14:30:18.395Z","importId":3,"level":"WARN","message":"Linha 1050: Pontuação é 0 ou null","category":"PONTUACAO","context":{"rowNumber":1050,"points":0,"cnpj":"23157294000165","saleId":"3415733A","executiveName":"Ricardo Morais"}}
{"timestamp":"2026-03-16T14:30:18.397Z","importId":3,"level":"WARN","message":"Linha 1051: Pontuação é 0 ou null","category":"PONTUACAO","context":{"rowNumber":1051,"points":0,"cnpj":"20591878000156","saleId":"3415497A","executiveName":"William Silva"}}
{"timestamp":"2026-03-16T14:30:18.399Z","importId":3,"level":"WARN","message":"Linha 1052: Pontuação é 0 ou null","category":"PONTUACAO","context":{"rowNumber":1052,"points":0,"cnpj":"20591878000156","saleId":"3415496A","executiveName":"William Silva"}}
{"timestamp":"2026-03-16T14:30:18.403Z","importId":3,"level":"WARN","message":"Linha 1053: Pontuação é 0 ou null","category":"PONTUACAO","context":{"rowNumber":1053,"points":0,"cnpj":"23157294000165","saleId":"3415453A","executiveName":"Ricardo Morais"}}
{"timestamp":"2026-03-16T14:30:18.405Z","importId":3,"level":"WARN","message":"Linha 1054: Pontuação é 0 ou null","category":"PONTUACAO","context":{"rowNumber":1054,"points":0,"cnpj":"23157294000165","saleId":"3415452A","executiveName":"Ricardo Morais"}}
{"timestamp":"2026-03-16T14:30:18.410Z","importId":3,"level":"WARN","message":"Linha 1055: Pontuação é 0 ou null","category":"PONTUACAO","context":{"rowNumber":1055,"points":0,"cnpj":"02884465000188","saleId":"3415385A","executiveName":"Pasquale Neto"}}
{"timestamp":"2026-03-16T14:30:18.411Z","importId":3,"level":"WARN","message":"Linha 1056: Pontuação é 0 ou null","category":"PONTUACAO","context":{"rowNumber":1056,"points":0,"cnpj":"18096686000121","saleId":"3412155A","executiveName":"Pasquale Neto"}}
{"timestamp":"2026-03-16T14:30:18.414Z","importId":3,"level":"WARN","message":"Linha 1058: Pontuação é 0 ou null","category":"PONTUACAO","context":{"rowNumber":1058,"points":0,"cnpj":"57426975000101","saleId":"3411645A","executiveName":"Miguel Jenotti"}}
{"timestamp":"2026-03-16T14:30:18.419Z","importId":3,"level":"WARN","message":"Linha 1061: Pontuação é 0 ou null","category":"PONTUACAO","context":{"rowNumber":1061,"points":0,"cnpj":"44247693000197","saleId":"3406529A","executiveName":"Cristiano Dafre"}}
{"timestamp":"2026-03-16T14:30:18.422Z","importId":3,"level":"WARN","message":"Linha 1062: Pontuação é 0 ou null","category":"PONTUACAO","context":{"rowNumber":1062,"points":0,"cnpj":"29416586000151","saleId":"3406517A","executiveName":"Pasquale Neto"}}
{"timestamp":"2026-03-16T14:30:18.424Z","importId":3,"level":"WARN","message":"Linha 1063: Pontuação é 0 ou null","category":"PONTUACAO","context":{"rowNumber":1063,"points":0,"cnpj":"43304326000115","saleId":"3406408A","executiveName":"Ricardo Bueno"}}
{"timestamp":"2026-03-16T14:30:18.426Z","importId":3,"level":"WARN","message":"Linha 1064: Pontuação é 0 ou null","category":"PONTUACAO","context":{"rowNumber":1064,"points":0,"cnpj":"31325699000193","saleId":"3406407A","executiveName":"Elza Lara"}}
{"timestamp":"2026-03-16T14:30:18.430Z","importId":3,"level":"WARN","message":"Linha 1066: Pontuação é 0 ou null","category":"PONTUACAO","context":{"rowNumber":1066,"points":0,"cnpj":"44580085000108","saleId":"3406351A","executiveName":"Cristiano Dafre"}}
{"timestamp":"2026-03-16T14:30:18.433Z","importId":3,"level":"WARN","message":"Linha 1067: Pontuação é 0 ou null","category":"PONTUACAO","context":{"rowNumber":1067,"points":0,"cnpj":"44580085000108","saleId":"3406350A","executiveName":"Cristiano Dafre"}}
{"timestamp":"2026-03-16T14:30:18.435Z","importId":3,"level":"WARN","message":"Linha 1068: Pontuação é 0 ou null","category":"PONTUACAO","context":{"rowNumber":1068,"points":0,"cnpj":"21301696000166","saleId":"3406344A","executiveName":"Luana Fagundes"}}
{"timestamp":"2026-03-16T14:30:18.451Z","importId":3,"level":"WARN","message":"Linha 1079: Pontuação é 0 ou null","category":"PONTUACAO","context":{"rowNumber":1079,"points":0,"cnpj":"00234363000191","saleId":"3405033A","executiveName":"Miguel Jenotti"}}
{"timestamp":"2026-03-16T14:30:18.457Z","importId":3,"level":"WARN","message":"Linha 1083: Pontuação é 0 ou null","category":"PONTUACAO","context":{"rowNumber":1083,"points":0,"cnpj":"10654543000186","saleId":"3404086A","executiveName":"Karla Reis"}}
{"timestamp":"2026-03-16T14:30:18.459Z","importId":3,"level":"WARN","message":"Linha 1084: Pontuação é 0 ou null","category":"PONTUACAO","context":{"rowNumber":1084,"points":0,"cnpj":"08109839000174","saleId":"3404053A","executiveName":"Carlos Brito"}}
{"timestamp":"2026-03-16T14:30:18.463Z","importId":3,"level":"WARN","message":"Linha 1085: Pontuação é 0 ou null","category":"PONTUACAO","context":{"rowNumber":1085,"points":0,"cnpj":"08109839000174","saleId":"3404052A","executiveName":"Carlos Brito"}}
{"timestamp":"2026-03-16T14:30:18.465Z","importId":3,"level":"WARN","message":"Linha 1086: Pontuação é 0 ou null","category":"PONTUACAO","context":{"rowNumber":1086,"points":0,"cnpj":"16436845000164","saleId":"3406410A","executiveName":"Pasquale Neto"}}
{"timestamp":"2026-03-16T14:30:18.467Z","importId":3,"level":"WARN","message":"Linha 1087: Pontuação é 0 ou null","category":"PONTUACAO","context":{"rowNumber":1087,"points":0,"cnpj":"24194791000104","saleId":"3406415A","executiveName":"Elzo Nogueira"}}
{"timestamp":"2026-03-16T14:30:18.469Z","importId":3,"level":"WARN","message":"Linha 1088: Pontuação é 0 ou null","category":"PONTUACAO","context":{"rowNumber":1088,"points":0,"cnpj":"27150845000110","saleId":"3406416A","executiveName":"Gabriela Carvalho"}}
{"timestamp":"2026-03-16T14:30:18.471Z","importId":3,"level":"WARN","message":"Linha 1089: Pontuação é 0 ou null","category":"PONTUACAO","context":{"rowNumber":1089,"points":0,"cnpj":"27150845000110","saleId":"3406434A","executiveName":"Gabriela Carvalho"}}
{"timestamp":"2026-03-16T14:30:18.474Z","importId":3,"level":"WARN","message":"Linha 1091: Pontuação é 0 ou null","category":"PONTUACAO","context":{"rowNumber":1091,"points":0,"cnpj":"03329746000131","saleId":"3406508A","executiveName":"Luana Fagundes"}}
{"timestamp":"2026-03-16T14:30:18.475Z","importId":3,"level":"WARN","message":"Linha 1092: Pontuação é 0 ou null","category":"PONTUACAO","context":{"rowNumber":1092,"points":0,"cnpj":"07868518000190","saleId":"3406507A","executiveName":"Luana Fagundes"}}
{"timestamp":"2026-03-16T14:30:18.478Z","importId":3,"level":"WARN","message":"Linha 1093: Pontuação é 0 ou null","category":"PONTUACAO","context":{"rowNumber":1093,"points":0,"cnpj":"67889741000146","saleId":"3406506A","executiveName":"Armando Soares"}}
{"timestamp":"2026-03-16T14:30:18.480Z","importId":3,"level":"WARN","message":"Linha 1094: Pontuação é 0 ou null","category":"PONTUACAO","context":{"rowNumber":1094,"points":0,"cnpj":"12416622000184","saleId":"3406498A","executiveName":"Elza Lara"}}
{"timestamp":"2026-03-16T14:30:18.483Z","importId":3,"level":"WARN","message":"Linha 1095: Pontuação é 0 ou null","category":"PONTUACAO","context":{"rowNumber":1095,"points":0,"cnpj":"03383967000198","saleId":"3406497A","executiveName":"Elza Lara"}}
{"timestamp":"2026-03-16T14:30:18.485Z","importId":3,"level":"WARN","message":"Linha 1096: Pontuação é 0 ou null","category":"PONTUACAO","context":{"rowNumber":1096,"points":0,"cnpj":"21432799000165","saleId":"3406496A","executiveName":"Andreza Lubatsch"}}
{"timestamp":"2026-03-16T14:30:18.487Z","importId":3,"level":"WARN","message":"Linha 1097: Pontuação é 0 ou null","category":"PONTUACAO","context":{"rowNumber":1097,"points":0,"cnpj":"08937466000120","saleId":"3406487A","executiveName":"Pasquale Neto"}}
{"timestamp":"2026-03-16T14:30:18.491Z","importId":3,"level":"WARN","message":"Linha 1099: Pontuação é 0 ou null","category":"PONTUACAO","context":{"rowNumber":1099,"points":0,"cnpj":"02116253000150","saleId":"3406471A","executiveName":"Elza Lara"}}
{"timestamp":"2026-03-16T14:30:18.493Z","importId":3,"level":"WARN","message":"Linha 1100: Pontuação é 0 ou null","category":"PONTUACAO","context":{"rowNumber":1100,"points":0,"cnpj":"57608093000159","saleId":"3406469A","executiveName":"Cristiano Dafre"}}
{"timestamp":"2026-03-16T14:30:18.495Z","importId":3,"level":"WARN","message":"Linha 1101: Pontuação é 0 ou null","category":"PONTUACAO","context":{"rowNumber":1101,"points":0,"cnpj":"44247693000197","saleId":"3406528A","executiveName":"Cristiano Dafre"}}
{"timestamp":"2026-03-16T14:30:18.497Z","importId":3,"level":"WARN","message":"Linha 1102: Pontuação é 0 ou null","category":"PONTUACAO","context":{"rowNumber":1102,"points":0,"cnpj":"57608093000159","saleId":"3406468A","executiveName":"Cristiano Dafre"}}
{"timestamp":"2026-03-16T14:30:18.501Z","importId":3,"level":"WARN","message":"Linha 1103: Pontuação é 0 ou null","category":"PONTUACAO","context":{"rowNumber":1103,"points":0,"cnpj":"57608093000159","saleId":"3406466A","executiveName":"Cristiano Dafre"}}
{"timestamp":"2026-03-16T14:30:18.503Z","importId":3,"level":"WARN","message":"Linha 1104: Pontuação é 0 ou null","category":"PONTUACAO","context":{"rowNumber":1104,"points":0,"cnpj":"07709889000120","saleId":"3406465A","executiveName":"Carlos Brito"}}
{"timestamp":"2026-03-16T14:30:18.507Z","importId":3,"level":"WARN","message":"Linha 1105: Pontuação é 0 ou null","category":"PONTUACAO","context":{"rowNumber":1105,"points":0,"cnpj":"07709889000120","saleId":"3406464A","executiveName":"Carlos Brito"}}
{"timestamp":"2026-03-16T14:30:18.509Z","importId":3,"level":"WARN","message":"Linha 1106: Pontuação é 0 ou null","category":"PONTUACAO","context":{"rowNumber":1106,"points":0,"cnpj":"82524232000103","saleId":"3406461A","executiveName":"Cassia Shimabukuro"}}
{"timestamp":"2026-03-16T14:30:18.511Z","importId":3,"level":"WARN","message":"Linha 1107: Pontuação é 0 ou null","category":"PONTUACAO","context":{"rowNumber":1107,"points":0,"cnpj":"82524232000103","saleId":"3406460A","executiveName":"Cassia Shimabukuro"}}
{"timestamp":"2026-03-16T14:30:18.514Z","importId":3,"level":"WARN","message":"Linha 1108: Pontuação é 0 ou null","category":"PONTUACAO","context":{"rowNumber":1108,"points":0,"cnpj":"82524232000103","saleId":"3406459A","executiveName":"Cassia Shimabukuro"}}
{"timestamp":"2026-03-16T14:30:18.515Z","importId":3,"level":"WARN","message":"Linha 1109: Pontuação é 0 ou null","category":"PONTUACAO","context":{"rowNumber":1109,"points":0,"cnpj":"04515852000172","saleId":"3406458A","executiveName":"Gabriela Carvalho"}}
{"timestamp":"2026-03-16T14:30:18.517Z","importId":3,"level":"WARN","message":"Linha 1110: Pontuação é 0 ou null","category":"PONTUACAO","context":{"rowNumber":1110,"points":0,"cnpj":"04515852000172","saleId":"3406457A","executiveName":"Gabriela Carvalho"}}
{"timestamp":"2026-03-16T14:30:18.519Z","importId":3,"level":"WARN","message":"Linha 1111: Pontuação é 0 ou null","category":"PONTUACAO","context":{"rowNumber":1111,"points":0,"cnpj":"04515852000172","saleId":"3406437A","executiveName":"Gabriela Carvalho"}}
{"timestamp":"2026-03-16T14:30:18.521Z","importId":3,"level":"WARN","message":"Linha 1112: Pontuação é 0 ou null","category":"PONTUACAO","context":{"rowNumber":1112,"points":0,"cnpj":"27150845000110","saleId":"3406436A","executiveName":"Gabriela Carvalho"}}
{"timestamp":"2026-03-16T14:30:18.524Z","importId":3,"level":"WARN","message":"Linha 1113: Pontuação é 0 ou null","category":"PONTUACAO","context":{"rowNumber":1113,"points":0,"cnpj":"27150845000110","saleId":"3406435A","executiveName":"Gabriela Carvalho"}}
{"timestamp":"2026-03-16T14:30:18.526Z","importId":3,"level":"WARN","message":"Linha 1114: Pontuação é 0 ou null","category":"PONTUACAO","context":{"rowNumber":1114,"points":0,"cnpj":"57608093000159","saleId":"3406467A","executiveName":"Cristiano Dafre"}}
{"timestamp":"2026-03-16T14:30:18.530Z","importId":3,"level":"WARN","message":"Linha 1115: Pontuação é 0 ou null","category":"PONTUACAO","context":{"rowNumber":1115,"points":0,"cnpj":"20929210000176","saleId":"3403301A","executiveName":"Gabriela Carvalho"}}
{"timestamp":"2026-03-16T14:30:18.533Z","importId":3,"level":"WARN","message":"Linha 1116: Pontuação é 0 ou null","category":"PONTUACAO","context":{"rowNumber":1116,"points":0,"cnpj":"20929210000176","saleId":"3403300A","executiveName":"Gabriela Carvalho"}}
{"timestamp":"2026-03-16T14:30:18.703Z","importId":3,"level":"WARN","message":"Linha 1232: Pontuação é 0 ou null","category":"PONTUACAO","context":{"rowNumber":1232,"points":0,"cnpj":"02116253000150","saleId":"3403239A","executiveName":"Elza Lara"}}
{"timestamp":"2026-03-16T14:30:18.736Z","importId":3,"level":"WARN","message":"Linha 1252: Pontuação é 0 ou null","category":"PONTUACAO","context":{"rowNumber":1252,"points":0,"cnpj":"26605232000167","saleId":"3403249A","executiveName":"Ricardo Bueno"}}
{"timestamp":"2026-03-16T14:30:18.744Z","importId":3,"level":"WARN","message":"Linha 1256: Pontuação é 0 ou null","category":"PONTUACAO","context":{"rowNumber":1256,"points":0,"cnpj":"01453971000150","saleId":"3403291A","executiveName":"Claudia Dias"}}
{"timestamp":"2026-03-16T14:30:18.746Z","importId":3,"level":"WARN","message":"Linha 1257: Pontuação é 0 ou null","category":"PONTUACAO","context":{"rowNumber":1257,"points":0,"cnpj":"74538836000180","saleId":"3403290A","executiveName":"Rafaela Soares"}}
{"timestamp":"2026-03-16T14:30:18.754Z","importId":3,"level":"WARN","message":"Linha 1262: Pontuação é 0 ou null","category":"PONTUACAO","context":{"rowNumber":1262,"points":0,"cnpj":"59176995000199","saleId":"3403270A","executiveName":"Grasiele Nascimento"}}
{"timestamp":"2026-03-16T14:30:18.757Z","importId":3,"level":"WARN","message":"Linha 1264: Pontuação é 0 ou null","category":"PONTUACAO","context":{"rowNumber":1264,"points":0,"cnpj":"24869123000121","saleId":"3403268A","executiveName":"Elza Lara"}}
{"timestamp":"2026-03-16T14:30:18.763Z","importId":3,"level":"WARN","message":"Linha 1268: Pontuação é 0 ou null","category":"PONTUACAO","context":{"rowNumber":1268,"points":0,"cnpj":"28021120000194","saleId":"3403263A","executiveName":"Ricardo Morais"}}
{"timestamp":"2026-03-16T14:30:18.766Z","importId":3,"level":"WARN","message":"Linha 1269: Pontuação é 0 ou null","category":"PONTUACAO","context":{"rowNumber":1269,"points":0,"cnpj":"28021120000194","saleId":"3403262A","executiveName":"Ricardo Morais"}}
{"timestamp":"2026-03-16T14:30:18.768Z","importId":3,"level":"WARN","message":"Linha 1270: Pontuação é 0 ou null","category":"PONTUACAO","context":{"rowNumber":1270,"points":0,"cnpj":"05946137000157","saleId":"3403261A","executiveName":"Elza Lara"}}
{"timestamp":"2026-03-16T14:30:18.770Z","importId":3,"level":"WARN","message":"Linha 1271: Pontuação é 0 ou null","category":"PONTUACAO","context":{"rowNumber":1271,"points":0,"cnpj":"05946137000157","saleId":"3403260A","executiveName":"Elza Lara"}}
{"timestamp":"2026-03-16T14:30:18.773Z","importId":3,"level":"WARN","message":"Linha 1272: Pontuação é 0 ou null","category":"PONTUACAO","context":{"rowNumber":1272,"points":0,"cnpj":"05946137000157","saleId":"3403259A","executiveName":"Elza Lara"}}
{"timestamp":"2026-03-16T14:30:18.778Z","importId":3,"level":"WARN","message":"Linha 1275: Pontuação é 0 ou null","category":"PONTUACAO","context":{"rowNumber":1275,"points":0,"cnpj":"15505790000487","saleId":"3403256A","executiveName":"Carlos Brito"}}
{"timestamp":"2026-03-16T14:30:18.781Z","importId":3,"level":"WARN","message":"Linha 1276: Pontuação é 0 ou null","category":"PONTUACAO","context":{"rowNumber":1276,"points":0,"cnpj":"15505790000487","saleId":"3403255A","executiveName":"Carlos Brito"}}
{"timestamp":"2026-03-16T14:30:18.785Z","importId":3,"level":"WARN","message":"Linha 1278: Pontuação é 0 ou null","category":"PONTUACAO","context":{"rowNumber":1278,"points":0,"cnpj":"29215726000123","saleId":"3403253A","executiveName":"Ricardo Morais"}}
{"timestamp":"2026-03-16T14:30:18.938Z","importId":3,"level":"WARN","message":"Linha 1385: Pontuação é 0 ou null","category":"PONTUACAO","context":{"rowNumber":1385,"points":0,"cnpj":"20929210000176","saleId":"3402328A","executiveName":"Gabriela Carvalho"}}
{"timestamp":"2026-03-16T14:30:18.945Z","importId":3,"level":"WARN","message":"Linha 1390: Pontuação é 0 ou null","category":"PONTUACAO","context":{"rowNumber":1390,"points":0,"cnpj":"24327557000108","saleId":"3402218A","executiveName":"Leonardo Ligabo"}}
{"timestamp":"2026-03-16T14:30:18.947Z","importId":3,"level":"WARN","message":"Linha 1391: Pontuação é 0 ou null","category":"PONTUACAO","context":{"rowNumber":1391,"points":0,"cnpj":"24327557000108","saleId":"3402217A","executiveName":"Leonardo Ligabo"}}
{"timestamp":"2026-03-16T14:30:18.950Z","importId":3,"level":"WARN","message":"Linha 1393: Pontuação é 0 ou null","category":"PONTUACAO","context":{"rowNumber":1393,"points":0,"cnpj":"82482100000166","saleId":"3402215A","executiveName":"Leonardo Ligabo"}}
{"timestamp":"2026-03-16T14:30:18.953Z","importId":3,"level":"WARN","message":"Linha 1394: Pontuação é 0 ou null","category":"PONTUACAO","context":{"rowNumber":1394,"points":0,"cnpj":"82482100000166","saleId":"3402214A","executiveName":"Leonardo Ligabo"}}
{"timestamp":"2026-03-16T14:30:18.975Z","importId":3,"level":"WARN","message":"Linha 1411: Pontuação é 0 ou null","category":"PONTUACAO","context":{"rowNumber":1411,"points":0,"cnpj":"35654890000130","saleId":"3402315A","executiveName":"Luana Fagundes"}}
{"timestamp":"2026-03-16T14:30:18.977Z","importId":3,"level":"WARN","message":"Linha 1412: Pontuação é 0 ou null","category":"PONTUACAO","context":{"rowNumber":1412,"points":0,"cnpj":"15505790000487","saleId":"3402310A","executiveName":"Carlos Brito"}}
{"timestamp":"2026-03-16T14:30:18.979Z","importId":3,"level":"WARN","message":"Linha 1413: Pontuação é 0 ou null","category":"PONTUACAO","context":{"rowNumber":1413,"points":0,"cnpj":"03627804000103","saleId":"3402306A","executiveName":"Elzo Nogueira"}}
{"timestamp":"2026-03-16T14:30:18.983Z","importId":3,"level":"WARN","message":"Linha 1414: Pontuação é 0 ou null","category":"PONTUACAO","context":{"rowNumber":1414,"points":0,"cnpj":"03627804000103","saleId":"3402305A","executiveName":"Elzo Nogueira"}}
{"timestamp":"2026-03-16T14:30:18.986Z","importId":3,"level":"WARN","message":"Linha 1415: Pontuação é 0 ou null","category":"PONTUACAO","context":{"rowNumber":1415,"points":0,"cnpj":"03627804000103","saleId":"3402304A","executiveName":"Elzo Nogueira"}}
{"timestamp":"2026-03-16T14:30:18.988Z","importId":3,"level":"WARN","message":"Linha 1416: Pontuação é 0 ou null","category":"PONTUACAO","context":{"rowNumber":1416,"points":0,"cnpj":"36417780000117","saleId":"3402303A","executiveName":"Kelly Furno"}}
{"timestamp":"2026-03-16T14:30:18.990Z","importId":3,"level":"WARN","message":"Linha 1417: Pontuação é 0 ou null","category":"PONTUACAO","context":{"rowNumber":1417,"points":0,"cnpj":"36417780000117","saleId":"3402302A","executiveName":"Kelly Furno"}}
{"timestamp":"2026-03-16T14:30:18.992Z","importId":3,"level":"WARN","message":"Linha 1418: Pontuação é 0 ou null","category":"PONTUACAO","context":{"rowNumber":1418,"points":0,"cnpj":"36417780000117","saleId":"3402301A","executiveName":"Kelly Furno"}}
{"timestamp":"2026-03-16T14:30:18.994Z","importId":3,"level":"WARN","message":"Linha 1419: Pontuação é 0 ou null","category":"PONTUACAO","context":{"rowNumber":1419,"points":0,"cnpj":"36417780000117","saleId":"3402300A","executiveName":"Kelly Furno"}}
{"timestamp":"2026-03-16T14:30:18.996Z","importId":3,"level":"WARN","message":"Linha 1420: Pontuação é 0 ou null","category":"PONTUACAO","context":{"rowNumber":1420,"points":0,"cnpj":"36417780000117","saleId":"3402299A","executiveName":"Kelly Furno"}}
{"timestamp":"2026-03-16T14:30:18.998Z","importId":3,"level":"WARN","message":"Linha 1421: Pontuação é 0 ou null","category":"PONTUACAO","context":{"rowNumber":1421,"points":0,"cnpj":"36417780000117","saleId":"3402298A","executiveName":"Kelly Furno"}}
{"timestamp":"2026-03-16T14:30:19.000Z","importId":3,"level":"WARN","message":"Linha 1422: Pontuação é 0 ou null","category":"PONTUACAO","context":{"rowNumber":1422,"points":0,"cnpj":"18768404000195","saleId":"3402297A","executiveName":"Gabriela Carvalho"}}
{"timestamp":"2026-03-16T14:30:19.002Z","importId":3,"level":"WARN","message":"Linha 1423: Pontuação é 0 ou null","category":"PONTUACAO","context":{"rowNumber":1423,"points":0,"cnpj":"18768404000195","saleId":"3402296A","executiveName":"Gabriela Carvalho"}}
{"timestamp":"2026-03-16T14:30:19.004Z","importId":3,"level":"WARN","message":"Linha 1424: Pontuação é 0 ou null","category":"PONTUACAO","context":{"rowNumber":1424,"points":0,"cnpj":"21432799000165","saleId":"3402292A","executiveName":"Andreza Lubatsch"}}
{"timestamp":"2026-03-16T14:30:19.009Z","importId":3,"level":"WARN","message":"Linha 1425: Pontuação é 0 ou null","category":"PONTUACAO","context":{"rowNumber":1425,"points":0,"cnpj":"82482100000166","saleId":"3402289A","executiveName":"Leonardo Ligabo"}}
{"timestamp":"2026-03-16T14:30:19.025Z","importId":3,"level":"WARN","message":"Linha 1436: Pontuação é 0 ou null","category":"PONTUACAO","context":{"rowNumber":1436,"points":0,"cnpj":"57608093000159","saleId":"3402014A","executiveName":"Cristiano Dafre"}}
{"timestamp":"2026-03-16T14:30:19.028Z","importId":3,"level":"WARN","message":"Linha 1437: Pontuação é 0 ou null","category":"PONTUACAO","context":{"rowNumber":1437,"points":0,"cnpj":"57608093000159","saleId":"3402011A","executiveName":"Cristiano Dafre"}}
{"timestamp":"2026-03-16T14:30:19.070Z","importId":3,"level":"WARN","message":"Linha 1466: Pontuação é 0 ou null","category":"PONTUACAO","context":{"rowNumber":1466,"points":0,"cnpj":"31333453000163","saleId":"3402184A","executiveName":"Elza Lara"}}
{"timestamp":"2026-03-16T14:30:19.186Z","importId":3,"level":"WARN","message":"Linha 1549: Pontuação é 0 ou null","category":"PONTUACAO","context":{"rowNumber":1549,"points":0,"cnpj":"29588599000108","saleId":"3401470A","executiveName":"Gabriela Carvalho"}}
{"timestamp":"2026-03-16T14:30:19.188Z","importId":3,"level":"WARN","message":"Linha 1550: Pontuação é 0 ou null","category":"PONTUACAO","context":{"rowNumber":1550,"points":0,"cnpj":"34409456000121","saleId":"3401460A","executiveName":"Gabriela Carvalho"}}
{"timestamp":"2026-03-16T14:30:19.374Z","importId":3,"level":"WARN","message":"Linha 1681: Pontuação é 0 ou null","category":"PONTUACAO","context":{"rowNumber":1681,"points":0,"cnpj":"57340580000183","saleId":"3401806A","executiveName":"Marlon Wander"}}
{"timestamp":"2026-03-16T14:30:19.377Z","importId":3,"level":"WARN","message":"Linha 1682: Pontuação é 0 ou null","category":"PONTUACAO","context":{"rowNumber":1682,"points":0,"cnpj":"10880027000170","saleId":"3401803A","executiveName":"Ricardo Morais"}}
{"timestamp":"2026-03-16T14:30:19.380Z","importId":3,"level":"WARN","message":"Linha 1683: Pontuação é 0 ou null","category":"PONTUACAO","context":{"rowNumber":1683,"points":0,"cnpj":"10880027000170","saleId":"3401802A","executiveName":"Ricardo Morais"}}
{"timestamp":"2026-03-16T14:30:19.382Z","importId":3,"level":"WARN","message":"Linha 1684: Pontuação é 0 ou null","category":"PONTUACAO","context":{"rowNumber":1684,"points":0,"cnpj":"10880027000170","saleId":"3401801A","executiveName":"Ricardo Morais"}}
{"timestamp":"2026-03-16T14:30:19.435Z","importId":3,"level":"WARN","message":"Linha 1724: Pontuação é 0 ou null","category":"PONTUACAO","context":{"rowNumber":1724,"points":0,"cnpj":"04844573000152","saleId":"3402264A","executiveName":"Miguel Jenotti"}}
{"timestamp":"2026-03-16T14:30:19.447Z","importId":3,"level":"WARN","message":"Linha 1731: Pontuação é 0 ou null","category":"PONTUACAO","context":{"rowNumber":1731,"points":0,"cnpj":"00003058000199","saleId":"3402010A","executiveName":"Pasquale Neto"}}
{"timestamp":"2026-03-16T14:30:19.468Z","importId":3,"level":"WARN","message":"Linha 1744: Pontuação é 0 ou null","category":"PONTUACAO","context":{"rowNumber":1744,"points":0,"cnpj":"12416622000184","saleId":"3402293A","executiveName":"Elza Lara"}}
{"timestamp":"2026-03-16T14:30:19.471Z","importId":3,"level":"WARN","message":"Linha 1745: Pontuação é 0 ou null","category":"PONTUACAO","context":{"rowNumber":1745,"points":0,"cnpj":"06577931836","saleId":"3402291A","executiveName":"Miguel Jenotti"}}
{"timestamp":"2026-03-16T14:30:19.473Z","importId":3,"level":"WARN","message":"Linha 1746: Pontuação é 0 ou null","category":"PONTUACAO","context":{"rowNumber":1746,"points":0,"cnpj":"06577931836","saleId":"3402290A","executiveName":"Miguel Jenotti"}}
{"timestamp":"2026-03-16T14:30:19.523Z","importId":3,"level":"WARN","message":"Linha 1784: Pontuação é 0 ou null","category":"PONTUACAO","context":{"rowNumber":1784,"points":0,"cnpj":"20606282000182","saleId":"3402295A","executiveName":"Armando Soares"}}
{"timestamp":"2026-03-16T14:30:19.548Z","importId":3,"level":"WARN","message":"Linha 1801: Pontuação é 0 ou null","category":"PONTUACAO","context":{"rowNumber":1801,"points":0,"cnpj":"02116253000150","saleId":"3401604A","executiveName":"Elza Lara"}}
{"timestamp":"2026-03-16T14:30:19.561Z","importId":3,"level":"WARN","message":"Linha 1809: Pontuação é 0 ou null","category":"PONTUACAO","context":{"rowNumber":1809,"points":0,"cnpj":"29325274000132","saleId":"3402373A","executiveName":"Cristiano Dafre"}}
{"timestamp":"2026-03-16T14:30:19.563Z","importId":3,"level":"WARN","message":"Linha 1810: Pontuação é 0 ou null","category":"PONTUACAO","context":{"rowNumber":1810,"points":0,"cnpj":"29325274000132","saleId":"3402372A","executiveName":"Cristiano Dafre"}}
{"timestamp":"2026-03-16T14:30:19.569Z","importId":3,"level":"WARN","message":"Linha 1812: Pontuação é 0 ou null","category":"PONTUACAO","context":{"rowNumber":1812,"points":0,"cnpj":"29325274000132","saleId":"3402370A","executiveName":"Cristiano Dafre"}}
{"timestamp":"2026-03-16T14:30:19.570Z","importId":3,"level":"WARN","message":"Linha 1813: Pontuação é 0 ou null","category":"PONTUACAO","context":{"rowNumber":1813,"points":0,"cnpj":"29325274000132","saleId":"3402369A","executiveName":"Cristiano Dafre"}}
{"timestamp":"2026-03-16T14:30:19.593Z","importId":3,"level":"WARN","message":"Linha 1831: Pontuação é 0 ou null","category":"PONTUACAO","context":{"rowNumber":1831,"points":0,"cnpj":"20890330000107","saleId":"3401615A","executiveName":"Ricardo Morais"}}
{"timestamp":"2026-03-16T14:30:19.596Z","importId":3,"level":"WARN","message":"Linha 1832: Pontuação é 0 ou null","category":"PONTUACAO","context":{"rowNumber":1832,"points":0,"cnpj":"20890330000107","saleId":"3401614A","executiveName":"Ricardo Morais"}}
{"timestamp":"2026-03-16T14:30:19.599Z","importId":3,"level":"WARN","message":"Linha 1834: Pontuação é 0 ou null","category":"PONTUACAO","context":{"rowNumber":1834,"points":0,"cnpj":"20890330000107","saleId":"3401613A","executiveName":"Ricardo Morais"}}
{"timestamp":"2026-03-16T14:30:19.603Z","importId":3,"level":"WARN","message":"Linha 1835: Pontuação é 0 ou null","category":"PONTUACAO","context":{"rowNumber":1835,"points":0,"cnpj":"57608093000159","saleId":"3401603A","executiveName":"Cristiano Dafre"}}
{"timestamp":"2026-03-16T14:30:19.607Z","importId":3,"level":"WARN","message":"Linha 1836: Pontuação é 0 ou null","category":"PONTUACAO","context":{"rowNumber":1836,"points":0,"cnpj":"57608093000159","saleId":"3401602A","executiveName":"Cristiano Dafre"}}
{"timestamp":"2026-03-16T14:30:19.612Z","importId":3,"level":"WARN","message":"Linha 1840: Pontuação é 0 ou null","category":"PONTUACAO","context":{"rowNumber":1840,"points":0,"cnpj":"28209105000174","saleId":"3401188A","executiveName":"Ronaldo Coelho"}}
{"timestamp":"2026-03-16T14:30:19.614Z","importId":3,"level":"WARN","message":"Linha 1841: Pontuação é 0 ou null","category":"PONTUACAO","context":{"rowNumber":1841,"points":0,"cnpj":"28209105000174","saleId":"3401187A","executiveName":"Ronaldo Coelho"}}
{"timestamp":"2026-03-16T14:30:19.619Z","importId":3,"level":"WARN","message":"Linha 1844: Pontuação é 0 ou null","category":"PONTUACAO","context":{"rowNumber":1844,"points":0,"cnpj":"20890330000107","saleId":"3401612A","executiveName":"Ricardo Morais"}}
{"timestamp":"2026-03-16T14:30:19.636Z","importId":3,"level":"WARN","message":"Linha 1854: Pontuação é 0 ou null","category":"PONTUACAO","context":{"rowNumber":1854,"points":0,"cnpj":"26203213000104","saleId":"3401453A","executiveName":"Roberto Garbin"}}
{"timestamp":"2026-03-16T14:30:19.640Z","importId":3,"level":"WARN","message":"Linha 1855: Pontuação é 0 ou null","category":"PONTUACAO","context":{"rowNumber":1855,"points":0,"cnpj":"26203213000104","saleId":"3401452A","executiveName":"Roberto Garbin"}}
{"timestamp":"2026-03-16T14:30:19.641Z","importId":3,"level":"WARN","message":"Linha 1856: Pontuação é 0 ou null","category":"PONTUACAO","context":{"rowNumber":1856,"points":0,"cnpj":"26203213000104","saleId":"3401186A","executiveName":"Roberto Garbin"}}
{"timestamp":"2026-03-16T14:30:19.645Z","importId":3,"level":"WARN","message":"Linha 1857: Pontuação é 0 ou null","category":"PONTUACAO","context":{"rowNumber":1857,"points":0,"cnpj":"11503816000154","saleId":"3401618A","executiveName":"Marlon Wander"}}
{"timestamp":"2026-03-16T14:30:19.647Z","importId":3,"level":"WARN","message":"Linha 1858: Pontuação é 0 ou null","category":"PONTUACAO","context":{"rowNumber":1858,"points":0,"cnpj":"11503816000154","saleId":"3401617A","executiveName":"Marlon Wander"}}
{"timestamp":"2026-03-16T14:30:19.677Z","importId":3,"level":"WARN","message":"Linha 1878: Pontuação é 0 ou null","category":"PONTUACAO","context":{"rowNumber":1878,"points":0,"cnpj":"27380065000166","saleId":"3401454A","executiveName":"Ricardo Morais"}}
{"timestamp":"2026-03-16T14:30:19.683Z","importId":3,"level":"WARN","message":"Linha 1883: Pontuação é 0 ou null","category":"PONTUACAO","context":{"rowNumber":1883,"points":0,"cnpj":"28141936000151","saleId":"3402379A","executiveName":"Karla Reis"}}
{"timestamp":"2026-03-16T14:30:19.686Z","importId":3,"level":"WARN","message":"Linha 1884: Pontuação é 0 ou null","category":"PONTUACAO","context":{"rowNumber":1884,"points":0,"cnpj":"28141936000151","saleId":"3402377A","executiveName":"Karla Reis"}}
{"timestamp":"2026-03-16T14:30:19.691Z","importId":3,"level":"WARN","message":"Linha 1885: Pontuação é 0 ou null","category":"PONTUACAO","context":{"rowNumber":1885,"points":0,"cnpj":"28141936000151","saleId":"3402376A","executiveName":"Karla Reis"}}
{"timestamp":"2026-03-16T14:30:19.696Z","importId":3,"level":"WARN","message":"Linha 1890: Pontuação é 0 ou null","category":"PONTUACAO","context":{"rowNumber":1890,"points":0,"cnpj":"28141936000151","saleId":"3401813A","executiveName":"Karla Reis"}}
{"timestamp":"2026-03-16T14:30:19.702Z","importId":3,"level":"WARN","message":"Linha 1893: Pontuação é 0 ou null","category":"PONTUACAO","context":{"rowNumber":1893,"points":0,"cnpj":"28141936000151","saleId":"3402378A","executiveName":"Karla Reis"}}
{"timestamp":"2026-03-16T14:30:19.716Z","importId":3,"level":"WARN","message":"Linha 1902: Pontuação é 0 ou null","category":"PONTUACAO","context":{"rowNumber":1902,"points":0,"cnpj":"57608093000159","saleId":"3402013A","executiveName":"Cristiano Dafre"}}
{"timestamp":"2026-03-16T14:30:19.718Z","importId":3,"level":"WARN","message":"Linha 1903: Pontuação é 0 ou null","category":"PONTUACAO","context":{"rowNumber":1903,"points":0,"cnpj":"57608093000159","saleId":"3402012A","executiveName":"Cristiano Dafre"}}
{"timestamp":"2026-03-16T14:30:19.724Z","importId":3,"level":"WARN","message":"Linha 1906: Pontuação é 0 ou null","category":"PONTUACAO","context":{"rowNumber":1906,"points":0,"cnpj":"24030446000127","saleId":"3402308A","executiveName":"Ricardo Bueno"}}
{"timestamp":"2026-03-16T14:30:19.812Z","importId":3,"level":"WARN","message":"Linha 1971: Pontuação é 0 ou null","category":"PONTUACAO","context":{"rowNumber":1971,"points":0,"cnpj":"12627877000196","saleId":"3402343A","executiveName":"Karla Reis"}}
{"timestamp":"2026-03-16T14:30:19.814Z","importId":3,"level":"WARN","message":"Linha 1972: Pontuação é 0 ou null","category":"PONTUACAO","context":{"rowNumber":1972,"points":0,"cnpj":"12627877000196","saleId":"3402342A","executiveName":"Karla Reis"}}
{"timestamp":"2026-03-16T14:30:19.817Z","importId":3,"level":"WARN","message":"Linha 1973: Pontuação é 0 ou null","category":"PONTUACAO","context":{"rowNumber":1973,"points":0,"cnpj":"12627877000196","saleId":"3402341A","executiveName":"Karla Reis"}}
{"timestamp":"2026-03-16T14:30:19.819Z","importId":3,"level":"WARN","message":"Linha 1974: Pontuação é 0 ou null","category":"PONTUACAO","context":{"rowNumber":1974,"points":0,"cnpj":"12627877000196","saleId":"3402340A","executiveName":"Karla Reis"}}
{"timestamp":"2026-03-16T14:30:19.824Z","importId":3,"level":"WARN","message":"Linha 1975: Pontuação é 0 ou null","category":"PONTUACAO","context":{"rowNumber":1975,"points":0,"cnpj":"12627877000196","saleId":"3402339A","executiveName":"Karla Reis"}}
{"timestamp":"2026-03-16T14:30:19.826Z","importId":3,"level":"WARN","message":"Linha 1976: Pontuação é 0 ou null","category":"PONTUACAO","context":{"rowNumber":1976,"points":0,"cnpj":"12627877000196","saleId":"3402338A","executiveName":"Karla Reis"}}
{"timestamp":"2026-03-16T14:30:19.828Z","importId":3,"level":"WARN","message":"Linha 1977: Pontuação é 0 ou null","category":"PONTUACAO","context":{"rowNumber":1977,"points":0,"cnpj":"12627877000196","saleId":"3402337A","executiveName":"Karla Reis"}}
{"timestamp":"2026-03-16T14:30:19.829Z","importId":3,"level":"WARN","message":"Linha 1978: Pontuação é 0 ou null","category":"PONTUACAO","context":{"rowNumber":1978,"points":0,"cnpj":"12627877000196","saleId":"3402336A","executiveName":"Karla Reis"}}
{"timestamp":"2026-03-16T14:30:19.831Z","importId":3,"level":"WARN","message":"Linha 1979: Pontuação é 0 ou null","category":"PONTUACAO","context":{"rowNumber":1979,"points":0,"cnpj":"12627877000196","saleId":"3402335A","executiveName":"Karla Reis"}}
{"timestamp":"2026-03-16T14:30:19.832Z","importId":3,"level":"WARN","message":"Linha 1980: Pontuação é 0 ou null","category":"PONTUACAO","context":{"rowNumber":1980,"points":0,"cnpj":"12627877000196","saleId":"3402344A","executiveName":"Karla Reis"}}
{"timestamp":"2026-03-16T14:30:19.835Z","importId":3,"level":"WARN","message":"Linha 1981: Pontuação é 0 ou null","category":"PONTUACAO","context":{"rowNumber":1981,"points":0,"cnpj":"12627877000196","saleId":"3402334A","executiveName":"Karla Reis"}}
{"timestamp":"2026-03-16T14:30:19.837Z","importId":3,"level":"WARN","message":"Linha 1982: Pontuação é 0 ou null","category":"PONTUACAO","context":{"rowNumber":1982,"points":0,"cnpj":"12627877000196","saleId":"3402332A","executiveName":"Karla Reis"}}
{"timestamp":"2026-03-16T14:30:19.839Z","importId":3,"level":"WARN","message":"Linha 1983: Pontuação é 0 ou null","category":"PONTUACAO","context":{"rowNumber":1983,"points":0,"cnpj":"12627877000196","saleId":"3402331A","executiveName":"Karla Reis"}}
{"timestamp":"2026-03-16T14:30:19.841Z","importId":3,"level":"WARN","message":"Linha 1984: Pontuação é 0 ou null","category":"PONTUACAO","context":{"rowNumber":1984,"points":0,"cnpj":"12627877000196","saleId":"3402330A","executiveName":"Karla Reis"}}
{"timestamp":"2026-03-16T14:30:19.845Z","importId":3,"level":"WARN","message":"Linha 1985: Pontuação é 0 ou null","category":"PONTUACAO","context":{"rowNumber":1985,"points":0,"cnpj":"12627877000196","saleId":"3402329A","executiveName":"Karla Reis"}}
{"timestamp":"2026-03-16T14:30:19.847Z","importId":3,"level":"WARN","message":"Linha 1986: Pontuação é 0 ou null","category":"PONTUACAO","context":{"rowNumber":1986,"points":0,"cnpj":"18134620000189","saleId":"3402318A","executiveName":"Karla Reis"}}
{"timestamp":"2026-03-16T14:30:19.856Z","importId":3,"level":"WARN","message":"Linha 1991: Pontuação é 0 ou null","category":"PONTUACAO","context":{"rowNumber":1991,"points":0,"cnpj":"12627877000196","saleId":"3402333A","executiveName":"Karla Reis"}}
{"timestamp":"2026-03-16T14:30:19.870Z","importId":3,"level":"WARN","message":"Linha 2002: Pontuação é 0 ou null","category":"PONTUACAO","context":{"rowNumber":2002,"points":0,"cnpj":"21432799000165","saleId":"3402411A","executiveName":"Andreza Lubatsch"}}
{"timestamp":"2026-03-16T14:30:19.878Z","importId":3,"level":"WARN","message":"Linha 2006: Pontuação é 0 ou null","category":"PONTUACAO","context":{"rowNumber":2006,"points":0,"cnpj":"21432799000165","saleId":"3402395A","executiveName":"Andreza Lubatsch"}}
{"timestamp":"2026-03-16T14:30:21.111Z","importId":3,"level":"WARN","message":"Linha 3002: Pontuação é 0 ou null","category":"PONTUACAO","context":{"rowNumber":3002,"points":0,"cnpj":"15117936000689","saleId":"3419133A","executiveName":"Ronaldo Coelho"}}
{"timestamp":"2026-03-16T14:30:21.113Z","importId":3,"level":"WARN","message":"Linha 3003: Pontuação é 0 ou null","category":"PONTUACAO","context":{"rowNumber":3003,"points":0,"cnpj":"59316984000167","saleId":"3419113A","executiveName":"Marlon Wander"}}
{"timestamp":"2026-03-16T14:30:21.121Z","importId":3,"level":"WARN","message":"Linha 3006: Pontuação é 0 ou null","category":"PONTUACAO","context":{"rowNumber":3006,"points":0,"cnpj":"65549586000193","saleId":"3418914A","executiveName":"Cristiano Dafre"}}
{"timestamp":"2026-03-16T14:30:21.123Z","importId":3,"level":"WARN","message":"Linha 3007: Pontuação é 0 ou null","category":"PONTUACAO","context":{"rowNumber":3007,"points":0,"cnpj":"05488469000135","saleId":"3418184A","executiveName":"Claudia Dias"}}
{"timestamp":"2026-03-16T14:30:21.126Z","importId":3,"level":"WARN","message":"Linha 3008: Pontuação é 0 ou null","category":"PONTUACAO","context":{"rowNumber":3008,"points":0,"cnpj":"65549586000193","saleId":"3416149A","executiveName":"Cristiano Dafre"}}
{"timestamp":"2026-03-16T14:30:21.129Z","importId":3,"level":"WARN","message":"Linha 3011: Pontuação é 0 ou null","category":"PONTUACAO","context":{"rowNumber":3011,"points":0,"cnpj":"32351158000100","saleId":"3411637A","executiveName":"Roberto Garbin"}}
{"timestamp":"2026-03-16T14:30:21.133Z","importId":3,"level":"WARN","message":"Linha 3013: Pontuação é 0 ou null","category":"PONTUACAO","context":{"rowNumber":3013,"points":0,"cnpj":"24030446000127","saleId":"3410581A","executiveName":"Ricardo Bueno"}}
{"timestamp":"2026-03-16T14:30:21.135Z","importId":3,"level":"WARN","message":"Linha 3014: Pontuação é 0 ou null","category":"PONTUACAO","context":{"rowNumber":3014,"points":0,"cnpj":"60592628000155","saleId":"3410436A","executiveName":"Maira Vallim"}}
{"timestamp":"2026-03-16T14:30:21.140Z","importId":3,"level":"WARN","message":"Linha 3015: Pontuação é 0 ou null","category":"PONTUACAO","context":{"rowNumber":3015,"points":0,"cnpj":"46257674000177","saleId":"3410430A","executiveName":"Marlon Wander"}}
{"timestamp":"2026-03-16T14:30:21.143Z","importId":3,"level":"WARN","message":"Linha 3016: Pontuação é 0 ou null","category":"PONTUACAO","context":{"rowNumber":3016,"points":0,"cnpj":"28845497000168","saleId":"3410428A","executiveName":"Karla Reis"}}
{"timestamp":"2026-03-16T14:30:21.144Z","importId":3,"level":"WARN","message":"Linha 3017: Pontuação é 0 ou null","category":"PONTUACAO","context":{"rowNumber":3017,"points":0,"cnpj":"38097927000164","saleId":"3410422A","executiveName":"Carlos Barbassa"}}
{"timestamp":"2026-03-16T14:30:21.147Z","importId":3,"level":"WARN","message":"Linha 3018: Pontuação é 0 ou null","category":"PONTUACAO","context":{"rowNumber":3018,"points":0,"cnpj":"38097927000164","saleId":"3410421A","executiveName":"Carlos Barbassa"}}
{"timestamp":"2026-03-16T14:30:21.148Z","importId":3,"level":"WARN","message":"Linha 3019: Pontuação é 0 ou null","category":"PONTUACAO","context":{"rowNumber":3019,"points":0,"cnpj":"19851484000100","saleId":"3410400A","executiveName":"Carlos Brito"}}
{"timestamp":"2026-03-16T14:30:21.152Z","importId":3,"level":"WARN","message":"Linha 3021: Pontuação é 0 ou null","category":"PONTUACAO","context":{"rowNumber":3021,"points":0,"cnpj":"65549586000193","saleId":"3410379A","executiveName":"Cristiano Dafre"}}
{"timestamp":"2026-03-16T14:30:21.194Z","importId":3,"level":"WARN","message":"Linha 3053: Pontuação é 0 ou null","category":"PONTUACAO","context":{"rowNumber":3053,"points":0,"cnpj":"03173094000199","saleId":"3410378A","executiveName":"Gabriela Carvalho"}}
{"timestamp":"2026-03-16T14:30:21.197Z","importId":3,"level":"WARN","message":"Linha 3054: Pontuação é 0 ou null","category":"PONTUACAO","context":{"rowNumber":3054,"points":0,"cnpj":"57608093000159","saleId":"3410356A","executiveName":"Cristiano Dafre"}}
{"timestamp":"2026-03-16T14:30:21.223Z","importId":3,"level":"WARN","message":"Linha 3074: Pontuação é 0 ou null","category":"PONTUACAO","context":{"rowNumber":3074,"points":0,"cnpj":"03627804000103","saleId":"3406571A","executiveName":"Elzo Nogueira"}}
{"timestamp":"2026-03-16T14:30:21.226Z","importId":3,"level":"WARN","message":"Linha 3075: Pontuação é 0 ou null","category":"PONTUACAO","context":{"rowNumber":3075,"points":0,"cnpj":"03627804000103","saleId":"3406570A","executiveName":"Elzo Nogueira"}}
{"timestamp":"2026-03-16T14:30:21.229Z","importId":3,"level":"WARN","message":"Linha 3076: Pontuação é 0 ou null","category":"PONTUACAO","context":{"rowNumber":3076,"points":0,"cnpj":"61086401000109","saleId":"3406551A","executiveName":"Pasquale Neto"}}
{"timestamp":"2026-03-16T14:30:21.231Z","importId":3,"level":"WARN","message":"Linha 3077: Pontuação é 0 ou null","category":"PONTUACAO","context":{"rowNumber":3077,"points":0,"cnpj":"07389466000170","saleId":"3406550A","executiveName":"Armando Soares"}}
{"timestamp":"2026-03-16T14:30:21.235Z","importId":3,"level":"WARN","message":"Linha 3079: Pontuação é 0 ou null","category":"PONTUACAO","context":{"rowNumber":3079,"points":0,"cnpj":"03329746000131","saleId":"3406547A","executiveName":"Luana Fagundes"}}
{"timestamp":"2026-03-16T14:30:21.237Z","importId":3,"level":"WARN","message":"Linha 3080: Pontuação é 0 ou null","category":"PONTUACAO","context":{"rowNumber":3080,"points":0,"cnpj":"55897421000159","saleId":"3406545A","executiveName":"Carlos Barbassa"}}
{"timestamp":"2026-03-16T14:30:21.239Z","importId":3,"level":"WARN","message":"Linha 3081: Pontuação é 0 ou null","category":"PONTUACAO","context":{"rowNumber":3081,"points":0,"cnpj":"55897421000159","saleId":"3406544A","executiveName":"Carlos Barbassa"}}
{"timestamp":"2026-03-16T14:30:21.241Z","importId":3,"level":"WARN","message":"Linha 3083: Pontuação é 0 ou null","category":"PONTUACAO","context":{"rowNumber":3083,"points":0,"cnpj":"57608093000159","saleId":"3410357A","executiveName":"Cristiano Dafre"}}
{"timestamp":"2026-03-16T14:30:21.248Z","importId":3,"level":"WARN","message":"Linha 3086: Pontuação é 0 ou null","category":"PONTUACAO","context":{"rowNumber":3086,"points":0,"cnpj":"55915565000190","saleId":"3410353A","executiveName":"Pasquale Neto"}}
{"timestamp":"2026-03-16T14:30:21.250Z","importId":3,"level":"WARN","message":"Linha 3087: Pontuação é 0 ou null","category":"PONTUACAO","context":{"rowNumber":3087,"points":0,"cnpj":"05488469000135","saleId":"3410331A","executiveName":"Claudia Dias"}}
{"timestamp":"2026-03-16T14:30:21.252Z","importId":3,"level":"WARN","message":"Linha 3088: Pontuação é 0 ou null","category":"PONTUACAO","context":{"rowNumber":3088,"points":0,"cnpj":"15117936000506","saleId":"3410301A","executiveName":"Ronaldo Coelho"}}
{"timestamp":"2026-03-16T14:30:21.254Z","importId":3,"level":"WARN","message":"Linha 3089: Pontuação é 0 ou null","category":"PONTUACAO","context":{"rowNumber":3089,"points":0,"cnpj":"26553740000149","saleId":"3410300A","executiveName":"Ricardo Morais"}}
{"timestamp":"2026-03-16T14:30:21.256Z","importId":3,"level":"WARN","message":"Linha 3090: Pontuação é 0 ou null","category":"PONTUACAO","context":{"rowNumber":3090,"points":0,"cnpj":"16500996000134","saleId":"3410042A","executiveName":"Miguel Jenotti"}}
{"timestamp":"2026-03-16T14:30:21.258Z","importId":3,"level":"WARN","message":"Linha 3091: Pontuação é 0 ou null","category":"PONTUACAO","context":{"rowNumber":3091,"points":0,"cnpj":"00277514000199","saleId":"3409969A","executiveName":"Ricardo Bueno"}}
{"timestamp":"2026-03-16T14:30:21.260Z","importId":3,"level":"WARN","message":"Linha 3092: Pontuação é 0 ou null","category":"PONTUACAO","context":{"rowNumber":3092,"points":0,"cnpj":"11820109000191","saleId":"3409874A","executiveName":"Soraya Romano"}}
{"timestamp":"2026-03-16T14:30:21.265Z","importId":3,"level":"WARN","message":"Linha 3095: Pontuação é 0 ou null","category":"PONTUACAO","context":{"rowNumber":3095,"points":0,"cnpj":"58423229000119","saleId":"3409706A","executiveName":"Miguel Jenotti"}}
{"timestamp":"2026-03-16T14:30:21.267Z","importId":3,"level":"WARN","message":"Linha 3096: Pontuação é 0 ou null","category":"PONTUACAO","context":{"rowNumber":3096,"points":0,"cnpj":"01004367000146","saleId":"3409675A","executiveName":"Marlon Wander"}}
{"timestamp":"2026-03-16T14:30:21.272Z","importId":3,"level":"WARN","message":"Linha 3098: Pontuação é 0 ou null","category":"PONTUACAO","context":{"rowNumber":3098,"points":0,"cnpj":"42568415000106","saleId":"3407527A","executiveName":"Walter Junior"}}
{"timestamp":"2026-03-16T14:30:21.276Z","importId":3,"level":"WARN","message":"Linha 3101: Pontuação é 0 ou null","category":"PONTUACAO","context":{"rowNumber":3101,"points":0,"cnpj":"08624247000190","saleId":"3407119A","executiveName":"Carlos Barbassa"}}
{"timestamp":"2026-03-16T14:30:21.278Z","importId":3,"level":"WARN","message":"Linha 3102: Pontuação é 0 ou null","category":"PONTUACAO","context":{"rowNumber":3102,"points":0,"cnpj":"23943727000108","saleId":"3407113A","executiveName":"Ricardo Bueno"}}
{"timestamp":"2026-03-16T14:30:21.283Z","importId":3,"level":"WARN","message":"Linha 3104: Pontuação é 0 ou null","category":"PONTUACAO","context":{"rowNumber":3104,"points":0,"cnpj":"47643030000180","saleId":"3407019A","executiveName":"Leonardo Ligabo"}}
{"timestamp":"2026-03-16T14:30:21.285Z","importId":3,"level":"WARN","message":"Linha 3105: Pontuação é 0 ou null","category":"PONTUACAO","context":{"rowNumber":3105,"points":0,"cnpj":"59875039000103","saleId":"3406988A","executiveName":"Carlos Barbassa"}}
{"timestamp":"2026-03-16T14:30:21.447Z","importId":3,"level":"WARN","message":"Linha 3223: Pontuação é 0 ou null","category":"PONTUACAO","context":{"rowNumber":3223,"points":0,"cnpj":"47643030000180","saleId":"3406539A","executiveName":"Leonardo Ligabo"}}
{"timestamp":"2026-03-16T14:30:21.468Z","importId":3,"level":"WARN","message":"Linha 3239: Pontuação é 0 ou null","category":"PONTUACAO","context":{"rowNumber":3239,"points":0,"cnpj":"47643030000180","saleId":"3406538A","executiveName":"Leonardo Ligabo"}}
{"timestamp":"2026-03-16T14:30:21.470Z","importId":3,"level":"WARN","message":"Linha 3240: Pontuação é 0 ou null","category":"PONTUACAO","context":{"rowNumber":3240,"points":0,"cnpj":"16500996000134","saleId":"3406533A","executiveName":"Miguel Jenotti"}}
{"timestamp":"2026-03-16T14:30:21.637Z","importId":3,"level":"WARN","message":"Linha 3368: Pontuação é 0 ou null","category":"PONTUACAO","context":{"rowNumber":3368,"points":0,"cnpj":"54235752000160","saleId":"3406326A","executiveName":"Elza Lara"}}
{"timestamp":"2026-03-16T14:30:21.640Z","importId":3,"level":"WARN","message":"Linha 3369: Pontuação é 0 ou null","category":"PONTUACAO","context":{"rowNumber":3369,"points":0,"cnpj":"54235752000160","saleId":"3406325A","executiveName":"Elza Lara"}}
{"timestamp":"2026-03-16T14:30:21.644Z","importId":3,"level":"WARN","message":"Linha 3370: Pontuação é 0 ou null","category":"PONTUACAO","context":{"rowNumber":3370,"points":0,"cnpj":"19201148747","saleId":"3406324A","executiveName":"Elza Lara"}}
{"timestamp":"2026-03-16T14:30:21.646Z","importId":3,"level":"WARN","message":"Linha 3371: Pontuação é 0 ou null","category":"PONTUACAO","context":{"rowNumber":3371,"points":0,"cnpj":"27375346000120","saleId":"3406320A","executiveName":"Claudia Dias"}}
{"timestamp":"2026-03-16T14:30:21.650Z","importId":3,"level":"WARN","message":"Linha 3372: Pontuação é 0 ou null","category":"PONTUACAO","context":{"rowNumber":3372,"points":0,"cnpj":"43398083000121","saleId":"3406319A","executiveName":"Karla Reis"}}
{"timestamp":"2026-03-16T14:30:21.654Z","importId":3,"level":"WARN","message":"Linha 3373: Pontuação é 0 ou null","category":"PONTUACAO","context":{"rowNumber":3373,"points":0,"cnpj":"13054013000195","saleId":"3406318A","executiveName":"Elza Lara"}}
{"timestamp":"2026-03-16T14:30:21.657Z","importId":3,"level":"WARN","message":"Linha 3374: Pontuação é 0 ou null","category":"PONTUACAO","context":{"rowNumber":3374,"points":0,"cnpj":"43304326000115","saleId":"3406315A","executiveName":"Ricardo Bueno"}}
{"timestamp":"2026-03-16T14:30:21.659Z","importId":3,"level":"WARN","message":"Linha 3375: Pontuação é 0 ou null","category":"PONTUACAO","context":{"rowNumber":3375,"points":0,"cnpj":"21432799000165","saleId":"3406307A","executiveName":"Andreza Lubatsch"}}
{"timestamp":"2026-03-16T14:30:21.671Z","importId":3,"level":"WARN","message":"Linha 3382: Pontuação é 0 ou null","category":"PONTUACAO","context":{"rowNumber":3382,"points":0,"cnpj":"82524232000103","saleId":"3406162A","executiveName":"Cassia Shimabukuro"}}
{"timestamp":"2026-03-16T14:30:21.672Z","importId":3,"level":"WARN","message":"Linha 3383: Pontuação é 0 ou null","category":"PONTUACAO","context":{"rowNumber":3383,"points":0,"cnpj":"82524232000103","saleId":"3406161A","executiveName":"Cassia Shimabukuro"}}
{"timestamp":"2026-03-16T14:30:21.675Z","importId":3,"level":"WARN","message":"Linha 3384: Pontuação é 0 ou null","category":"PONTUACAO","context":{"rowNumber":3384,"points":0,"cnpj":"82524232000103","saleId":"3406160A","executiveName":"Cassia Shimabukuro"}}
{"timestamp":"2026-03-16T14:30:21.679Z","importId":3,"level":"WARN","message":"Linha 3385: Pontuação é 0 ou null","category":"PONTUACAO","context":{"rowNumber":3385,"points":0,"cnpj":"82524232000103","saleId":"3406159A","executiveName":"Cassia Shimabukuro"}}
{"timestamp":"2026-03-16T14:30:21.692Z","importId":3,"level":"WARN","message":"Linha 3393: Pontuação é 0 ou null","category":"PONTUACAO","context":{"rowNumber":3393,"points":0,"cnpj":"18096686000121","saleId":"3406151A","executiveName":"Pasquale Neto"}}
{"timestamp":"2026-03-16T14:30:21.696Z","importId":3,"level":"WARN","message":"Linha 3395: Pontuação é 0 ou null","category":"PONTUACAO","context":{"rowNumber":3395,"points":0,"cnpj":"18096686000121","saleId":"3406150A","executiveName":"Pasquale Neto"}}
{"timestamp":"2026-03-16T14:30:21.709Z","importId":3,"level":"WARN","message":"Linha 3401: Pontuação é 0 ou null","category":"PONTUACAO","context":{"rowNumber":3401,"points":0,"cnpj":"05946137000157","saleId":"3406525A","executiveName":"Elza Lara"}}
{"timestamp":"2026-03-16T14:30:21.711Z","importId":3,"level":"WARN","message":"Linha 3402: Pontuação é 0 ou null","category":"PONTUACAO","context":{"rowNumber":3402,"points":0,"cnpj":"15505790000487","saleId":"3406523A","executiveName":"Carlos Brito"}}
{"timestamp":"2026-03-16T14:30:21.712Z","importId":3,"level":"WARN","message":"Linha 3403: Pontuação é 0 ou null","category":"PONTUACAO","context":{"rowNumber":3403,"points":0,"cnpj":"15505790000487","saleId":"3406522A","executiveName":"Carlos Brito"}}
{"timestamp":"2026-03-16T14:30:21.715Z","importId":3,"level":"WARN","message":"Linha 3404: Pontuação é 0 ou null","category":"PONTUACAO","context":{"rowNumber":3404,"points":0,"cnpj":"15505790000487","saleId":"3406521A","executiveName":"Carlos Brito"}}
{"timestamp":"2026-03-16T14:30:21.719Z","importId":3,"level":"WARN","message":"Linha 3405: Pontuação é 0 ou null","category":"PONTUACAO","context":{"rowNumber":3405,"points":0,"cnpj":"15505790000487","saleId":"3406520A","executiveName":"Carlos Brito"}}
{"timestamp":"2026-03-16T14:30:21.722Z","importId":3,"level":"WARN","message":"Linha 3407: Pontuação é 0 ou null","category":"PONTUACAO","context":{"rowNumber":3407,"points":0,"cnpj":"20536275000151","saleId":"3406516A","executiveName":"Elza Lara"}}
{"timestamp":"2026-03-16T14:30:21.724Z","importId":3,"level":"WARN","message":"Linha 3408: Pontuação é 0 ou null","category":"PONTUACAO","context":{"rowNumber":3408,"points":0,"cnpj":"22764661000126","saleId":"3406514A","executiveName":"Marlon Wander"}}
{"timestamp":"2026-03-16T14:30:21.727Z","importId":3,"level":"WARN","message":"Linha 3409: Pontuação é 0 ou null","category":"PONTUACAO","context":{"rowNumber":3409,"points":0,"cnpj":"22764661000126","saleId":"3406513A","executiveName":"Marlon Wander"}}
{"timestamp":"2026-03-16T14:30:21.729Z","importId":3,"level":"WARN","message":"Linha 3410: Pontuação é 0 ou null","category":"PONTUACAO","context":{"rowNumber":3410,"points":0,"cnpj":"22764661000126","saleId":"3406512A","executiveName":"Marlon Wander"}}
{"timestamp":"2026-03-16T14:30:21.730Z","importId":3,"level":"WARN","message":"Linha 3411: Pontuação é 0 ou null","category":"PONTUACAO","context":{"rowNumber":3411,"points":0,"cnpj":"22764661000126","saleId":"3406511A","executiveName":"Marlon Wander"}}
{"timestamp":"2026-03-16T14:30:21.735Z","importId":3,"level":"WARN","message":"Linha 3414: Pontuação é 0 ou null","category":"PONTUACAO","context":{"rowNumber":3414,"points":0,"cnpj":"66021825000109","saleId":"3406499A","executiveName":"Rafaela Soares"}}
{"timestamp":"2026-03-16T14:30:21.741Z","importId":3,"level":"WARN","message":"Linha 3415: Pontuação é 0 ou null","category":"PONTUACAO","context":{"rowNumber":3415,"points":0,"cnpj":"06698980000124","saleId":"3406485A","executiveName":"Cristiano Dafre"}}
{"timestamp":"2026-03-16T14:30:21.744Z","importId":3,"level":"WARN","message":"Linha 3416: Pontuação é 0 ou null","category":"PONTUACAO","context":{"rowNumber":3416,"points":0,"cnpj":"06698980000124","saleId":"3406484A","executiveName":"Cristiano Dafre"}}
{"timestamp":"2026-03-16T14:30:21.745Z","importId":3,"level":"WARN","message":"Linha 3417: Pontuação é 0 ou null","category":"PONTUACAO","context":{"rowNumber":3417,"points":0,"cnpj":"79379491000183","saleId":"3406474A","executiveName":"Marlon Wander"}}
{"timestamp":"2026-03-16T14:30:21.748Z","importId":3,"level":"WARN","message":"Linha 3418: Pontuação é 0 ou null","category":"PONTUACAO","context":{"rowNumber":3418,"points":0,"cnpj":"00931729000181","saleId":"3406473A","executiveName":"Rafaela Soares"}}
{"timestamp":"2026-03-16T14:30:21.750Z","importId":3,"level":"WARN","message":"Linha 3419: Pontuação é 0 ou null","category":"PONTUACAO","context":{"rowNumber":3419,"points":0,"cnpj":"00931729000181","saleId":"3406472A","executiveName":"Rafaela Soares"}}
{"timestamp":"2026-03-16T14:30:21.751Z","importId":3,"level":"WARN","message":"Linha 3420: Pontuação é 0 ou null","category":"PONTUACAO","context":{"rowNumber":3420,"points":0,"cnpj":"03329746000131","saleId":"3406463A","executiveName":"Luana Fagundes"}}
{"timestamp":"2026-03-16T14:30:21.755Z","importId":3,"level":"WARN","message":"Linha 3421: Pontuação é 0 ou null","category":"PONTUACAO","context":{"rowNumber":3421,"points":0,"cnpj":"54916514000110","saleId":"3406462A","executiveName":"Marlon Wander"}}
{"timestamp":"2026-03-16T14:30:21.766Z","importId":3,"level":"WARN","message":"Linha 3426: Pontuação é 0 ou null","category":"PONTUACAO","context":{"rowNumber":3426,"points":0,"cnpj":"18096686000121","saleId":"3406149A","executiveName":"Pasquale Neto"}}
{"timestamp":"2026-03-16T14:30:21.767Z","importId":3,"level":"WARN","message":"Linha 3427: Pontuação é 0 ou null","category":"PONTUACAO","context":{"rowNumber":3427,"points":0,"cnpj":"18096686000121","saleId":"3406148A","executiveName":"Pasquale Neto"}}
{"timestamp":"2026-03-16T14:30:21.769Z","importId":3,"level":"WARN","message":"Linha 3428: Pontuação é 0 ou null","category":"PONTUACAO","context":{"rowNumber":3428,"points":0,"cnpj":"18096686000121","saleId":"3406147A","executiveName":"Pasquale Neto"}}
{"timestamp":"2026-03-16T14:30:21.820Z","importId":3,"level":"WARN","message":"Linha 3463: Pontuação é 0 ou null","category":"PONTUACAO","context":{"rowNumber":3463,"points":0,"cnpj":"27539260000196","saleId":"3406143A","executiveName":"Carlos Barbassa"}}
{"timestamp":"2026-03-16T14:30:21.829Z","importId":3,"level":"WARN","message":"Linha 3467: Pontuação é 0 ou null","category":"PONTUACAO","context":{"rowNumber":3467,"points":0,"cnpj":"20536275000151","saleId":"3406136A","executiveName":"Elza Lara"}}
{"timestamp":"2026-03-16T14:30:21.840Z","importId":3,"level":"WARN","message":"Linha 3474: Pontuação é 0 ou null","category":"PONTUACAO","context":{"rowNumber":3474,"points":0,"cnpj":"20890330000107","saleId":"3406130A","executiveName":"Ricardo Morais"}}
{"timestamp":"2026-03-16T14:30:21.843Z","importId":3,"level":"WARN","message":"Linha 3475: Pontuação é 0 ou null","category":"PONTUACAO","context":{"rowNumber":3475,"points":0,"cnpj":"20890330000107","saleId":"3406128A","executiveName":"Ricardo Morais"}}
{"timestamp":"2026-03-16T14:30:21.845Z","importId":3,"level":"WARN","message":"Linha 3476: Pontuação é 0 ou null","category":"PONTUACAO","context":{"rowNumber":3476,"points":0,"cnpj":"20890330000107","saleId":"3406127A","executiveName":"Ricardo Morais"}}
{"timestamp":"2026-03-16T14:30:21.850Z","importId":3,"level":"WARN","message":"Linha 3479: Pontuação é 0 ou null","category":"PONTUACAO","context":{"rowNumber":3479,"points":0,"cnpj":"17519446000120","saleId":"3406124A","executiveName":"Ricardo Morais"}}
{"timestamp":"2026-03-16T14:30:21.855Z","importId":3,"level":"WARN","message":"Linha 3482: Pontuação é 0 ou null","category":"PONTUACAO","context":{"rowNumber":3482,"points":0,"cnpj":"15006080000160","saleId":"3406121A","executiveName":"Pasquale Neto"}}
{"timestamp":"2026-03-16T14:30:21.860Z","importId":3,"level":"WARN","message":"Linha 3485: Pontuação é 0 ou null","category":"PONTUACAO","context":{"rowNumber":3485,"points":0,"cnpj":"55915565000190","saleId":"3406118A","executiveName":"Pasquale Neto"}}
{"timestamp":"2026-03-16T14:30:21.863Z","importId":3,"level":"WARN","message":"Linha 3486: Pontuação é 0 ou null","category":"PONTUACAO","context":{"rowNumber":3486,"points":0,"cnpj":"55915565000190","saleId":"3406117A","executiveName":"Pasquale Neto"}}
{"timestamp":"2026-03-16T14:30:21.867Z","importId":3,"level":"WARN","message":"Linha 3488: Pontuação é 0 ou null","category":"PONTUACAO","context":{"rowNumber":3488,"points":0,"cnpj":"20890330000107","saleId":"3406129A","executiveName":"Ricardo Morais"}}
{"timestamp":"2026-03-16T14:30:21.877Z","importId":3,"level":"WARN","message":"Linha 3496: Pontuação é 0 ou null","category":"PONTUACAO","context":{"rowNumber":3496,"points":0,"cnpj":"02207606000128","saleId":"3404046A","executiveName":"Carlos Barbassa"}}
{"timestamp":"2026-03-16T14:30:21.887Z","importId":3,"level":"WARN","message":"Linha 3502: Pontuação é 0 ou null","category":"PONTUACAO","context":{"rowNumber":3502,"points":0,"cnpj":"31325699000193","saleId":"3404021A","executiveName":"Elza Lara"}}
{"timestamp":"2026-03-16T14:30:21.891Z","importId":3,"level":"WARN","message":"Linha 3503: Pontuação é 0 ou null","category":"PONTUACAO","context":{"rowNumber":3503,"points":0,"cnpj":"31325699000193","saleId":"3404020A","executiveName":"Elza Lara"}}
{"timestamp":"2026-03-16T14:30:21.918Z","importId":3,"level":"WARN","message":"Linha 3522: Pontuação é 0 ou null","category":"PONTUACAO","context":{"rowNumber":3522,"points":0,"cnpj":"74557760000130","saleId":"3404056A","executiveName":"Claudia Dias"}}
{"timestamp":"2026-03-16T14:30:21.925Z","importId":3,"level":"WARN","message":"Linha 3526: Pontuação é 0 ou null","category":"PONTUACAO","context":{"rowNumber":3526,"points":0,"cnpj":"22657060000114","saleId":"3404081A","executiveName":"Armando Soares"}}
{"timestamp":"2026-03-16T14:30:21.927Z","importId":3,"level":"WARN","message":"Linha 3527: Pontuação é 0 ou null","category":"PONTUACAO","context":{"rowNumber":3527,"points":0,"cnpj":"22657060000114","saleId":"3404080A","executiveName":"Armando Soares"}}
{"timestamp":"2026-03-16T14:30:21.930Z","importId":3,"level":"WARN","message":"Linha 3528: Pontuação é 0 ou null","category":"PONTUACAO","context":{"rowNumber":3528,"points":0,"cnpj":"22657060000114","saleId":"3404079A","executiveName":"Armando Soares"}}
{"timestamp":"2026-03-16T14:30:21.932Z","importId":3,"level":"WARN","message":"Linha 3529: Pontuação é 0 ou null","category":"PONTUACAO","context":{"rowNumber":3529,"points":0,"cnpj":"22657060000114","saleId":"3404078A","executiveName":"Armando Soares"}}
{"timestamp":"2026-03-16T14:30:21.935Z","importId":3,"level":"WARN","message":"Linha 3530: Pontuação é 0 ou null","category":"PONTUACAO","context":{"rowNumber":3530,"points":0,"cnpj":"22657060000114","saleId":"3404077A","executiveName":"Armando Soares"}}
{"timestamp":"2026-03-16T14:30:21.937Z","importId":3,"level":"WARN","message":"Linha 3531: Pontuação é 0 ou null","category":"PONTUACAO","context":{"rowNumber":3531,"points":0,"cnpj":"22657060000114","saleId":"3404076A","executiveName":"Armando Soares"}}
{"timestamp":"2026-03-16T14:30:21.939Z","importId":3,"level":"WARN","message":"Linha 3532: Pontuação é 0 ou null","category":"PONTUACAO","context":{"rowNumber":3532,"points":0,"cnpj":"22657060000114","saleId":"3404075A","executiveName":"Armando Soares"}}
{"timestamp":"2026-03-16T14:30:21.943Z","importId":3,"level":"WARN","message":"Linha 3533: Pontuação é 0 ou null","category":"PONTUACAO","context":{"rowNumber":3533,"points":0,"cnpj":"22657060000114","saleId":"3404074A","executiveName":"Armando Soares"}}
{"timestamp":"2026-03-16T14:30:21.945Z","importId":3,"level":"WARN","message":"Linha 3534: Pontuação é 0 ou null","category":"PONTUACAO","context":{"rowNumber":3534,"points":0,"cnpj":"22657060000114","saleId":"3404073A","executiveName":"Armando Soares"}}
{"timestamp":"2026-03-16T14:30:21.949Z","importId":3,"level":"WARN","message":"Linha 3535: Pontuação é 0 ou null","category":"PONTUACAO","context":{"rowNumber":3535,"points":0,"cnpj":"22657060000114","saleId":"3404072A","executiveName":"Armando Soares"}}
{"timestamp":"2026-03-16T14:30:21.950Z","importId":3,"level":"WARN","message":"Linha 3536: Pontuação é 0 ou null","category":"PONTUACAO","context":{"rowNumber":3536,"points":0,"cnpj":"22657060000114","saleId":"3404071A","executiveName":"Armando Soares"}}
{"timestamp":"2026-03-16T14:30:21.952Z","importId":3,"level":"WARN","message":"Linha 3537: Pontuação é 0 ou null","category":"PONTUACAO","context":{"rowNumber":3537,"points":0,"cnpj":"22657060000114","saleId":"3404070A","executiveName":"Armando Soares"}}
{"timestamp":"2026-03-16T14:30:21.954Z","importId":3,"level":"WARN","message":"Linha 3538: Pontuação é 0 ou null","category":"PONTUACAO","context":{"rowNumber":3538,"points":0,"cnpj":"22657060000114","saleId":"3404069A","executiveName":"Armando Soares"}}
{"timestamp":"2026-03-16T14:30:21.956Z","importId":3,"level":"WARN","message":"Linha 3539: Pontuação é 0 ou null","category":"PONTUACAO","context":{"rowNumber":3539,"points":0,"cnpj":"22657060000114","saleId":"3404068A","executiveName":"Armando Soares"}}
{"timestamp":"2026-03-16T14:30:21.959Z","importId":3,"level":"WARN","message":"Linha 3540: Pontuação é 0 ou null","category":"PONTUACAO","context":{"rowNumber":3540,"points":0,"cnpj":"22657060000114","saleId":"3404067A","executiveName":"Armando Soares"}}
{"timestamp":"2026-03-16T14:30:21.962Z","importId":3,"level":"WARN","message":"Linha 3541: Pontuação é 0 ou null","category":"PONTUACAO","context":{"rowNumber":3541,"points":0,"cnpj":"22657060000114","saleId":"3404066A","executiveName":"Armando Soares"}}
{"timestamp":"2026-03-16T14:30:21.965Z","importId":3,"level":"WARN","message":"Linha 3542: Pontuação é 0 ou null","category":"PONTUACAO","context":{"rowNumber":3542,"points":0,"cnpj":"01626831000136","saleId":"3404065A","executiveName":"Claudia Dias"}}
{"timestamp":"2026-03-16T14:30:21.968Z","importId":3,"level":"WARN","message":"Linha 3544: Pontuação é 0 ou null","category":"PONTUACAO","context":{"rowNumber":3544,"points":0,"cnpj":"74557760000130","saleId":"3404062A","executiveName":"Claudia Dias"}}
{"timestamp":"2026-03-16T14:30:21.973Z","importId":3,"level":"WARN","message":"Linha 3545: Pontuação é 0 ou null","category":"PONTUACAO","context":{"rowNumber":3545,"points":0,"cnpj":"74557760000130","saleId":"3404061A","executiveName":"Claudia Dias"}}
{"timestamp":"2026-03-16T14:30:21.975Z","importId":3,"level":"WARN","message":"Linha 3546: Pontuação é 0 ou null","category":"PONTUACAO","context":{"rowNumber":3546,"points":0,"cnpj":"74557760000130","saleId":"3404060A","executiveName":"Claudia Dias"}}
{"timestamp":"2026-03-16T14:30:21.977Z","importId":3,"level":"WARN","message":"Linha 3547: Pontuação é 0 ou null","category":"PONTUACAO","context":{"rowNumber":3547,"points":0,"cnpj":"74557760000130","saleId":"3404059A","executiveName":"Claudia Dias"}}
{"timestamp":"2026-03-16T14:30:21.981Z","importId":3,"level":"WARN","message":"Linha 3548: Pontuação é 0 ou null","category":"PONTUACAO","context":{"rowNumber":3548,"points":0,"cnpj":"74557760000130","saleId":"3404058A","executiveName":"Claudia Dias"}}
{"timestamp":"2026-03-16T14:30:21.983Z","importId":3,"level":"WARN","message":"Linha 3549: Pontuação é 0 ou null","category":"PONTUACAO","context":{"rowNumber":3549,"points":0,"cnpj":"74557760000130","saleId":"3404057A","executiveName":"Claudia Dias"}}
{"timestamp":"2026-03-16T14:30:22.050Z","importId":3,"level":"WARN","message":"Linha 3581: Pontuação é 0 ou null","category":"PONTUACAO","context":{"rowNumber":3581,"points":0,"cnpj":"65549586000193","saleId":"3403947A","executiveName":"Cristiano Dafre"}}
{"timestamp":"2026-03-16T14:30:22.219Z","importId":3,"level":"WARN","message":"Linha 3678: Pontuação é 0 ou null","category":"PONTUACAO","context":{"rowNumber":3678,"points":0,"cnpj":"57954299000211","saleId":"3404126A","executiveName":"Ricardo Bueno"}}
{"timestamp":"2026-03-16T14:30:22.222Z","importId":3,"level":"WARN","message":"Linha 3679: Pontuação é 0 ou null","category":"PONTUACAO","context":{"rowNumber":3679,"points":0,"cnpj":"57954299000211","saleId":"3404125A","executiveName":"Ricardo Bueno"}}
{"timestamp":"2026-03-16T14:30:22.260Z","importId":3,"level":"WARN","message":"Linha 3705: Pontuação é 0 ou null","category":"PONTUACAO","context":{"rowNumber":3705,"points":0,"cnpj":"29028738000149","saleId":"3404131A","executiveName":"Carlos Barbassa"}}
{"timestamp":"2026-03-16T14:30:22.262Z","importId":3,"level":"WARN","message":"Linha 3706: Pontuação é 0 ou null","category":"PONTUACAO","context":{"rowNumber":3706,"points":0,"cnpj":"29028738000149","saleId":"3404132A","executiveName":"Carlos Barbassa"}}
{"timestamp":"2026-03-16T14:30:22.265Z","importId":3,"level":"WARN","message":"Linha 3707: Pontuação é 0 ou null","category":"PONTUACAO","context":{"rowNumber":3707,"points":0,"cnpj":"29028738000149","saleId":"3404133A","executiveName":"Carlos Barbassa"}}
{"timestamp":"2026-03-16T14:30:22.366Z","importId":3,"level":"WARN","message":"Linha 3772: Pontuação é 0 ou null","category":"PONTUACAO","context":{"rowNumber":3772,"points":0,"cnpj":"20606282000182","saleId":"3403628A","executiveName":"Armando Soares"}}
{"timestamp":"2026-03-16T14:30:22.369Z","importId":3,"level":"WARN","message":"Linha 3773: Pontuação é 0 ou null","category":"PONTUACAO","context":{"rowNumber":3773,"points":0,"cnpj":"20606282000182","saleId":"3403627A","executiveName":"Armando Soares"}}
{"timestamp":"2026-03-16T14:30:22.427Z","importId":3,"level":"WARN","message":"Linha 3816: Pontuação é 0 ou null","category":"PONTUACAO","context":{"rowNumber":3816,"points":0,"cnpj":"38097927000164","saleId":"3403298A","executiveName":"Carlos Barbassa"}}
{"timestamp":"2026-03-16T14:30:22.431Z","importId":3,"level":"WARN","message":"Linha 3817: Pontuação é 0 ou null","category":"PONTUACAO","context":{"rowNumber":3817,"points":0,"cnpj":"38097927000164","saleId":"3403297A","executiveName":"Carlos Barbassa"}}
{"timestamp":"2026-03-16T14:30:22.476Z","importId":3,"level":"WARN","message":"Linha 3847: Pontuação é 0 ou null","category":"PONTUACAO","context":{"rowNumber":3847,"points":0,"cnpj":"20606282000182","saleId":"3403629A","executiveName":"Armando Soares"}}
{"timestamp":"2026-03-16T14:30:22.499Z","importId":3,"level":"WARN","message":"Linha 3864: Pontuação é 0 ou null","category":"PONTUACAO","context":{"rowNumber":3864,"points":0,"cnpj":"20606282000182","saleId":"3403630A","executiveName":"Armando Soares"}}
{"timestamp":"2026-03-16T14:30:22.504Z","importId":3,"level":"WARN","message":"Linha 3865: Pontuação é 0 ou null","category":"PONTUACAO","context":{"rowNumber":3865,"points":0,"cnpj":"20606282000182","saleId":"3403632A","executiveName":"Armando Soares"}}
{"timestamp":"2026-03-16T14:30:22.534Z","importId":3,"level":"WARN","message":"Linha 3890: Pontuação é 0 ou null","category":"PONTUACAO","context":{"rowNumber":3890,"points":0,"cnpj":"03383967000198","saleId":"3403730A","executiveName":"Elza Lara"}}
{"timestamp":"2026-03-16T14:30:22.605Z","importId":3,"level":"WARN","message":"Linha 3938: Pontuação é 0 ou null","category":"PONTUACAO","context":{"rowNumber":3938,"points":0,"cnpj":"01004367000146","saleId":"3403657A","executiveName":"Marlon Wander"}}
{"timestamp":"2026-03-16T14:30:22.607Z","importId":3,"level":"WARN","message":"Linha 3939: Pontuação é 0 ou null","category":"PONTUACAO","context":{"rowNumber":3939,"points":0,"cnpj":"01004367000146","saleId":"3403656A","executiveName":"Marlon Wander"}}
{"timestamp":"2026-03-16T14:30:22.624Z","importId":3,"level":"WARN","message":"Linha 3950: Pontuação é 0 ou null","category":"PONTUACAO","context":{"rowNumber":3950,"points":0,"cnpj":"27742911000140","saleId":"3403637A","executiveName":"Ricardo Morais"}}
{"timestamp":"2026-03-16T14:30:22.627Z","importId":3,"level":"WARN","message":"Linha 3951: Pontuação é 0 ou null","category":"PONTUACAO","context":{"rowNumber":3951,"points":0,"cnpj":"02216485000180","saleId":"3403636A","executiveName":"Ricardo Morais"}}
{"timestamp":"2026-03-16T14:30:22.630Z","importId":3,"level":"WARN","message":"Linha 3953: Pontuação é 0 ou null","category":"PONTUACAO","context":{"rowNumber":3953,"points":0,"cnpj":"20606282000182","saleId":"3403634A","executiveName":"Armando Soares"}}
{"timestamp":"2026-03-16T14:30:22.631Z","importId":3,"level":"WARN","message":"Linha 3954: Pontuação é 0 ou null","category":"PONTUACAO","context":{"rowNumber":3954,"points":0,"cnpj":"20606282000182","saleId":"3403633A","executiveName":"Armando Soares"}}
{"timestamp":"2026-03-16T14:30:22.662Z","importId":3,"level":"WARN","message":"Linha 3972: Pontuação é 0 ou null","category":"PONTUACAO","context":{"rowNumber":3972,"points":0,"cnpj":"20606282000182","saleId":"3403631A","executiveName":"Armando Soares"}}
{"timestamp":"2026-03-16T14:30:22.744Z","importId":3,"level":"WARN","message":"Linha 4027: Pontuação é 0 ou null","category":"PONTUACAO","context":{"rowNumber":4027,"points":0,"cnpj":"24739325000159","saleId":"3404859A","executiveName":"Ricardo Morais"}}
{"timestamp":"2026-03-16T14:30:22.763Z","importId":3,"level":"WARN","message":"Linha 4038: Pontuação é 0 ou null","category":"PONTUACAO","context":{"rowNumber":4038,"points":0,"cnpj":"02727156000102","saleId":"3404846A","executiveName":"Elza Lara"}}
{"timestamp":"2026-03-16T14:30:22.766Z","importId":3,"level":"WARN","message":"Linha 4039: Pontuação é 0 ou null","category":"PONTUACAO","context":{"rowNumber":4039,"points":0,"cnpj":"02727156000102","saleId":"3404845A","executiveName":"Elza Lara"}}
{"timestamp":"2026-03-16T14:30:22.769Z","importId":3,"level":"WARN","message":"Linha 4040: Pontuação é 0 ou null","category":"PONTUACAO","context":{"rowNumber":4040,"points":0,"cnpj":"48186332000139","saleId":"3404840A","executiveName":"Ricardo Morais"}}
{"timestamp":"2026-03-16T14:30:22.771Z","importId":3,"level":"WARN","message":"Linha 4041: Pontuação é 0 ou null","category":"PONTUACAO","context":{"rowNumber":4041,"points":0,"cnpj":"48186332000139","saleId":"3404839A","executiveName":"Ricardo Morais"}}
{"timestamp":"2026-03-16T14:30:22.772Z","importId":3,"level":"WARN","message":"Linha 4042: Pontuação é 0 ou null","category":"PONTUACAO","context":{"rowNumber":4042,"points":0,"cnpj":"48186332000139","saleId":"3404838A","executiveName":"Ricardo Morais"}}
{"timestamp":"2026-03-16T14:30:22.776Z","importId":3,"level":"WARN","message":"Linha 4043: Pontuação é 0 ou null","category":"PONTUACAO","context":{"rowNumber":4043,"points":0,"cnpj":"48186332000139","saleId":"3404837A","executiveName":"Ricardo Morais"}}
{"timestamp":"2026-03-16T14:30:22.856Z","importId":3,"level":"WARN","message":"Linha 4097: Pontuação é 0 ou null","category":"PONTUACAO","context":{"rowNumber":4097,"points":0,"cnpj":"22624188000181","saleId":"3404865A","executiveName":"Ricardo Bueno"}}
{"timestamp":"2026-03-16T14:30:22.885Z","importId":3,"level":"WARN","message":"Linha 4115: Pontuação é 0 ou null","category":"PONTUACAO","context":{"rowNumber":4115,"points":0,"cnpj":"05946137000157","saleId":"3404868A","executiveName":"Elza Lara"}}
{"timestamp":"2026-03-16T14:30:22.888Z","importId":3,"level":"WARN","message":"Linha 4116: Pontuação é 0 ou null","category":"PONTUACAO","context":{"rowNumber":4116,"points":0,"cnpj":"37901023000187","saleId":"3405000A","executiveName":"Cristiano Dafre"}}
{"timestamp":"2026-03-16T14:30:22.890Z","importId":3,"level":"WARN","message":"Linha 4117: Pontuação é 0 ou null","category":"PONTUACAO","context":{"rowNumber":4117,"points":0,"cnpj":"37901023000187","saleId":"3404999A","executiveName":"Cristiano Dafre"}}
{"timestamp":"2026-03-16T14:30:22.905Z","importId":3,"level":"WARN","message":"Linha 4125: Pontuação é 0 ou null","category":"PONTUACAO","context":{"rowNumber":4125,"points":0,"cnpj":"17519446000120","saleId":"3404990A","executiveName":"Ricardo Morais"}}
{"timestamp":"2026-03-16T14:30:22.909Z","importId":3,"level":"WARN","message":"Linha 4126: Pontuação é 0 ou null","category":"PONTUACAO","context":{"rowNumber":4126,"points":0,"cnpj":"17519446000120","saleId":"3404989A","executiveName":"Ricardo Morais"}}
{"timestamp":"2026-03-16T14:30:22.914Z","importId":3,"level":"WARN","message":"Linha 4128: Pontuação é 0 ou null","category":"PONTUACAO","context":{"rowNumber":4128,"points":0,"cnpj":"52652039000197","saleId":"3404985A","executiveName":"Ricardo Morais"}}
{"timestamp":"2026-03-16T14:30:22.916Z","importId":3,"level":"WARN","message":"Linha 4129: Pontuação é 0 ou null","category":"PONTUACAO","context":{"rowNumber":4129,"points":0,"cnpj":"00931729000181","saleId":"3404983A","executiveName":"Rafaela Soares"}}
{"timestamp":"2026-03-16T14:30:22.941Z","importId":3,"level":"WARN","message":"Linha 4145: Pontuação é 0 ou null","category":"PONTUACAO","context":{"rowNumber":4145,"points":0,"cnpj":"56917909000163","saleId":"3405002A","executiveName":"Carlos Barbassa"}}
{"timestamp":"2026-03-16T14:30:22.943Z","importId":3,"level":"WARN","message":"Linha 4146: Pontuação é 0 ou null","category":"PONTUACAO","context":{"rowNumber":4146,"points":0,"cnpj":"56917909000163","saleId":"3405004A","executiveName":"Carlos Barbassa"}}
{"timestamp":"2026-03-16T14:30:22.975Z","importId":3,"level":"WARN","message":"Linha 4167: Pontuação é 0 ou null","category":"PONTUACAO","context":{"rowNumber":4167,"points":0,"cnpj":"15225033000107","saleId":"3405012A","executiveName":"Ricardo Bueno"}}
{"timestamp":"2026-03-16T14:30:22.976Z","importId":3,"level":"WARN","message":"Linha 4168: Pontuação é 0 ou null","category":"PONTUACAO","context":{"rowNumber":4168,"points":0,"cnpj":"15225033000107","saleId":"3405011A","executiveName":"Ricardo Bueno"}}
{"timestamp":"2026-03-16T14:30:22.979Z","importId":3,"level":"WARN","message":"Linha 4169: Pontuação é 0 ou null","category":"PONTUACAO","context":{"rowNumber":4169,"points":0,"cnpj":"15225033000107","saleId":"3405010A","executiveName":"Ricardo Bueno"}}
{"timestamp":"2026-03-16T14:30:22.984Z","importId":3,"level":"WARN","message":"Linha 4172: Pontuação é 0 ou null","category":"PONTUACAO","context":{"rowNumber":4172,"points":0,"cnpj":"45206060000101","saleId":"3405006A","executiveName":"Elza Lara"}}
{"timestamp":"2026-03-16T14:30:22.986Z","importId":3,"level":"WARN","message":"Linha 4173: Pontuação é 0 ou null","category":"PONTUACAO","context":{"rowNumber":4173,"points":0,"cnpj":"45206060000101","saleId":"3405005A","executiveName":"Elza Lara"}}
{"timestamp":"2026-03-16T14:30:23.021Z","importId":3,"level":"WARN","message":"Linha 4195: Pontuação é 0 ou null","category":"PONTUACAO","context":{"rowNumber":4195,"points":0,"cnpj":"46973902000105","saleId":"3404878A","executiveName":"Ricardo Bueno"}}
{"timestamp":"2026-03-16T14:30:23.027Z","importId":3,"level":"WARN","message":"Linha 4198: Pontuação é 0 ou null","category":"PONTUACAO","context":{"rowNumber":4198,"points":0,"cnpj":"07168752000105","saleId":"3404875A","executiveName":"Clarissa Cavalheiro"}}
{"timestamp":"2026-03-16T14:30:23.032Z","importId":3,"level":"WARN","message":"Linha 4200: Pontuação é 0 ou null","category":"PONTUACAO","context":{"rowNumber":4200,"points":0,"cnpj":"07721249000135","saleId":"3404873A","executiveName":"Karla Reis"}}
{"timestamp":"2026-03-16T14:30:23.034Z","importId":3,"level":"WARN","message":"Linha 4201: Pontuação é 0 ou null","category":"PONTUACAO","context":{"rowNumber":4201,"points":0,"cnpj":"07721249000135","saleId":"3404872A","executiveName":"Karla Reis"}}
{"timestamp":"2026-03-16T14:30:23.037Z","importId":3,"level":"WARN","message":"Linha 4202: Pontuação é 0 ou null","category":"PONTUACAO","context":{"rowNumber":4202,"points":0,"cnpj":"20027725000180","saleId":"3404871A","executiveName":"Karla Reis"}}
{"timestamp":"2026-03-16T14:30:23.039Z","importId":3,"level":"WARN","message":"Linha 4203: Pontuação é 0 ou null","category":"PONTUACAO","context":{"rowNumber":4203,"points":0,"cnpj":"05946137000157","saleId":"3404870A","executiveName":"Elza Lara"}}
{"timestamp":"2026-03-16T14:30:23.041Z","importId":3,"level":"WARN","message":"Linha 4204: Pontuação é 0 ou null","category":"PONTUACAO","context":{"rowNumber":4204,"points":0,"cnpj":"05946137000157","saleId":"3404869A","executiveName":"Elza Lara"}}
{"timestamp":"2026-03-16T14:30:23.798Z","importId":3,"level":"WARN","message":"Linha 4734: Pontuação é 0 ou null","category":"PONTUACAO","context":{"rowNumber":4734,"points":0,"cnpj":"36417780000117","saleId":"3407018T","executiveName":"Kelly Furno"}}
{"timestamp":"2026-03-16T14:30:24.310Z","importId":3,"level":"WARN","message":"Linha 5073: Pontuação é 0 ou null","category":"PONTUACAO","context":{"rowNumber":5073,"points":0,"cnpj":"21054450000137","saleId":"3407980A","executiveName":"Claudia Dias"}}
{"timestamp":"2026-03-16T14:30:24.346Z","importId":3,"level":"WARN","message":"Linha 5097: Pontuação é 0 ou null","category":"PONTUACAO","context":{"rowNumber":5097,"points":0,"cnpj":"57040461000105","saleId":"3407881A","executiveName":"Carlos Barbassa"}}
{"timestamp":"2026-03-16T14:30:24.542Z","importId":3,"level":"WARN","message":"Linha 5240: Pontuação é 0 ou null","category":"PONTUACAO","context":{"rowNumber":5240,"points":0,"cnpj":"40304172000173","saleId":"3408016A","executiveName":"Elza Lara"}}
{"timestamp":"2026-03-16T14:30:24.546Z","importId":3,"level":"WARN","message":"Linha 5241: Pontuação é 0 ou null","category":"PONTUACAO","context":{"rowNumber":5241,"points":0,"cnpj":"40304172000173","saleId":"3408015A","executiveName":"Elza Lara"}}
{"timestamp":"2026-03-16T14:30:24.597Z","importId":3,"level":"WARN","message":"Linha 5276: Pontuação é 0 ou null","category":"PONTUACAO","context":{"rowNumber":5276,"points":0,"cnpj":"31905219000163","saleId":"3408852A","executiveName":"Elza Lara"}}
{"timestamp":"2026-03-16T14:30:24.601Z","importId":3,"level":"WARN","message":"Linha 5278: Pontuação é 0 ou null","category":"PONTUACAO","context":{"rowNumber":5278,"points":0,"cnpj":"00931729000181","saleId":"3410359A","executiveName":"Rafaela Soares"}}
{"timestamp":"2026-03-16T14:30:24.604Z","importId":3,"level":"WARN","message":"Linha 5279: Pontuação é 0 ou null","category":"PONTUACAO","context":{"rowNumber":5279,"points":0,"cnpj":"00931729000181","saleId":"3410358A","executiveName":"Rafaela Soares"}}
{"timestamp":"2026-03-16T14:30:24.606Z","importId":3,"level":"WARN","message":"Linha 5280: Pontuação é 0 ou null","category":"PONTUACAO","context":{"rowNumber":5280,"points":0,"cnpj":"57608093000159","saleId":"3410355A","executiveName":"Cristiano Dafre"}}
{"timestamp":"2026-03-16T14:30:24.608Z","importId":3,"level":"WARN","message":"Linha 5281: Pontuação é 0 ou null","category":"PONTUACAO","context":{"rowNumber":5281,"points":0,"cnpj":"57608093000159","saleId":"3410354A","executiveName":"Cristiano Dafre"}}
{"timestamp":"2026-03-16T14:30:24.611Z","importId":3,"level":"WARN","message":"Linha 5282: Pontuação é 0 ou null","category":"PONTUACAO","context":{"rowNumber":5282,"points":0,"cnpj":"07709889000120","saleId":"3410352A","executiveName":"Carlos Brito"}}
{"timestamp":"2026-03-16T14:30:24.613Z","importId":3,"level":"WARN","message":"Linha 5283: Pontuação é 0 ou null","category":"PONTUACAO","context":{"rowNumber":5283,"points":0,"cnpj":"82524232000103","saleId":"3410349A","executiveName":"Cassia Shimabukuro"}}
{"timestamp":"2026-03-16T14:30:24.615Z","importId":3,"level":"WARN","message":"Linha 5284: Pontuação é 0 ou null","category":"PONTUACAO","context":{"rowNumber":5284,"points":0,"cnpj":"58693110000166","saleId":"3410234A","executiveName":"Rafaela Soares"}}
{"timestamp":"2026-03-16T14:30:24.619Z","importId":3,"level":"WARN","message":"Linha 5285: Pontuação é 0 ou null","category":"PONTUACAO","context":{"rowNumber":5285,"points":0,"cnpj":"49267804000140","saleId":"3410157A","executiveName":"Ricardo Morais"}}
{"timestamp":"2026-03-16T14:30:24.626Z","importId":3,"level":"WARN","message":"Linha 5289: Pontuação é 0 ou null","category":"PONTUACAO","context":{"rowNumber":5289,"points":0,"cnpj":"46878674000194","saleId":"3410362A","executiveName":"Claudia Dias"}}
{"timestamp":"2026-03-16T14:30:24.629Z","importId":3,"level":"WARN","message":"Linha 5291: Pontuação é 0 ou null","category":"PONTUACAO","context":{"rowNumber":5291,"points":0,"cnpj":"36417780000117","saleId":"3409633A","executiveName":"Kelly Furno"}}
{"timestamp":"2026-03-16T14:30:24.633Z","importId":3,"level":"WARN","message":"Linha 5292: Pontuação é 0 ou null","category":"PONTUACAO","context":{"rowNumber":5292,"points":0,"cnpj":"36417780000117","saleId":"3409617A","executiveName":"Kelly Furno"}}
{"timestamp":"2026-03-16T14:30:24.635Z","importId":3,"level":"WARN","message":"Linha 5293: Pontuação é 0 ou null","category":"PONTUACAO","context":{"rowNumber":5293,"points":0,"cnpj":"15505790000134","saleId":"3409606A","executiveName":"Carlos Brito"}}
{"timestamp":"2026-03-16T14:30:24.648Z","importId":3,"level":"WARN","message":"Linha 5302: Pontuação é 0 ou null","category":"PONTUACAO","context":{"rowNumber":5302,"points":0,"cnpj":"36417780000117","saleId":"3409634A","executiveName":"Kelly Furno"}}
{"timestamp":"2026-03-16T14:30:24.650Z","importId":3,"level":"WARN","message":"Linha 5304: Pontuação é 0 ou null","category":"PONTUACAO","context":{"rowNumber":5304,"points":0,"cnpj":"46878674000194","saleId":"3410363A","executiveName":"Claudia Dias"}}
{"timestamp":"2026-03-16T14:30:24.653Z","importId":3,"level":"WARN","message":"Linha 5305: Pontuação é 0 ou null","category":"PONTUACAO","context":{"rowNumber":5305,"points":0,"cnpj":"15006080000160","saleId":"3410365A","executiveName":"Pasquale Neto"}}
{"timestamp":"2026-03-16T14:30:24.655Z","importId":3,"level":"WARN","message":"Linha 5306: Pontuação é 0 ou null","category":"PONTUACAO","context":{"rowNumber":5306,"points":0,"cnpj":"39319043000170","saleId":"3410426A","executiveName":"Elza Lara"}}
{"timestamp":"2026-03-16T14:30:24.659Z","importId":3,"level":"WARN","message":"Linha 5307: Pontuação é 0 ou null","category":"PONTUACAO","context":{"rowNumber":5307,"points":0,"cnpj":"39708084000158","saleId":"3410425A","executiveName":"Ricardo Morais"}}
{"timestamp":"2026-03-16T14:30:24.661Z","importId":3,"level":"WARN","message":"Linha 5308: Pontuação é 0 ou null","category":"PONTUACAO","context":{"rowNumber":5308,"points":0,"cnpj":"39708084000158","saleId":"3410424A","executiveName":"Ricardo Morais"}}
{"timestamp":"2026-03-16T14:30:24.663Z","importId":3,"level":"WARN","message":"Linha 5309: Pontuação é 0 ou null","category":"PONTUACAO","context":{"rowNumber":5309,"points":0,"cnpj":"39708084000158","saleId":"3410423A","executiveName":"Ricardo Morais"}}
{"timestamp":"2026-03-16T14:30:24.665Z","importId":3,"level":"WARN","message":"Linha 5310: Pontuação é 0 ou null","category":"PONTUACAO","context":{"rowNumber":5310,"points":0,"cnpj":"58423229000119","saleId":"3410411A","executiveName":"Miguel Jenotti"}}
{"timestamp":"2026-03-16T14:30:24.667Z","importId":3,"level":"WARN","message":"Linha 5311: Pontuação é 0 ou null","category":"PONTUACAO","context":{"rowNumber":5311,"points":0,"cnpj":"58423229000119","saleId":"3410410A","executiveName":"Miguel Jenotti"}}
{"timestamp":"2026-03-16T14:30:24.671Z","importId":3,"level":"WARN","message":"Linha 5312: Pontuação é 0 ou null","category":"PONTUACAO","context":{"rowNumber":5312,"points":0,"cnpj":"09478602000123","saleId":"3410409A","executiveName":"Marlon Wander"}}
{"timestamp":"2026-03-16T14:30:24.672Z","importId":3,"level":"WARN","message":"Linha 5313: Pontuação é 0 ou null","category":"PONTUACAO","context":{"rowNumber":5313,"points":0,"cnpj":"09478602000123","saleId":"3410408A","executiveName":"Marlon Wander"}}
{"timestamp":"2026-03-16T14:30:24.674Z","importId":3,"level":"WARN","message":"Linha 5314: Pontuação é 0 ou null","category":"PONTUACAO","context":{"rowNumber":5314,"points":0,"cnpj":"09478602000123","saleId":"3410407A","executiveName":"Marlon Wander"}}
{"timestamp":"2026-03-16T14:30:24.679Z","importId":3,"level":"WARN","message":"Linha 5315: Pontuação é 0 ou null","category":"PONTUACAO","context":{"rowNumber":5315,"points":0,"cnpj":"09478602000123","saleId":"3410406A","executiveName":"Marlon Wander"}}
{"timestamp":"2026-03-16T14:30:24.681Z","importId":3,"level":"WARN","message":"Linha 5316: Pontuação é 0 ou null","category":"PONTUACAO","context":{"rowNumber":5316,"points":0,"cnpj":"09478602000123","saleId":"3410405A","executiveName":"Marlon Wander"}}
{"timestamp":"2026-03-16T14:30:24.682Z","importId":3,"level":"WARN","message":"Linha 5317: Pontuação é 0 ou null","category":"PONTUACAO","context":{"rowNumber":5317,"points":0,"cnpj":"46878674000194","saleId":"3410364A","executiveName":"Claudia Dias"}}
{"timestamp":"2026-03-16T14:30:24.685Z","importId":3,"level":"WARN","message":"Linha 5318: Pontuação é 0 ou null","category":"PONTUACAO","context":{"rowNumber":5318,"points":0,"cnpj":"09478602000123","saleId":"3410404A","executiveName":"Marlon Wander"}}
{"timestamp":"2026-03-16T14:30:24.687Z","importId":3,"level":"WARN","message":"Linha 5319: Pontuação é 0 ou null","category":"PONTUACAO","context":{"rowNumber":5319,"points":0,"cnpj":"20606282000182","saleId":"3410381A","executiveName":"Armando Soares"}}
{"timestamp":"2026-03-16T14:30:24.689Z","importId":3,"level":"WARN","message":"Linha 5320: Pontuação é 0 ou null","category":"PONTUACAO","context":{"rowNumber":5320,"points":0,"cnpj":"20606282000182","saleId":"3410380A","executiveName":"Armando Soares"}}
{"timestamp":"2026-03-16T14:30:24.691Z","importId":3,"level":"WARN","message":"Linha 5321: Pontuação é 0 ou null","category":"PONTUACAO","context":{"rowNumber":5321,"points":0,"cnpj":"57954299000211","saleId":"3410375A","executiveName":"Ricardo Bueno"}}
{"timestamp":"2026-03-16T14:30:24.694Z","importId":3,"level":"WARN","message":"Linha 5322: Pontuação é 0 ou null","category":"PONTUACAO","context":{"rowNumber":5322,"points":0,"cnpj":"57954299000211","saleId":"3410374A","executiveName":"Ricardo Bueno"}}
{"timestamp":"2026-03-16T14:30:24.696Z","importId":3,"level":"WARN","message":"Linha 5323: Pontuação é 0 ou null","category":"PONTUACAO","context":{"rowNumber":5323,"points":0,"cnpj":"59875039000103","saleId":"3410372A","executiveName":"Carlos Barbassa"}}
{"timestamp":"2026-03-16T14:30:24.697Z","importId":3,"level":"WARN","message":"Linha 5324: Pontuação é 0 ou null","category":"PONTUACAO","context":{"rowNumber":5324,"points":0,"cnpj":"59875039000103","saleId":"3410371A","executiveName":"Carlos Barbassa"}}
{"timestamp":"2026-03-16T14:30:24.702Z","importId":3,"level":"WARN","message":"Linha 5325: Pontuação é 0 ou null","category":"PONTUACAO","context":{"rowNumber":5325,"points":0,"cnpj":"59875039000103","saleId":"3410370A","executiveName":"Carlos Barbassa"}}
{"timestamp":"2026-03-16T14:30:24.704Z","importId":3,"level":"WARN","message":"Linha 5326: Pontuação é 0 ou null","category":"PONTUACAO","context":{"rowNumber":5326,"points":0,"cnpj":"59875039000103","saleId":"3410369A","executiveName":"Carlos Barbassa"}}
{"timestamp":"2026-03-16T14:30:24.707Z","importId":3,"level":"WARN","message":"Linha 5327: Pontuação é 0 ou null","category":"PONTUACAO","context":{"rowNumber":5327,"points":0,"cnpj":"15006080000160","saleId":"3410368A","executiveName":"Pasquale Neto"}}
{"timestamp":"2026-03-16T14:30:24.709Z","importId":3,"level":"WARN","message":"Linha 5328: Pontuação é 0 ou null","category":"PONTUACAO","context":{"rowNumber":5328,"points":0,"cnpj":"15006080000160","saleId":"3410367A","executiveName":"Pasquale Neto"}}
{"timestamp":"2026-03-16T14:30:24.711Z","importId":3,"level":"WARN","message":"Linha 5329: Pontuação é 0 ou null","category":"PONTUACAO","context":{"rowNumber":5329,"points":0,"cnpj":"15006080000160","saleId":"3410366A","executiveName":"Pasquale Neto"}}
{"timestamp":"2026-03-16T14:30:24.714Z","importId":3,"level":"WARN","message":"Linha 5330: Pontuação é 0 ou null","category":"PONTUACAO","context":{"rowNumber":5330,"points":0,"cnpj":"04033961000153","saleId":"3410402A","executiveName":"Elza Lara"}}
{"timestamp":"2026-03-16T14:30:24.723Z","importId":3,"level":"WARN","message":"Linha 5336: Pontuação é 0 ou null","category":"PONTUACAO","context":{"rowNumber":5336,"points":0,"cnpj":"08596472000160","saleId":"3408856A","executiveName":"Rafaela Soares"}}
{"timestamp":"2026-03-16T14:30:24.725Z","importId":3,"level":"WARN","message":"Linha 5337: Pontuação é 0 ou null","category":"PONTUACAO","context":{"rowNumber":5337,"points":0,"cnpj":"57541948000171","saleId":"3408855A","executiveName":"William Silva"}}
{"timestamp":"2026-03-16T14:30:24.727Z","importId":3,"level":"WARN","message":"Linha 5338: Pontuação é 0 ou null","category":"PONTUACAO","context":{"rowNumber":5338,"points":0,"cnpj":"57541948000171","saleId":"3408854A","executiveName":"William Silva"}}
{"timestamp":"2026-03-16T14:30:24.729Z","importId":3,"level":"WARN","message":"Linha 5339: Pontuação é 0 ou null","category":"PONTUACAO","context":{"rowNumber":5339,"points":0,"cnpj":"31905219000163","saleId":"3408853A","executiveName":"Elza Lara"}}
{"timestamp":"2026-03-16T14:30:24.734Z","importId":3,"level":"WARN","message":"Linha 5341: Pontuação é 0 ou null","category":"PONTUACAO","context":{"rowNumber":5341,"points":0,"cnpj":"18621278000141","saleId":"3408850A","executiveName":"Claudia Dias"}}
{"timestamp":"2026-03-16T14:30:24.735Z","importId":3,"level":"WARN","message":"Linha 5342: Pontuação é 0 ou null","category":"PONTUACAO","context":{"rowNumber":5342,"points":0,"cnpj":"02708513000187","saleId":"3408849A","executiveName":"Pasquale Neto"}}
{"timestamp":"2026-03-16T14:30:24.742Z","importId":3,"level":"WARN","message":"Linha 5346: Pontuação é 0 ou null","category":"PONTUACAO","context":{"rowNumber":5346,"points":0,"cnpj":"48186332000139","saleId":"3408845A","executiveName":"Ricardo Morais"}}
{"timestamp":"2026-03-16T14:30:24.744Z","importId":3,"level":"WARN","message":"Linha 5347: Pontuação é 0 ou null","category":"PONTUACAO","context":{"rowNumber":5347,"points":0,"cnpj":"06698980000124","saleId":"3408843A","executiveName":"Cristiano Dafre"}}
{"timestamp":"2026-03-16T14:30:24.746Z","importId":3,"level":"WARN","message":"Linha 5348: Pontuação é 0 ou null","category":"PONTUACAO","context":{"rowNumber":5348,"points":0,"cnpj":"09178878000196","saleId":"3408842A","executiveName":"Ricardo Morais"}}
{"timestamp":"2026-03-16T14:30:24.748Z","importId":3,"level":"WARN","message":"Linha 5349: Pontuação é 0 ou null","category":"PONTUACAO","context":{"rowNumber":5349,"points":0,"cnpj":"09178878000196","saleId":"3408841A","executiveName":"Ricardo Morais"}}
{"timestamp":"2026-03-16T14:30:24.753Z","importId":3,"level":"WARN","message":"Linha 5351: Pontuação é 0 ou null","category":"PONTUACAO","context":{"rowNumber":5351,"points":0,"cnpj":"02116253000150","saleId":"3408839A","executiveName":"Elza Lara"}}
{"timestamp":"2026-03-16T14:30:24.755Z","importId":3,"level":"WARN","message":"Linha 5352: Pontuação é 0 ou null","category":"PONTUACAO","context":{"rowNumber":5352,"points":0,"cnpj":"02116253000150","saleId":"3408838A","executiveName":"Elza Lara"}}
{"timestamp":"2026-03-16T14:30:24.767Z","importId":3,"level":"WARN","message":"Linha 5358: Pontuação é 0 ou null","category":"PONTUACAO","context":{"rowNumber":5358,"points":0,"cnpj":"06698980000124","saleId":"3408844A","executiveName":"Cristiano Dafre"}}
{"timestamp":"2026-03-16T14:30:24.770Z","importId":3,"level":"WARN","message":"Linha 5359: Pontuação é 0 ou null","category":"PONTUACAO","context":{"rowNumber":5359,"points":0,"cnpj":"57243917000134","saleId":"3408860A","executiveName":"William Silva"}}
{"timestamp":"2026-03-16T14:30:24.785Z","importId":3,"level":"WARN","message":"Linha 5369: Pontuação é 0 ou null","category":"PONTUACAO","context":{"rowNumber":5369,"points":0,"cnpj":"57066593000106","saleId":"3408880A","executiveName":"Gabriela Carvalho"}}
{"timestamp":"2026-03-16T14:30:24.788Z","importId":3,"level":"WARN","message":"Linha 5370: Pontuação é 0 ou null","category":"PONTUACAO","context":{"rowNumber":5370,"points":0,"cnpj":"57066593000106","saleId":"3408879A","executiveName":"Gabriela Carvalho"}}
{"timestamp":"2026-03-16T14:30:24.791Z","importId":3,"level":"WARN","message":"Linha 5372: Pontuação é 0 ou null","category":"PONTUACAO","context":{"rowNumber":5372,"points":0,"cnpj":"57655576000104","saleId":"3408877A","executiveName":"Claudia Dias"}}
{"timestamp":"2026-03-16T14:30:24.793Z","importId":3,"level":"WARN","message":"Linha 5373: Pontuação é 0 ou null","category":"PONTUACAO","context":{"rowNumber":5373,"points":0,"cnpj":"49267804000140","saleId":"3408876A","executiveName":"Ricardo Morais"}}
{"timestamp":"2026-03-16T14:30:24.796Z","importId":3,"level":"WARN","message":"Linha 5374: Pontuação é 0 ou null","category":"PONTUACAO","context":{"rowNumber":5374,"points":0,"cnpj":"49267804000140","saleId":"3408875A","executiveName":"Ricardo Morais"}}
{"timestamp":"2026-03-16T14:30:24.803Z","importId":3,"level":"WARN","message":"Linha 5376: Pontuação é 0 ou null","category":"PONTUACAO","context":{"rowNumber":5376,"points":0,"cnpj":"49375721000175","saleId":"3408873A","executiveName":"Walter Junior"}}
{"timestamp":"2026-03-16T14:30:24.805Z","importId":3,"level":"WARN","message":"Linha 5377: Pontuação é 0 ou null","category":"PONTUACAO","context":{"rowNumber":5377,"points":0,"cnpj":"49375721000175","saleId":"3408872A","executiveName":"Walter Junior"}}
{"timestamp":"2026-03-16T14:30:24.807Z","importId":3,"level":"WARN","message":"Linha 5378: Pontuação é 0 ou null","category":"PONTUACAO","context":{"rowNumber":5378,"points":0,"cnpj":"27375346000120","saleId":"3408871A","executiveName":"Claudia Dias"}}
{"timestamp":"2026-03-16T14:30:24.811Z","importId":3,"level":"WARN","message":"Linha 5379: Pontuação é 0 ou null","category":"PONTUACAO","context":{"rowNumber":5379,"points":0,"cnpj":"27375346000120","saleId":"3408870A","executiveName":"Claudia Dias"}}
{"timestamp":"2026-03-16T14:30:24.813Z","importId":3,"level":"WARN","message":"Linha 5381: Pontuação é 0 ou null","category":"PONTUACAO","context":{"rowNumber":5381,"points":0,"cnpj":"30852640000190","saleId":"3408868A","executiveName":"Cristiano Dafre"}}
{"timestamp":"2026-03-16T14:30:24.815Z","importId":3,"level":"WARN","message":"Linha 5383: Pontuação é 0 ou null","category":"PONTUACAO","context":{"rowNumber":5383,"points":0,"cnpj":"42568415000106","saleId":"3408866A","executiveName":"Walter Junior"}}
{"timestamp":"2026-03-16T14:30:24.818Z","importId":3,"level":"WARN","message":"Linha 5384: Pontuação é 0 ou null","category":"PONTUACAO","context":{"rowNumber":5384,"points":0,"cnpj":"42568415000106","saleId":"3408865A","executiveName":"Walter Junior"}}
{"timestamp":"2026-03-16T14:30:24.824Z","importId":3,"level":"WARN","message":"Linha 5386: Pontuação é 0 ou null","category":"PONTUACAO","context":{"rowNumber":5386,"points":0,"cnpj":"56917909000163","saleId":"3408863A","executiveName":"Carlos Barbassa"}}
{"timestamp":"2026-03-16T14:30:24.829Z","importId":3,"level":"WARN","message":"Linha 5387: Pontuação é 0 ou null","category":"PONTUACAO","context":{"rowNumber":5387,"points":0,"cnpj":"32577645000188","saleId":"3410427A","executiveName":"Elza Lara"}}
{"timestamp":"2026-03-16T14:30:24.831Z","importId":3,"level":"WARN","message":"Linha 5388: Pontuação é 0 ou null","category":"PONTUACAO","context":{"rowNumber":5388,"points":0,"cnpj":"51575115000145","saleId":"3410431A","executiveName":"Cristiano Dafre"}}
{"timestamp":"2026-03-16T14:30:24.834Z","importId":3,"level":"WARN","message":"Linha 5389: Pontuação é 0 ou null","category":"PONTUACAO","context":{"rowNumber":5389,"points":0,"cnpj":"51575115000145","saleId":"3410432A","executiveName":"Cristiano Dafre"}}
{"timestamp":"2026-03-16T14:30:24.838Z","importId":3,"level":"WARN","message":"Linha 5390: Pontuação é 0 ou null","category":"PONTUACAO","context":{"rowNumber":5390,"points":0,"cnpj":"53699400000101","saleId":"3410433A","executiveName":"Ricardo Morais"}}
{"timestamp":"2026-03-16T14:30:24.849Z","importId":3,"level":"WARN","message":"Linha 5396: Pontuação é 0 ou null","category":"PONTUACAO","context":{"rowNumber":5396,"points":0,"cnpj":"28327129000128","saleId":"3419284A","executiveName":"Marlon Wander"}}
{"timestamp":"2026-03-16T14:30:24.854Z","importId":3,"level":"WARN","message":"Linha 5398: Pontuação é 0 ou null","category":"PONTUACAO","context":{"rowNumber":5398,"points":0,"cnpj":"21211391000163","saleId":"3419023A","executiveName":"Maira Vallim"}}
{"timestamp":"2026-03-16T14:30:24.860Z","importId":3,"level":"WARN","message":"Linha 5403: Pontuação é 0 ou null","category":"PONTUACAO","context":{"rowNumber":5403,"points":0,"cnpj":"54235752000160","saleId":"3416197A","executiveName":"Elza Lara"}}
{"timestamp":"2026-03-16T14:30:24.864Z","importId":3,"level":"WARN","message":"Linha 5404: Pontuação é 0 ou null","category":"PONTUACAO","context":{"rowNumber":5404,"points":0,"cnpj":"22764661000126","saleId":"3416191A","executiveName":"Marlon Wander"}}
{"timestamp":"2026-03-16T14:30:24.867Z","importId":3,"level":"WARN","message":"Linha 5405: Pontuação é 0 ou null","category":"PONTUACAO","context":{"rowNumber":5405,"points":0,"cnpj":"22764661000126","saleId":"3416190A","executiveName":"Marlon Wander"}}
{"timestamp":"2026-03-16T14:30:24.870Z","importId":3,"level":"WARN","message":"Linha 5406: Pontuação é 0 ou null","category":"PONTUACAO","context":{"rowNumber":5406,"points":0,"cnpj":"43398083000121","saleId":"3416176A","executiveName":"Karla Reis"}}
{"timestamp":"2026-03-16T14:30:24.872Z","importId":3,"level":"WARN","message":"Linha 5407: Pontuação é 0 ou null","category":"PONTUACAO","context":{"rowNumber":5407,"points":0,"cnpj":"07540346000121","saleId":"3416170A","executiveName":"Ricardo Morais"}}
{"timestamp":"2026-03-16T14:30:24.874Z","importId":3,"level":"WARN","message":"Linha 5408: Pontuação é 0 ou null","category":"PONTUACAO","context":{"rowNumber":5408,"points":0,"cnpj":"65549586000193","saleId":"3416168A","executiveName":"Cristiano Dafre"}}
{"timestamp":"2026-03-16T14:30:24.876Z","importId":3,"level":"WARN","message":"Linha 5409: Pontuação é 0 ou null","category":"PONTUACAO","context":{"rowNumber":5409,"points":0,"cnpj":"65549586000193","saleId":"3416164A","executiveName":"Cristiano Dafre"}}
{"timestamp":"2026-03-16T14:30:24.879Z","importId":3,"level":"WARN","message":"Linha 5410: Pontuação é 0 ou null","category":"PONTUACAO","context":{"rowNumber":5410,"points":0,"cnpj":"65549586000193","saleId":"3416162A","executiveName":"Cristiano Dafre"}}
{"timestamp":"2026-03-16T14:30:24.881Z","importId":3,"level":"WARN","message":"Linha 5411: Pontuação é 0 ou null","category":"PONTUACAO","context":{"rowNumber":5411,"points":0,"cnpj":"24869123000121","saleId":"3416146A","executiveName":"Elza Lara"}}
{"timestamp":"2026-03-16T14:30:24.884Z","importId":3,"level":"WARN","message":"Linha 5412: Pontuação é 0 ou null","category":"PONTUACAO","context":{"rowNumber":5412,"points":0,"cnpj":"54235752000160","saleId":"3416142A","executiveName":"Elza Lara"}}
{"timestamp":"2026-03-16T14:30:24.886Z","importId":3,"level":"WARN","message":"Linha 5413: Pontuação é 0 ou null","category":"PONTUACAO","context":{"rowNumber":5413,"points":0,"cnpj":"01795761000140","saleId":"3416141A","executiveName":"Cassia Shimabukuro"}}
{"timestamp":"2026-03-16T14:30:24.888Z","importId":3,"level":"WARN","message":"Linha 5414: Pontuação é 0 ou null","category":"PONTUACAO","context":{"rowNumber":5414,"points":0,"cnpj":"79379491000183","saleId":"3415815A","executiveName":"Marlon Wander"}}
{"timestamp":"2026-03-16T14:30:24.891Z","importId":3,"level":"WARN","message":"Linha 5415: Pontuação é 0 ou null","category":"PONTUACAO","context":{"rowNumber":5415,"points":0,"cnpj":"44580085000108","saleId":"3416192A","executiveName":"Cristiano Dafre"}}
{"timestamp":"2026-03-16T14:30:24.896Z","importId":3,"level":"WARN","message":"Linha 5418: Pontuação é 0 ou null","category":"PONTUACAO","context":{"rowNumber":5418,"points":0,"cnpj":"13336546000160","saleId":"3421809A","executiveName":"Marlon Wander"}}
{"timestamp":"2026-03-16T14:30:24.926Z","importId":3,"level":"WARN","message":"Linha 5434: Pontuação é 0 ou null","category":"PONTUACAO","context":{"rowNumber":5434,"points":0,"cnpj":"17443240000163","saleId":"3424440A","executiveName":"Gabriela Carvalho"}}
{"timestamp":"2026-03-16T14:30:24.929Z","importId":3,"level":"WARN","message":"Linha 5435: Pontuação é 0 ou null","category":"PONTUACAO","context":{"rowNumber":5435,"points":0,"cnpj":"20890330000107","saleId":"3424372A","executiveName":"Ricardo Morais"}}
{"timestamp":"2026-03-16T14:30:24.941Z","importId":3,"level":"WARN","message":"Linha 5443: Pontuação é 0 ou null","category":"PONTUACAO","context":{"rowNumber":5443,"points":0,"cnpj":"01004367000146","saleId":"3421811A","executiveName":"Marlon Wander"}}
{"timestamp":"2026-03-16T14:30:24.949Z","importId":3,"level":"WARN","message":"Linha 5448: Pontuação é 0 ou null","category":"PONTUACAO","context":{"rowNumber":5448,"points":0,"cnpj":"39861693000142","saleId":"3411990A","executiveName":"Karla Reis"}}
{"timestamp":"2026-03-16T14:30:24.951Z","importId":3,"level":"WARN","message":"Linha 5449: Pontuação é 0 ou null","category":"PONTUACAO","context":{"rowNumber":5449,"points":0,"cnpj":"07389466000170","saleId":"3411985A","executiveName":"Armando Soares"}}
{"timestamp":"2026-03-16T14:30:24.953Z","importId":3,"level":"WARN","message":"Linha 5450: Pontuação é 0 ou null","category":"PONTUACAO","context":{"rowNumber":5450,"points":0,"cnpj":"07389466000170","saleId":"3411984A","executiveName":"Armando Soares"}}
{"timestamp":"2026-03-16T14:30:24.956Z","importId":3,"level":"WARN","message":"Linha 5451: Pontuação é 0 ou null","category":"PONTUACAO","context":{"rowNumber":5451,"points":0,"cnpj":"18134620000189","saleId":"3411982A","executiveName":"Karla Reis"}}
{"timestamp":"2026-03-16T14:30:24.960Z","importId":3,"level":"WARN","message":"Linha 5452: Pontuação é 0 ou null","category":"PONTUACAO","context":{"rowNumber":5452,"points":0,"cnpj":"15505790000487","saleId":"3411973A","executiveName":"Carlos Brito"}}
{"timestamp":"2026-03-16T14:30:24.962Z","importId":3,"level":"WARN","message":"Linha 5453: Pontuação é 0 ou null","category":"PONTUACAO","context":{"rowNumber":5453,"points":0,"cnpj":"30607677000153","saleId":"3411970A","executiveName":"Rafaela Soares"}}
{"timestamp":"2026-03-16T14:30:24.964Z","importId":3,"level":"WARN","message":"Linha 5454: Pontuação é 0 ou null","category":"PONTUACAO","context":{"rowNumber":5454,"points":0,"cnpj":"58423229000119","saleId":"3411966A","executiveName":"Miguel Jenotti"}}
{"timestamp":"2026-03-16T14:30:24.968Z","importId":3,"level":"WARN","message":"Linha 5455: Pontuação é 0 ou null","category":"PONTUACAO","context":{"rowNumber":5455,"points":0,"cnpj":"15117936000174","saleId":"3411965A","executiveName":"Ronaldo Coelho"}}
{"timestamp":"2026-03-16T14:30:24.970Z","importId":3,"level":"WARN","message":"Linha 5456: Pontuação é 0 ou null","category":"PONTUACAO","context":{"rowNumber":5456,"points":0,"cnpj":"07874451000105","saleId":"3411964A","executiveName":"Carlos Barbassa"}}
{"timestamp":"2026-03-16T14:30:24.973Z","importId":3,"level":"WARN","message":"Linha 5457: Pontuação é 0 ou null","category":"PONTUACAO","context":{"rowNumber":5457,"points":0,"cnpj":"74557760000130","saleId":"3411963A","executiveName":"Claudia Dias"}}
{"timestamp":"2026-03-16T14:30:24.976Z","importId":3,"level":"WARN","message":"Linha 5458: Pontuação é 0 ou null","category":"PONTUACAO","context":{"rowNumber":5458,"points":0,"cnpj":"14815264000108","saleId":"3411959A","executiveName":"Armando Soares"}}
{"timestamp":"2026-03-16T14:30:24.979Z","importId":3,"level":"WARN","message":"Linha 5459: Pontuação é 0 ou null","category":"PONTUACAO","context":{"rowNumber":5459,"points":0,"cnpj":"39861693000142","saleId":"3411991A","executiveName":"Karla Reis"}}
{"timestamp":"2026-03-16T14:30:24.981Z","importId":3,"level":"WARN","message":"Linha 5460: Pontuação é 0 ou null","category":"PONTUACAO","context":{"rowNumber":5460,"points":0,"cnpj":"58215971000139","saleId":"3411958A","executiveName":"Rafaela Soares"}}
{"timestamp":"2026-03-16T14:30:24.992Z","importId":3,"level":"WARN","message":"Linha 5466: Pontuação é 0 ou null","category":"PONTUACAO","context":{"rowNumber":5466,"points":0,"cnpj":"20536275000151","saleId":"3410580A","executiveName":"Elza Lara"}}
{"timestamp":"2026-03-16T14:30:24.994Z","importId":3,"level":"WARN","message":"Linha 5467: Pontuação é 0 ou null","category":"PONTUACAO","context":{"rowNumber":5467,"points":0,"cnpj":"66988718000146","saleId":"3410571A","executiveName":"Cristiano Dafre"}}
{"timestamp":"2026-03-16T14:30:24.996Z","importId":3,"level":"WARN","message":"Linha 5468: Pontuação é 0 ou null","category":"PONTUACAO","context":{"rowNumber":5468,"points":0,"cnpj":"21432799000165","saleId":"3410570A","executiveName":"Andreza Lubatsch"}}
{"timestamp":"2026-03-16T14:30:24.999Z","importId":3,"level":"WARN","message":"Linha 5469: Pontuação é 0 ou null","category":"PONTUACAO","context":{"rowNumber":5469,"points":0,"cnpj":"21432799000165","saleId":"3410569A","executiveName":"Andreza Lubatsch"}}
{"timestamp":"2026-03-16T14:30:25.001Z","importId":3,"level":"WARN","message":"Linha 5470: Pontuação é 0 ou null","category":"PONTUACAO","context":{"rowNumber":5470,"points":0,"cnpj":"21432799000165","saleId":"3410568A","executiveName":"Andreza Lubatsch"}}
{"timestamp":"2026-03-16T14:30:25.002Z","importId":3,"level":"WARN","message":"Linha 5471: Pontuação é 0 ou null","category":"PONTUACAO","context":{"rowNumber":5471,"points":0,"cnpj":"40304172000173","saleId":"3410564A","executiveName":"Elza Lara"}}
{"timestamp":"2026-03-16T14:30:25.004Z","importId":3,"level":"WARN","message":"Linha 5472: Pontuação é 0 ou null","category":"PONTUACAO","context":{"rowNumber":5472,"points":0,"cnpj":"65423261000160","saleId":"3411937A","executiveName":"Ricardo Morais"}}
{"timestamp":"2026-03-16T14:30:25.008Z","importId":3,"level":"WARN","message":"Linha 5473: Pontuação é 0 ou null","category":"PONTUACAO","context":{"rowNumber":5473,"points":0,"cnpj":"32351158000100","saleId":"3412153A","executiveName":"Roberto Garbin"}}
{"timestamp":"2026-03-16T14:30:25.010Z","importId":3,"level":"WARN","message":"Linha 5474: Pontuação é 0 ou null","category":"PONTUACAO","context":{"rowNumber":5474,"points":0,"cnpj":"11820109000191","saleId":"3412220A","executiveName":"Soraya Romano"}}
{"timestamp":"2026-03-16T14:30:25.014Z","importId":3,"level":"WARN","message":"Linha 5475: Pontuação é 0 ou null","category":"PONTUACAO","context":{"rowNumber":5475,"points":0,"cnpj":"57066593000106","saleId":"3412227A","executiveName":"Gabriela Carvalho"}}
{"timestamp":"2026-03-16T14:30:25.703Z","importId":3,"level":"WARN","message":"Linha 5955: Pontuação é 0 ou null","category":"PONTUACAO","context":{"rowNumber":5955,"points":0,"cnpj":"04515852000172","saleId":"3406980A","executiveName":"Gabriela Carvalho"}}
{"timestamp":"2026-03-16T14:30:25.734Z","importId":3,"level":"WARN","message":"Linha 5975: Pontuação é 0 ou null","category":"PONTUACAO","context":{"rowNumber":5975,"points":0,"cnpj":"49375721000175","saleId":"3406323A","executiveName":"Walter Junior"}}
{"timestamp":"2026-03-16T14:30:25.737Z","importId":3,"level":"WARN","message":"Linha 5976: Pontuação é 0 ou null","category":"PONTUACAO","context":{"rowNumber":5976,"points":0,"cnpj":"49375721000175","saleId":"3406322A","executiveName":"Walter Junior"}}
{"timestamp":"2026-03-16T14:30:25.740Z","importId":3,"level":"WARN","message":"Linha 5977: Pontuação é 0 ou null","category":"PONTUACAO","context":{"rowNumber":5977,"points":0,"cnpj":"49375721000175","saleId":"3406321A","executiveName":"Walter Junior"}}
{"timestamp":"2026-03-16T14:30:25.743Z","importId":3,"level":"WARN","message":"Linha 5980: Pontuação é 0 ou null","category":"PONTUACAO","context":{"rowNumber":5980,"points":0,"cnpj":"05946137000157","saleId":"3406314A","executiveName":"Elza Lara"}}
{"timestamp":"2026-03-16T14:30:25.819Z","importId":3,"level":"WARN","message":"Linha 6037: Pontuação é 0 ou null","category":"PONTUACAO","context":{"rowNumber":6037,"points":0,"cnpj":"17443240000163","saleId":"3408882A","executiveName":"Gabriela Carvalho"}}
{"timestamp":"2026-03-16T14:30:25.961Z","importId":3,"level":"WARN","message":"Linha 6140: Pontuação é 0 ou null","category":"PONTUACAO","context":{"rowNumber":6140,"points":0,"cnpj":"52652039000197","saleId":"3406482A","executiveName":"Ricardo Morais"}}
{"timestamp":"2026-03-16T14:30:25.968Z","importId":3,"level":"WARN","message":"Linha 6144: Pontuação é 0 ou null","category":"PONTUACAO","context":{"rowNumber":6144,"points":0,"cnpj":"12100779000104","saleId":"3406477A","executiveName":"Carlos Brito"}}
{"timestamp":"2026-03-16T14:30:25.972Z","importId":3,"level":"WARN","message":"Linha 6145: Pontuação é 0 ou null","category":"PONTUACAO","context":{"rowNumber":6145,"points":0,"cnpj":"12100779000104","saleId":"3406476A","executiveName":"Carlos Brito"}}
{"timestamp":"2026-03-16T14:30:25.983Z","importId":3,"level":"WARN","message":"Linha 6154: Pontuação é 0 ou null","category":"PONTUACAO","context":{"rowNumber":6154,"points":0,"cnpj":"12100779000104","saleId":"3406480A","executiveName":"Carlos Brito"}}
{"timestamp":"2026-03-16T14:30:26.014Z","importId":3,"level":"WARN","message":"Linha 6176: Pontuação é 0 ou null","category":"PONTUACAO","context":{"rowNumber":6176,"points":0,"cnpj":"01004367000146","saleId":"3406558A","executiveName":"Marlon Wander"}}
{"timestamp":"2026-03-16T14:30:26.139Z","importId":3,"level":"WARN","message":"Linha 6252: Pontuação é 0 ou null","category":"PONTUACAO","context":{"rowNumber":6252,"points":0,"cnpj":"57608093000159","saleId":"3407497A","executiveName":"Cristiano Dafre"}}
{"timestamp":"2026-03-16T14:30:26.142Z","importId":3,"level":"WARN","message":"Linha 6253: Pontuação é 0 ou null","category":"PONTUACAO","context":{"rowNumber":6253,"points":0,"cnpj":"57608093000159","saleId":"3407496A","executiveName":"Cristiano Dafre"}}
{"timestamp":"2026-03-16T14:30:26.145Z","importId":3,"level":"WARN","message":"Linha 6254: Pontuação é 0 ou null","category":"PONTUACAO","context":{"rowNumber":6254,"points":0,"cnpj":"65423261000160","saleId":"3407510A","executiveName":"Ricardo Morais"}}
{"timestamp":"2026-03-16T14:30:26.148Z","importId":3,"level":"WARN","message":"Linha 6255: Pontuação é 0 ou null","category":"PONTUACAO","context":{"rowNumber":6255,"points":0,"cnpj":"57608093000159","saleId":"3407495A","executiveName":"Cristiano Dafre"}}
{"timestamp":"2026-03-16T14:30:26.151Z","importId":3,"level":"WARN","message":"Linha 6257: Pontuação é 0 ou null","category":"PONTUACAO","context":{"rowNumber":6257,"points":0,"cnpj":"07709889000120","saleId":"3407492A","executiveName":"Carlos Brito"}}
{"timestamp":"2026-03-16T14:30:26.153Z","importId":3,"level":"WARN","message":"Linha 6258: Pontuação é 0 ou null","category":"PONTUACAO","context":{"rowNumber":6258,"points":0,"cnpj":"07709889000120","saleId":"3407491A","executiveName":"Carlos Brito"}}
{"timestamp":"2026-03-16T14:30:26.165Z","importId":3,"level":"WARN","message":"Linha 6267: Pontuação é 0 ou null","category":"PONTUACAO","context":{"rowNumber":6267,"points":0,"cnpj":"57608093000159","saleId":"3407494A","executiveName":"Cristiano Dafre"}}
{"timestamp":"2026-03-16T14:30:26.167Z","importId":3,"level":"WARN","message":"Linha 6268: Pontuação é 0 ou null","category":"PONTUACAO","context":{"rowNumber":6268,"points":0,"cnpj":"21432799000165","saleId":"3407520A","executiveName":"Andreza Lubatsch"}}
{"timestamp":"2026-03-16T14:30:26.239Z","importId":3,"level":"WARN","message":"Linha 6301: Pontuação é 0 ou null","category":"PONTUACAO","context":{"rowNumber":6301,"points":0,"cnpj":"02116253000150","saleId":"3407810A","executiveName":"Elza Lara"}}
{"timestamp":"2026-03-16T14:30:26.242Z","importId":3,"level":"WARN","message":"Linha 6302: Pontuação é 0 ou null","category":"PONTUACAO","context":{"rowNumber":6302,"points":0,"cnpj":"02116253000150","saleId":"3407809A","executiveName":"Elza Lara"}}
{"timestamp":"2026-03-16T14:30:26.244Z","importId":3,"level":"WARN","message":"Linha 6303: Pontuação é 0 ou null","category":"PONTUACAO","context":{"rowNumber":6303,"points":0,"cnpj":"06256161000127","saleId":"3407808A","executiveName":"Pasquale Neto"}}
{"timestamp":"2026-03-16T14:30:26.246Z","importId":3,"level":"WARN","message":"Linha 6304: Pontuação é 0 ou null","category":"PONTUACAO","context":{"rowNumber":6304,"points":0,"cnpj":"06256161000127","saleId":"3407807A","executiveName":"Pasquale Neto"}}
{"timestamp":"2026-03-16T14:30:26.250Z","importId":3,"level":"WARN","message":"Linha 6305: Pontuação é 0 ou null","category":"PONTUACAO","context":{"rowNumber":6305,"points":0,"cnpj":"57608093000159","saleId":"3407806A","executiveName":"Cristiano Dafre"}}
{"timestamp":"2026-03-16T14:30:26.251Z","importId":3,"level":"WARN","message":"Linha 6306: Pontuação é 0 ou null","category":"PONTUACAO","context":{"rowNumber":6306,"points":0,"cnpj":"57608093000159","saleId":"3407805A","executiveName":"Cristiano Dafre"}}
{"timestamp":"2026-03-16T14:30:26.253Z","importId":3,"level":"WARN","message":"Linha 6307: Pontuação é 0 ou null","category":"PONTUACAO","context":{"rowNumber":6307,"points":0,"cnpj":"57608093000159","saleId":"3407804A","executiveName":"Cristiano Dafre"}}
{"timestamp":"2026-03-16T14:30:26.283Z","importId":3,"level":"WARN","message":"Linha 6325: Pontuação é 0 ou null","category":"PONTUACAO","context":{"rowNumber":6325,"points":0,"cnpj":"61086401000109","saleId":"3407813A","executiveName":"Pasquale Neto"}}
{"timestamp":"2026-03-16T14:30:26.299Z","importId":3,"level":"WARN","message":"Linha 6334: Pontuação é 0 ou null","category":"PONTUACAO","context":{"rowNumber":6334,"points":0,"cnpj":"46257674000177","saleId":"3407839A","executiveName":"Marlon Wander"}}
{"timestamp":"2026-03-16T14:30:26.303Z","importId":3,"level":"WARN","message":"Linha 6335: Pontuação é 0 ou null","category":"PONTUACAO","context":{"rowNumber":6335,"points":0,"cnpj":"01931473000175","saleId":"3407838A","executiveName":"Pasquale Neto"}}
{"timestamp":"2026-03-16T14:30:26.305Z","importId":3,"level":"WARN","message":"Linha 6336: Pontuação é 0 ou null","category":"PONTUACAO","context":{"rowNumber":6336,"points":0,"cnpj":"01931473000175","saleId":"3407837A","executiveName":"Pasquale Neto"}}
{"timestamp":"2026-03-16T14:30:26.306Z","importId":3,"level":"WARN","message":"Linha 6337: Pontuação é 0 ou null","category":"PONTUACAO","context":{"rowNumber":6337,"points":0,"cnpj":"01931473000175","saleId":"3407836A","executiveName":"Pasquale Neto"}}
{"timestamp":"2026-03-16T14:30:26.316Z","importId":3,"level":"WARN","message":"Linha 6341: Pontuação é 0 ou null","category":"PONTUACAO","context":{"rowNumber":6341,"points":0,"cnpj":"22624188000181","saleId":"3407831A","executiveName":"Ricardo Bueno"}}
{"timestamp":"2026-03-16T14:30:26.318Z","importId":3,"level":"WARN","message":"Linha 6343: Pontuação é 0 ou null","category":"PONTUACAO","context":{"rowNumber":6343,"points":0,"cnpj":"31696755000104","saleId":"3407829A","executiveName":"Pasquale Neto"}}
{"timestamp":"2026-03-16T14:30:26.431Z","importId":3,"level":"WARN","message":"Linha 6414: Pontuação é 0 ou null","category":"PONTUACAO","context":{"rowNumber":6414,"points":0,"cnpj":"43398083000121","saleId":"3407227A","executiveName":"Karla Reis"}}
{"timestamp":"2026-03-16T14:30:26.435Z","importId":3,"level":"WARN","message":"Linha 6415: Pontuação é 0 ou null","category":"PONTUACAO","context":{"rowNumber":6415,"points":0,"cnpj":"43398083000121","saleId":"3407226A","executiveName":"Karla Reis"}}
{"timestamp":"2026-03-16T14:30:26.440Z","importId":3,"level":"WARN","message":"Linha 6417: Pontuação é 0 ou null","category":"PONTUACAO","context":{"rowNumber":6417,"points":0,"cnpj":"09501234000197","saleId":"3407224A","executiveName":"Ricardo Bueno"}}
{"timestamp":"2026-03-16T14:30:26.445Z","importId":3,"level":"WARN","message":"Linha 6421: Pontuação é 0 ou null","category":"PONTUACAO","context":{"rowNumber":6421,"points":0,"cnpj":"24117034000129","saleId":"3407218A","executiveName":"Miguel Jenotti"}}
{"timestamp":"2026-03-16T14:30:26.449Z","importId":3,"level":"WARN","message":"Linha 6422: Pontuação é 0 ou null","category":"PONTUACAO","context":{"rowNumber":6422,"points":0,"cnpj":"24117034000129","saleId":"3407217A","executiveName":"Miguel Jenotti"}}
{"timestamp":"2026-03-16T14:30:26.458Z","importId":3,"level":"WARN","message":"Linha 6428: Pontuação é 0 ou null","category":"PONTUACAO","context":{"rowNumber":6428,"points":0,"cnpj":"07868518000190","saleId":"3407211A","executiveName":"Luana Fagundes"}}
{"timestamp":"2026-03-16T14:30:26.460Z","importId":3,"level":"WARN","message":"Linha 6429: Pontuação é 0 ou null","category":"PONTUACAO","context":{"rowNumber":6429,"points":0,"cnpj":"04033961000153","saleId":"3407210A","executiveName":"Elza Lara"}}
{"timestamp":"2026-03-16T14:30:26.471Z","importId":3,"level":"WARN","message":"Linha 6434: Pontuação é 0 ou null","category":"PONTUACAO","context":{"rowNumber":6434,"points":0,"cnpj":"11738302000188","saleId":"3407205A","executiveName":"Elza Lara"}}
{"timestamp":"2026-03-16T14:30:26.479Z","importId":3,"level":"WARN","message":"Linha 6440: Pontuação é 0 ou null","category":"PONTUACAO","context":{"rowNumber":6440,"points":0,"cnpj":"27375346000120","saleId":"3407229A","executiveName":"Claudia Dias"}}
{"timestamp":"2026-03-16T14:30:26.500Z","importId":3,"level":"WARN","message":"Linha 6453: Pontuação é 0 ou null","category":"PONTUACAO","context":{"rowNumber":6453,"points":0,"cnpj":"27375346000120","saleId":"3407230A","executiveName":"Claudia Dias"}}
{"timestamp":"2026-03-16T14:30:26.513Z","importId":3,"level":"WARN","message":"Linha 6461: Pontuação é 0 ou null","category":"PONTUACAO","context":{"rowNumber":6461,"points":0,"cnpj":"46701939000184","saleId":"3407239A","executiveName":"Miguel Jenotti"}}
{"timestamp":"2026-03-16T14:30:26.540Z","importId":3,"level":"WARN","message":"Linha 6475: Pontuação é 0 ou null","category":"PONTUACAO","context":{"rowNumber":6475,"points":0,"cnpj":"48787023890","saleId":"3407136A","executiveName":"Sem Promotor"}}
{"timestamp":"2026-03-16T14:30:26.841Z","importId":3,"level":"WARN","message":"Linha 6689: Pontuação é 0 ou null","category":"PONTUACAO","context":{"rowNumber":6689,"points":0,"cnpj":"03022734000160","saleId":"206583M1702558","executiveName":"JUNIA CLEMENTE"}}
{"timestamp":"2026-03-16T14:30:26.933Z","importId":3,"level":"WARN","message":"Linha 6755: Pontuação é 0 ou null","category":"PONTUACAO","context":{"rowNumber":6755,"points":0,"cnpj":"72050016000110","saleId":"210068M1702400","executiveName":"JUNIA CLEMENTE"}}
{"timestamp":"2026-03-16T14:30:27.019Z","importId":3,"level":"WARN","message":"Linha 6809: Pontuação é 0 ou null","category":"PONTUACAO","context":{"rowNumber":6809,"points":0,"cnpj":"13691907000196","saleId":"207864M1702550","executiveName":"JUNIA CLEMENTE"}}
{"timestamp":"2026-03-16T14:30:27.039Z","importId":3,"level":"WARN","message":"Linha 6821: Pontuação é 0 ou null","category":"PONTUACAO","context":{"rowNumber":6821,"points":0,"cnpj":"41416177000150","saleId":"208392M1702573","executiveName":"Sem Promotor"}}
{"timestamp":"2026-03-16T14:30:27.564Z","importId":3,"level":"WARN","message":"Linha 7175: Pontuação é 0 ou null","category":"PONTUACAO","context":{"rowNumber":7175,"points":0,"cnpj":"40304172000173","saleId":"3410700A","executiveName":"Elza Lara"}}
{"timestamp":"2026-03-16T14:30:27.570Z","importId":3,"level":"WARN","message":"Linha 7179: Pontuação é 0 ou null","category":"PONTUACAO","context":{"rowNumber":7179,"points":0,"cnpj":"40304172000173","saleId":"3410698A","executiveName":"Elza Lara"}}
{"timestamp":"2026-03-16T14:30:27.635Z","importId":3,"level":"WARN","message":"Linha 7225: Pontuação é 0 ou null","category":"PONTUACAO","context":{"rowNumber":7225,"points":0,"cnpj":"29416586000151","saleId":"3410734A","executiveName":"Pasquale Neto"}}
{"timestamp":"2026-03-16T14:30:27.639Z","importId":3,"level":"WARN","message":"Linha 7227: Pontuação é 0 ou null","category":"PONTUACAO","context":{"rowNumber":7227,"points":0,"cnpj":"29416586000151","saleId":"3410733A","executiveName":"Pasquale Neto"}}
{"timestamp":"2026-03-16T14:30:28.092Z","importId":3,"level":"WARN","message":"Linha 7534: Pontuação é 0 ou null","category":"PONTUACAO","context":{"rowNumber":7534,"points":0,"cnpj":"24839282000183","saleId":"3411648A","executiveName":"Karla Reis"}}
{"timestamp":"2026-03-16T14:30:28.098Z","importId":3,"level":"WARN","message":"Linha 7536: Pontuação é 0 ou null","category":"PONTUACAO","context":{"rowNumber":7536,"points":0,"cnpj":"01897387741","saleId":"3415482A","executiveName":"Elza Lara"}}
{"timestamp":"2026-03-16T14:30:28.101Z","importId":3,"level":"WARN","message":"Linha 7537: Pontuação é 0 ou null","category":"PONTUACAO","context":{"rowNumber":7537,"points":0,"cnpj":"43398083000121","saleId":"3415481A","executiveName":"Karla Reis"}}
{"timestamp":"2026-03-16T14:30:28.104Z","importId":3,"level":"WARN","message":"Linha 7538: Pontuação é 0 ou null","category":"PONTUACAO","context":{"rowNumber":7538,"points":0,"cnpj":"43398083000121","saleId":"3415480A","executiveName":"Karla Reis"}}
{"timestamp":"2026-03-16T14:30:28.106Z","importId":3,"level":"WARN","message":"Linha 7539: Pontuação é 0 ou null","category":"PONTUACAO","context":{"rowNumber":7539,"points":0,"cnpj":"13512049000175","saleId":"3415467A","executiveName":"Rafaela Soares"}}
{"timestamp":"2026-03-16T14:30:28.109Z","importId":3,"level":"WARN","message":"Linha 7540: Pontuação é 0 ou null","category":"PONTUACAO","context":{"rowNumber":7540,"points":0,"cnpj":"13512049000175","saleId":"3415466A","executiveName":"Rafaela Soares"}}
{"timestamp":"2026-03-16T14:30:28.112Z","importId":3,"level":"WARN","message":"Linha 7541: Pontuação é 0 ou null","category":"PONTUACAO","context":{"rowNumber":7541,"points":0,"cnpj":"29871389000122","saleId":"3415449A","executiveName":"Kelly Furno"}}
{"timestamp":"2026-03-16T14:30:28.115Z","importId":3,"level":"WARN","message":"Linha 7542: Pontuação é 0 ou null","category":"PONTUACAO","context":{"rowNumber":7542,"points":0,"cnpj":"29871389000122","saleId":"3415448A","executiveName":"Kelly Furno"}}
{"timestamp":"2026-03-16T14:30:28.117Z","importId":3,"level":"WARN","message":"Linha 7543: Pontuação é 0 ou null","category":"PONTUACAO","context":{"rowNumber":7543,"points":0,"cnpj":"24281510000142","saleId":"3415446A","executiveName":"Elza Lara"}}
{"timestamp":"2026-03-16T14:30:28.119Z","importId":3,"level":"WARN","message":"Linha 7544: Pontuação é 0 ou null","category":"PONTUACAO","context":{"rowNumber":7544,"points":0,"cnpj":"24281510000142","saleId":"3415445A","executiveName":"Elza Lara"}}
{"timestamp":"2026-03-16T14:30:28.122Z","importId":3,"level":"WARN","message":"Linha 7545: Pontuação é 0 ou null","category":"PONTUACAO","context":{"rowNumber":7545,"points":0,"cnpj":"24281510000142","saleId":"3415444A","executiveName":"Elza Lara"}}
{"timestamp":"2026-03-16T14:30:28.125Z","importId":3,"level":"WARN","message":"Linha 7546: Pontuação é 0 ou null","category":"PONTUACAO","context":{"rowNumber":7546,"points":0,"cnpj":"29482693000188","saleId":"3415483A","executiveName":"Maira Vallim"}}
{"timestamp":"2026-03-16T14:30:28.127Z","importId":3,"level":"WARN","message":"Linha 7547: Pontuação é 0 ou null","category":"PONTUACAO","context":{"rowNumber":7547,"points":0,"cnpj":"02176990000149","saleId":"3415391A","executiveName":"Gabriela Carvalho"}}
{"timestamp":"2026-03-16T14:30:28.129Z","importId":3,"level":"WARN","message":"Linha 7548: Pontuação é 0 ou null","category":"PONTUACAO","context":{"rowNumber":7548,"points":0,"cnpj":"00141852000107","saleId":"3415384A","executiveName":"Pasquale Neto"}}
{"timestamp":"2026-03-16T14:30:28.131Z","importId":3,"level":"WARN","message":"Linha 7549: Pontuação é 0 ou null","category":"PONTUACAO","context":{"rowNumber":7549,"points":0,"cnpj":"00141852000107","saleId":"3415383A","executiveName":"Pasquale Neto"}}
{"timestamp":"2026-03-16T14:30:28.135Z","importId":3,"level":"WARN","message":"Linha 7550: Pontuação é 0 ou null","category":"PONTUACAO","context":{"rowNumber":7550,"points":0,"cnpj":"07709889000120","saleId":"3415382A","executiveName":"Carlos Brito"}}
{"timestamp":"2026-03-16T14:30:28.148Z","importId":3,"level":"WARN","message":"Linha 7556: Pontuação é 0 ou null","category":"PONTUACAO","context":{"rowNumber":7556,"points":0,"cnpj":"17549005000170","saleId":"3412519A","executiveName":"Marlon Wander"}}
{"timestamp":"2026-03-16T14:30:28.149Z","importId":3,"level":"WARN","message":"Linha 7557: Pontuação é 0 ou null","category":"PONTUACAO","context":{"rowNumber":7557,"points":0,"cnpj":"17549005000170","saleId":"3412516A","executiveName":"Marlon Wander"}}
{"timestamp":"2026-03-16T14:30:28.153Z","importId":3,"level":"WARN","message":"Linha 7558: Pontuação é 0 ou null","category":"PONTUACAO","context":{"rowNumber":7558,"points":0,"cnpj":"12100779000104","saleId":"3415387A","executiveName":"Carlos Brito"}}
{"timestamp":"2026-03-16T14:30:28.157Z","importId":3,"level":"WARN","message":"Linha 7559: Pontuação é 0 ou null","category":"PONTUACAO","context":{"rowNumber":7559,"points":0,"cnpj":"21860827000145","saleId":"3415484A","executiveName":"Ricardo Morais"}}
{"timestamp":"2026-03-16T14:30:28.159Z","importId":3,"level":"WARN","message":"Linha 7560: Pontuação é 0 ou null","category":"PONTUACAO","context":{"rowNumber":7560,"points":0,"cnpj":"21860827000145","saleId":"3415485A","executiveName":"Ricardo Morais"}}
{"timestamp":"2026-03-16T14:30:28.161Z","importId":3,"level":"WARN","message":"Linha 7561: Pontuação é 0 ou null","category":"PONTUACAO","context":{"rowNumber":7561,"points":0,"cnpj":"21860827000145","saleId":"3415486A","executiveName":"Ricardo Morais"}}
{"timestamp":"2026-03-16T14:30:28.184Z","importId":3,"level":"WARN","message":"Linha 7575: Pontuação é 0 ou null","category":"PONTUACAO","context":{"rowNumber":7575,"points":0,"cnpj":"40146859000128","saleId":"3415523A","executiveName":"Clarissa Cavalheiro"}}
{"timestamp":"2026-03-16T14:30:28.186Z","importId":3,"level":"WARN","message":"Linha 7576: Pontuação é 0 ou null","category":"PONTUACAO","context":{"rowNumber":7576,"points":0,"cnpj":"40146859000128","saleId":"3415522A","executiveName":"Clarissa Cavalheiro"}}
{"timestamp":"2026-03-16T14:30:28.187Z","importId":3,"level":"WARN","message":"Linha 7577: Pontuação é 0 ou null","category":"PONTUACAO","context":{"rowNumber":7577,"points":0,"cnpj":"40146859000128","saleId":"3415521A","executiveName":"Clarissa Cavalheiro"}}
{"timestamp":"2026-03-16T14:30:28.191Z","importId":3,"level":"WARN","message":"Linha 7578: Pontuação é 0 ou null","category":"PONTUACAO","context":{"rowNumber":7578,"points":0,"cnpj":"40146859000128","saleId":"3415520A","executiveName":"Clarissa Cavalheiro"}}
{"timestamp":"2026-03-16T14:30:28.193Z","importId":3,"level":"WARN","message":"Linha 7579: Pontuação é 0 ou null","category":"PONTUACAO","context":{"rowNumber":7579,"points":0,"cnpj":"40146859000128","saleId":"3415519A","executiveName":"Clarissa Cavalheiro"}}
{"timestamp":"2026-03-16T14:30:28.195Z","importId":3,"level":"WARN","message":"Linha 7580: Pontuação é 0 ou null","category":"PONTUACAO","context":{"rowNumber":7580,"points":0,"cnpj":"40146859000128","saleId":"3415518A","executiveName":"Clarissa Cavalheiro"}}
{"timestamp":"2026-03-16T14:30:28.198Z","importId":3,"level":"WARN","message":"Linha 7581: Pontuação é 0 ou null","category":"PONTUACAO","context":{"rowNumber":7581,"points":0,"cnpj":"55519087000108","saleId":"3415516A","executiveName":"Kelly Furno"}}
{"timestamp":"2026-03-16T14:30:28.200Z","importId":3,"level":"WARN","message":"Linha 7582: Pontuação é 0 ou null","category":"PONTUACAO","context":{"rowNumber":7582,"points":0,"cnpj":"21860827000145","saleId":"3415489A","executiveName":"Ricardo Morais"}}
{"timestamp":"2026-03-16T14:30:28.202Z","importId":3,"level":"WARN","message":"Linha 7583: Pontuação é 0 ou null","category":"PONTUACAO","context":{"rowNumber":7583,"points":0,"cnpj":"21860827000145","saleId":"3415488A","executiveName":"Ricardo Morais"}}
{"timestamp":"2026-03-16T14:30:28.204Z","importId":3,"level":"WARN","message":"Linha 7584: Pontuação é 0 ou null","category":"PONTUACAO","context":{"rowNumber":7584,"points":0,"cnpj":"21860827000145","saleId":"3415487A","executiveName":"Ricardo Morais"}}
{"timestamp":"2026-03-16T14:30:28.208Z","importId":3,"level":"WARN","message":"Linha 7585: Pontuação é 0 ou null","category":"PONTUACAO","context":{"rowNumber":7585,"points":0,"cnpj":"32351158000100","saleId":"3412246A","executiveName":"Roberto Garbin"}}
{"timestamp":"2026-03-16T14:30:28.212Z","importId":3,"level":"WARN","message":"Linha 7588: Pontuação é 0 ou null","category":"PONTUACAO","context":{"rowNumber":7588,"points":0,"cnpj":"11820109000191","saleId":"3412224A","executiveName":"Soraya Romano"}}
{"timestamp":"2026-03-16T14:30:28.214Z","importId":3,"level":"WARN","message":"Linha 7589: Pontuação é 0 ou null","category":"PONTUACAO","context":{"rowNumber":7589,"points":0,"cnpj":"18483090000184","saleId":"3411935A","executiveName":"Ricardo Morais"}}
{"timestamp":"2026-03-16T14:30:28.216Z","importId":3,"level":"WARN","message":"Linha 7590: Pontuação é 0 ou null","category":"PONTUACAO","context":{"rowNumber":7590,"points":0,"cnpj":"18483090000184","saleId":"3411933A","executiveName":"Ricardo Morais"}}
{"timestamp":"2026-03-16T14:30:28.218Z","importId":3,"level":"WARN","message":"Linha 7591: Pontuação é 0 ou null","category":"PONTUACAO","context":{"rowNumber":7591,"points":0,"cnpj":"06698980000124","saleId":"3411932A","executiveName":"Cristiano Dafre"}}
{"timestamp":"2026-03-16T14:30:28.219Z","importId":3,"level":"WARN","message":"Linha 7592: Pontuação é 0 ou null","category":"PONTUACAO","context":{"rowNumber":7592,"points":0,"cnpj":"06698980000124","saleId":"3411931A","executiveName":"Cristiano Dafre"}}
{"timestamp":"2026-03-16T14:30:28.222Z","importId":3,"level":"WARN","message":"Linha 7593: Pontuação é 0 ou null","category":"PONTUACAO","context":{"rowNumber":7593,"points":0,"cnpj":"57954299000130","saleId":"3411930A","executiveName":"Ricardo Bueno"}}
{"timestamp":"2026-03-16T14:30:28.224Z","importId":3,"level":"WARN","message":"Linha 7594: Pontuação é 0 ou null","category":"PONTUACAO","context":{"rowNumber":7594,"points":0,"cnpj":"57954299000130","saleId":"3411929A","executiveName":"Ricardo Bueno"}}
{"timestamp":"2026-03-16T14:30:28.231Z","importId":3,"level":"WARN","message":"Linha 7597: Pontuação é 0 ou null","category":"PONTUACAO","context":{"rowNumber":7597,"points":0,"cnpj":"36417780000117","saleId":"3411839A","executiveName":"Kelly Furno"}}
{"timestamp":"2026-03-16T14:30:28.235Z","importId":3,"level":"WARN","message":"Linha 7600: Pontuação é 0 ou null","category":"PONTUACAO","context":{"rowNumber":7600,"points":0,"cnpj":"52190694000170","saleId":"3411698A","executiveName":"Maira Vallim"}}
{"timestamp":"2026-03-16T14:30:28.237Z","importId":3,"level":"WARN","message":"Linha 7601: Pontuação é 0 ou null","category":"PONTUACAO","context":{"rowNumber":7601,"points":0,"cnpj":"05665361000170","saleId":"3411667A","executiveName":"Gabriela Carvalho"}}
{"timestamp":"2026-03-16T14:30:28.239Z","importId":3,"level":"WARN","message":"Linha 7602: Pontuação é 0 ou null","category":"PONTUACAO","context":{"rowNumber":7602,"points":0,"cnpj":"32723190000161","saleId":"3411666A","executiveName":"Leonardo Ligabo"}}
{"timestamp":"2026-03-16T14:30:28.242Z","importId":3,"level":"WARN","message":"Linha 7604: Pontuação é 0 ou null","category":"PONTUACAO","context":{"rowNumber":7604,"points":0,"cnpj":"24839282000183","saleId":"3411650A","executiveName":"Karla Reis"}}
{"timestamp":"2026-03-16T14:30:28.247Z","importId":3,"level":"WARN","message":"Linha 7605: Pontuação é 0 ou null","category":"PONTUACAO","context":{"rowNumber":7605,"points":0,"cnpj":"24839282000183","saleId":"3411649A","executiveName":"Karla Reis"}}
{"timestamp":"2026-03-16T14:30:28.248Z","importId":3,"level":"WARN","message":"Linha 7606: Pontuação é 0 ou null","category":"PONTUACAO","context":{"rowNumber":7606,"points":0,"cnpj":"24839282000183","saleId":"3411647A","executiveName":"Karla Reis"}}
{"timestamp":"2026-03-16T14:30:28.251Z","importId":3,"level":"WARN","message":"Linha 7607: Pontuação é 0 ou null","category":"PONTUACAO","context":{"rowNumber":7607,"points":0,"cnpj":"24839282000183","saleId":"3411642A","executiveName":"Karla Reis"}}
{"timestamp":"2026-03-16T14:30:28.253Z","importId":3,"level":"WARN","message":"Linha 7608: Pontuação é 0 ou null","category":"PONTUACAO","context":{"rowNumber":7608,"points":0,"cnpj":"24839282000183","saleId":"3411641A","executiveName":"Karla Reis"}}
{"timestamp":"2026-03-16T14:30:28.255Z","importId":3,"level":"WARN","message":"Linha 7609: Pontuação é 0 ou null","category":"PONTUACAO","context":{"rowNumber":7609,"points":0,"cnpj":"24839282000183","saleId":"3411640A","executiveName":"Karla Reis"}}
{"timestamp":"2026-03-16T14:30:28.258Z","importId":3,"level":"WARN","message":"Linha 7610: Pontuação é 0 ou null","category":"PONTUACAO","context":{"rowNumber":7610,"points":0,"cnpj":"24839282000183","saleId":"3411639A","executiveName":"Karla Reis"}}
{"timestamp":"2026-03-16T14:30:28.260Z","importId":3,"level":"WARN","message":"Linha 7611: Pontuação é 0 ou null","category":"PONTUACAO","context":{"rowNumber":7611,"points":0,"cnpj":"12416622000184","saleId":"3411636A","executiveName":"Elza Lara"}}
{"timestamp":"2026-03-16T14:30:28.262Z","importId":3,"level":"WARN","message":"Linha 7612: Pontuação é 0 ou null","category":"PONTUACAO","context":{"rowNumber":7612,"points":0,"cnpj":"18483090000184","saleId":"3411936A","executiveName":"Ricardo Morais"}}
{"timestamp":"2026-03-16T14:30:28.267Z","importId":3,"level":"WARN","message":"Linha 7614: Pontuação é 0 ou null","category":"PONTUACAO","context":{"rowNumber":7614,"points":0,"cnpj":"00645801000104","saleId":"3411945A","executiveName":"Ricardo Morais"}}
{"timestamp":"2026-03-16T14:30:28.270Z","importId":3,"level":"WARN","message":"Linha 7615: Pontuação é 0 ou null","category":"PONTUACAO","context":{"rowNumber":7615,"points":0,"cnpj":"00645801000104","saleId":"3411947A","executiveName":"Ricardo Morais"}}
{"timestamp":"2026-03-16T14:30:28.272Z","importId":3,"level":"WARN","message":"Linha 7616: Pontuação é 0 ou null","category":"PONTUACAO","context":{"rowNumber":7616,"points":0,"cnpj":"11820109000191","saleId":"3412223A","executiveName":"Soraya Romano"}}
{"timestamp":"2026-03-16T14:30:28.275Z","importId":3,"level":"WARN","message":"Linha 7617: Pontuação é 0 ou null","category":"PONTUACAO","context":{"rowNumber":7617,"points":0,"cnpj":"11820109000191","saleId":"3412222A","executiveName":"Soraya Romano"}}
{"timestamp":"2026-03-16T14:30:28.277Z","importId":3,"level":"WARN","message":"Linha 7618: Pontuação é 0 ou null","category":"PONTUACAO","context":{"rowNumber":7618,"points":0,"cnpj":"11820109000191","saleId":"3412221A","executiveName":"Soraya Romano"}}
{"timestamp":"2026-03-16T14:30:28.285Z","importId":3,"level":"WARN","message":"Linha 7623: Pontuação é 0 ou null","category":"PONTUACAO","context":{"rowNumber":7623,"points":0,"cnpj":"00319829000232","saleId":"3412206A","executiveName":"William Silva"}}
{"timestamp":"2026-03-16T14:30:28.286Z","importId":3,"level":"WARN","message":"Linha 7624: Pontuação é 0 ou null","category":"PONTUACAO","context":{"rowNumber":7624,"points":0,"cnpj":"00319829000232","saleId":"3412205A","executiveName":"William Silva"}}
{"timestamp":"2026-03-16T14:30:28.289Z","importId":3,"level":"WARN","message":"Linha 7625: Pontuação é 0 ou null","category":"PONTUACAO","context":{"rowNumber":7625,"points":0,"cnpj":"95171119000133","saleId":"3412156A","executiveName":"Carlos Brito"}}
{"timestamp":"2026-03-16T14:30:28.293Z","importId":3,"level":"WARN","message":"Linha 7626: Pontuação é 0 ou null","category":"PONTUACAO","context":{"rowNumber":7626,"points":0,"cnpj":"08950874000111","saleId":"3412145A","executiveName":"Elza Lara"}}
{"timestamp":"2026-03-16T14:30:28.294Z","importId":3,"level":"WARN","message":"Linha 7627: Pontuação é 0 ou null","category":"PONTUACAO","context":{"rowNumber":7627,"points":0,"cnpj":"08950874000111","saleId":"3412144A","executiveName":"Elza Lara"}}
{"timestamp":"2026-03-16T14:30:28.296Z","importId":3,"level":"WARN","message":"Linha 7628: Pontuação é 0 ou null","category":"PONTUACAO","context":{"rowNumber":7628,"points":0,"cnpj":"01931473000175","saleId":"3411988A","executiveName":"Pasquale Neto"}}
{"timestamp":"2026-03-16T14:30:28.298Z","importId":3,"level":"WARN","message":"Linha 7629: Pontuação é 0 ou null","category":"PONTUACAO","context":{"rowNumber":7629,"points":0,"cnpj":"01931473000175","saleId":"3411987A","executiveName":"Pasquale Neto"}}
{"timestamp":"2026-03-16T14:30:28.300Z","importId":3,"level":"WARN","message":"Linha 7630: Pontuação é 0 ou null","category":"PONTUACAO","context":{"rowNumber":7630,"points":0,"cnpj":"01931473000175","saleId":"3411986A","executiveName":"Pasquale Neto"}}
{"timestamp":"2026-03-16T14:30:28.302Z","importId":3,"level":"WARN","message":"Linha 7631: Pontuação é 0 ou null","category":"PONTUACAO","context":{"rowNumber":7631,"points":0,"cnpj":"32667621000110","saleId":"3411981A","executiveName":"Marlon Wander"}}
{"timestamp":"2026-03-16T14:30:28.304Z","importId":3,"level":"WARN","message":"Linha 7632: Pontuação é 0 ou null","category":"PONTUACAO","context":{"rowNumber":7632,"points":0,"cnpj":"32667621000110","saleId":"3411980A","executiveName":"Marlon Wander"}}
{"timestamp":"2026-03-16T14:30:28.305Z","importId":3,"level":"WARN","message":"Linha 7633: Pontuação é 0 ou null","category":"PONTUACAO","context":{"rowNumber":7633,"points":0,"cnpj":"32667621000110","saleId":"3411979A","executiveName":"Marlon Wander"}}
{"timestamp":"2026-03-16T14:30:28.309Z","importId":3,"level":"WARN","message":"Linha 7634: Pontuação é 0 ou null","category":"PONTUACAO","context":{"rowNumber":7634,"points":0,"cnpj":"32667621000110","saleId":"3411978A","executiveName":"Marlon Wander"}}
{"timestamp":"2026-03-16T14:30:28.312Z","importId":3,"level":"WARN","message":"Linha 7635: Pontuação é 0 ou null","category":"PONTUACAO","context":{"rowNumber":7635,"points":0,"cnpj":"32667621000110","saleId":"3411977A","executiveName":"Marlon Wander"}}
{"timestamp":"2026-03-16T14:30:28.315Z","importId":3,"level":"WARN","message":"Linha 7636: Pontuação é 0 ou null","category":"PONTUACAO","context":{"rowNumber":7636,"points":0,"cnpj":"32667621000110","saleId":"3411976A","executiveName":"Marlon Wander"}}
{"timestamp":"2026-03-16T14:30:28.316Z","importId":3,"level":"WARN","message":"Linha 7637: Pontuação é 0 ou null","category":"PONTUACAO","context":{"rowNumber":7637,"points":0,"cnpj":"32667621000110","saleId":"3411975A","executiveName":"Marlon Wander"}}
{"timestamp":"2026-03-16T14:30:28.319Z","importId":3,"level":"WARN","message":"Linha 7638: Pontuação é 0 ou null","category":"PONTUACAO","context":{"rowNumber":7638,"points":0,"cnpj":"32667621000110","saleId":"3411974A","executiveName":"Marlon Wander"}}
{"timestamp":"2026-03-16T14:30:28.321Z","importId":3,"level":"WARN","message":"Linha 7639: Pontuação é 0 ou null","category":"PONTUACAO","context":{"rowNumber":7639,"points":0,"cnpj":"00645801000104","saleId":"3411946A","executiveName":"Ricardo Morais"}}
{"timestamp":"2026-03-16T14:30:28.323Z","importId":3,"level":"WARN","message":"Linha 7640: Pontuação é 0 ou null","category":"PONTUACAO","context":{"rowNumber":7640,"points":0,"cnpj":"47229908000135","saleId":"3415890A","executiveName":"Maira Vallim"}}
{"timestamp":"2026-03-16T14:30:28.325Z","importId":3,"level":"WARN","message":"Linha 7641: Pontuação é 0 ou null","category":"PONTUACAO","context":{"rowNumber":7641,"points":0,"cnpj":"47229908000135","saleId":"3415891A","executiveName":"Maira Vallim"}}
{"timestamp":"2026-03-16T14:30:28.329Z","importId":3,"level":"WARN","message":"Linha 7642: Pontuação é 0 ou null","category":"PONTUACAO","context":{"rowNumber":7642,"points":0,"cnpj":"47229908000135","saleId":"3415892A","executiveName":"Maira Vallim"}}
{"timestamp":"2026-03-16T14:30:28.341Z","importId":3,"level":"WARN","message":"Linha 7651: Pontuação é 0 ou null","category":"PONTUACAO","context":{"rowNumber":7651,"points":0,"cnpj":"24103690000172","saleId":"3419024A","executiveName":"Karla Reis"}}
{"timestamp":"2026-03-16T14:30:28.369Z","importId":3,"level":"WARN","message":"Linha 7669: Pontuação é 0 ou null","category":"PONTUACAO","context":{"rowNumber":7669,"points":0,"cnpj":"15505790000487","saleId":"3421241A","executiveName":"Carlos Brito"}}
{"timestamp":"2026-03-16T14:30:28.375Z","importId":3,"level":"WARN","message":"Linha 7672: Pontuação é 0 ou null","category":"PONTUACAO","context":{"rowNumber":7672,"points":0,"cnpj":"08436093000103","saleId":"3427675A","executiveName":"Pasquale Neto"}}
{"timestamp":"2026-03-16T14:30:28.376Z","importId":3,"level":"WARN","message":"Linha 7673: Pontuação é 0 ou null","category":"PONTUACAO","context":{"rowNumber":7673,"points":0,"cnpj":"11812253000186","saleId":"3427608A","executiveName":"Grasiele Nascimento"}}
{"timestamp":"2026-03-16T14:30:28.380Z","importId":3,"level":"WARN","message":"Linha 7674: Pontuação é 0 ou null","category":"PONTUACAO","context":{"rowNumber":7674,"points":0,"cnpj":"11812253000186","saleId":"3427606A","executiveName":"Grasiele Nascimento"}}
{"timestamp":"2026-03-16T14:30:28.387Z","importId":3,"level":"WARN","message":"Linha 7679: Pontuação é 0 ou null","category":"PONTUACAO","context":{"rowNumber":7679,"points":0,"cnpj":"08596472000160","saleId":"3422307A","executiveName":"Rafaela Soares"}}
{"timestamp":"2026-03-16T14:30:28.403Z","importId":3,"level":"WARN","message":"Linha 7690: Pontuação é 0 ou null","category":"PONTUACAO","context":{"rowNumber":7690,"points":0,"cnpj":"24103690000172","saleId":"3421812A","executiveName":"Karla Reis"}}
{"timestamp":"2026-03-16T14:30:28.415Z","importId":3,"level":"WARN","message":"Linha 7697: Pontuação é 0 ou null","category":"PONTUACAO","context":{"rowNumber":7697,"points":0,"cnpj":"47229908000135","saleId":"3415915A","executiveName":"Maira Vallim"}}
{"timestamp":"2026-03-16T14:30:28.417Z","importId":3,"level":"WARN","message":"Linha 7698: Pontuação é 0 ou null","category":"PONTUACAO","context":{"rowNumber":7698,"points":0,"cnpj":"47229908000135","saleId":"3415914A","executiveName":"Maira Vallim"}}
{"timestamp":"2026-03-16T14:30:28.418Z","importId":3,"level":"WARN","message":"Linha 7699: Pontuação é 0 ou null","category":"PONTUACAO","context":{"rowNumber":7699,"points":0,"cnpj":"47229908000135","saleId":"3415913A","executiveName":"Maira Vallim"}}
{"timestamp":"2026-03-16T14:30:28.421Z","importId":3,"level":"WARN","message":"Linha 7700: Pontuação é 0 ou null","category":"PONTUACAO","context":{"rowNumber":7700,"points":0,"cnpj":"47229908000135","saleId":"3415912A","executiveName":"Maira Vallim"}}
{"timestamp":"2026-03-16T14:30:28.422Z","importId":3,"level":"WARN","message":"Linha 7701: Pontuação é 0 ou null","category":"PONTUACAO","context":{"rowNumber":7701,"points":0,"cnpj":"47229908000135","saleId":"3415911A","executiveName":"Maira Vallim"}}
{"timestamp":"2026-03-16T14:30:28.425Z","importId":3,"level":"WARN","message":"Linha 7702: Pontuação é 0 ou null","category":"PONTUACAO","context":{"rowNumber":7702,"points":0,"cnpj":"47229908000135","saleId":"3415910A","executiveName":"Maira Vallim"}}
{"timestamp":"2026-03-16T14:30:28.427Z","importId":3,"level":"WARN","message":"Linha 7703: Pontuação é 0 ou null","category":"PONTUACAO","context":{"rowNumber":7703,"points":0,"cnpj":"47229908000135","saleId":"3415909A","executiveName":"Maira Vallim"}}
{"timestamp":"2026-03-16T14:30:28.429Z","importId":3,"level":"WARN","message":"Linha 7704: Pontuação é 0 ou null","category":"PONTUACAO","context":{"rowNumber":7704,"points":0,"cnpj":"47229908000135","saleId":"3415908A","executiveName":"Maira Vallim"}}
{"timestamp":"2026-03-16T14:30:28.432Z","importId":3,"level":"WARN","message":"Linha 7705: Pontuação é 0 ou null","category":"PONTUACAO","context":{"rowNumber":7705,"points":0,"cnpj":"47229908000135","saleId":"3415907A","executiveName":"Maira Vallim"}}
{"timestamp":"2026-03-16T14:30:28.434Z","importId":3,"level":"WARN","message":"Linha 7706: Pontuação é 0 ou null","category":"PONTUACAO","context":{"rowNumber":7706,"points":0,"cnpj":"47229908000135","saleId":"3415906A","executiveName":"Maira Vallim"}}
{"timestamp":"2026-03-16T14:30:28.437Z","importId":3,"level":"WARN","message":"Linha 7707: Pontuação é 0 ou null","category":"PONTUACAO","context":{"rowNumber":7707,"points":0,"cnpj":"47229908000135","saleId":"3415905A","executiveName":"Maira Vallim"}}
{"timestamp":"2026-03-16T14:30:28.439Z","importId":3,"level":"WARN","message":"Linha 7708: Pontuação é 0 ou null","category":"PONTUACAO","context":{"rowNumber":7708,"points":0,"cnpj":"47229908000135","saleId":"3415904A","executiveName":"Maira Vallim"}}
{"timestamp":"2026-03-16T14:30:28.443Z","importId":3,"level":"WARN","message":"Linha 7709: Pontuação é 0 ou null","category":"PONTUACAO","context":{"rowNumber":7709,"points":0,"cnpj":"47229908000135","saleId":"3415903A","executiveName":"Maira Vallim"}}
{"timestamp":"2026-03-16T14:30:28.445Z","importId":3,"level":"WARN","message":"Linha 7710: Pontuação é 0 ou null","category":"PONTUACAO","context":{"rowNumber":7710,"points":0,"cnpj":"47229908000135","saleId":"3415902A","executiveName":"Maira Vallim"}}
{"timestamp":"2026-03-16T14:30:28.447Z","importId":3,"level":"WARN","message":"Linha 7711: Pontuação é 0 ou null","category":"PONTUACAO","context":{"rowNumber":7711,"points":0,"cnpj":"47229908000135","saleId":"3415901A","executiveName":"Maira Vallim"}}
{"timestamp":"2026-03-16T14:30:28.449Z","importId":3,"level":"WARN","message":"Linha 7712: Pontuação é 0 ou null","category":"PONTUACAO","context":{"rowNumber":7712,"points":0,"cnpj":"47229908000135","saleId":"3415900A","executiveName":"Maira Vallim"}}
{"timestamp":"2026-03-16T14:30:28.451Z","importId":3,"level":"WARN","message":"Linha 7713: Pontuação é 0 ou null","category":"PONTUACAO","context":{"rowNumber":7713,"points":0,"cnpj":"47229908000135","saleId":"3415899A","executiveName":"Maira Vallim"}}
{"timestamp":"2026-03-16T14:30:28.453Z","importId":3,"level":"WARN","message":"Linha 7714: Pontuação é 0 ou null","category":"PONTUACAO","context":{"rowNumber":7714,"points":0,"cnpj":"47229908000135","saleId":"3415898A","executiveName":"Maira Vallim"}}
{"timestamp":"2026-03-16T14:30:28.457Z","importId":3,"level":"WARN","message":"Linha 7715: Pontuação é 0 ou null","category":"PONTUACAO","context":{"rowNumber":7715,"points":0,"cnpj":"47229908000135","saleId":"3415897A","executiveName":"Maira Vallim"}}
{"timestamp":"2026-03-16T14:30:28.458Z","importId":3,"level":"WARN","message":"Linha 7716: Pontuação é 0 ou null","category":"PONTUACAO","context":{"rowNumber":7716,"points":0,"cnpj":"47229908000135","saleId":"3415896A","executiveName":"Maira Vallim"}}
{"timestamp":"2026-03-16T14:30:28.462Z","importId":3,"level":"WARN","message":"Linha 7717: Pontuação é 0 ou null","category":"PONTUACAO","context":{"rowNumber":7717,"points":0,"cnpj":"47229908000135","saleId":"3415895A","executiveName":"Maira Vallim"}}
{"timestamp":"2026-03-16T14:30:28.464Z","importId":3,"level":"WARN","message":"Linha 7718: Pontuação é 0 ou null","category":"PONTUACAO","context":{"rowNumber":7718,"points":0,"cnpj":"47229908000135","saleId":"3415894A","executiveName":"Maira Vallim"}}
{"timestamp":"2026-03-16T14:30:28.467Z","importId":3,"level":"WARN","message":"Linha 7719: Pontuação é 0 ou null","category":"PONTUACAO","context":{"rowNumber":7719,"points":0,"cnpj":"47229908000135","saleId":"3415893A","executiveName":"Maira Vallim"}}
{"timestamp":"2026-03-16T14:30:28.469Z","importId":3,"level":"WARN","message":"Linha 7720: Pontuação é 0 ou null","category":"PONTUACAO","context":{"rowNumber":7720,"points":0,"cnpj":"47229908000135","saleId":"3415916A","executiveName":"Maira Vallim"}}
{"timestamp":"2026-03-16T14:30:28.472Z","importId":3,"level":"WARN","message":"Linha 7722: Pontuação é 0 ou null","category":"PONTUACAO","context":{"rowNumber":7722,"points":0,"cnpj":"47229908000135","saleId":"3415917A","executiveName":"Maira Vallim"}}
{"timestamp":"2026-03-16T14:30:28.475Z","importId":3,"level":"WARN","message":"Linha 7723: Pontuação é 0 ou null","category":"PONTUACAO","context":{"rowNumber":7723,"points":0,"cnpj":"47229908000135","saleId":"3415919A","executiveName":"Maira Vallim"}}
{"timestamp":"2026-03-16T14:30:28.486Z","importId":3,"level":"WARN","message":"Linha 7730: Pontuação é 0 ou null","category":"PONTUACAO","context":{"rowNumber":7730,"points":0,"cnpj":"11812253000186","saleId":"3416225A","executiveName":"Grasiele Nascimento"}}
{"timestamp":"2026-03-16T14:30:28.488Z","importId":3,"level":"WARN","message":"Linha 7731: Pontuação é 0 ou null","category":"PONTUACAO","context":{"rowNumber":7731,"points":0,"cnpj":"10880027000170","saleId":"3416223A","executiveName":"Ricardo Morais"}}
{"timestamp":"2026-03-16T14:30:28.491Z","importId":3,"level":"WARN","message":"Linha 7732: Pontuação é 0 ou null","category":"PONTUACAO","context":{"rowNumber":7732,"points":0,"cnpj":"82524232000103","saleId":"3416199A","executiveName":"Cassia Shimabukuro"}}
{"timestamp":"2026-03-16T14:30:28.492Z","importId":3,"level":"WARN","message":"Linha 7733: Pontuação é 0 ou null","category":"PONTUACAO","context":{"rowNumber":7733,"points":0,"cnpj":"07888535000190","saleId":"3416198A","executiveName":"Cristiano Dafre"}}
{"timestamp":"2026-03-16T14:30:28.494Z","importId":3,"level":"WARN","message":"Linha 7734: Pontuação é 0 ou null","category":"PONTUACAO","context":{"rowNumber":7734,"points":0,"cnpj":"07709889000120","saleId":"3416196A","executiveName":"Carlos Brito"}}
{"timestamp":"2026-03-16T14:30:28.498Z","importId":3,"level":"WARN","message":"Linha 7735: Pontuação é 0 ou null","category":"PONTUACAO","context":{"rowNumber":7735,"points":0,"cnpj":"29871389000122","saleId":"3416195A","executiveName":"Kelly Furno"}}
{"timestamp":"2026-03-16T14:30:28.500Z","importId":3,"level":"WARN","message":"Linha 7736: Pontuação é 0 ou null","category":"PONTUACAO","context":{"rowNumber":7736,"points":0,"cnpj":"29871389000122","saleId":"3416194A","executiveName":"Kelly Furno"}}
{"timestamp":"2026-03-16T14:30:28.503Z","importId":3,"level":"WARN","message":"Linha 7737: Pontuação é 0 ou null","category":"PONTUACAO","context":{"rowNumber":7737,"points":0,"cnpj":"21301696000166","saleId":"3416193A","executiveName":"Luana Fagundes"}}
{"timestamp":"2026-03-16T14:30:28.505Z","importId":3,"level":"WARN","message":"Linha 7738: Pontuação é 0 ou null","category":"PONTUACAO","context":{"rowNumber":7738,"points":0,"cnpj":"47229908000135","saleId":"3415928A","executiveName":"Maira Vallim"}}
{"timestamp":"2026-03-16T14:30:28.506Z","importId":3,"level":"WARN","message":"Linha 7739: Pontuação é 0 ou null","category":"PONTUACAO","context":{"rowNumber":7739,"points":0,"cnpj":"47229908000135","saleId":"3415927A","executiveName":"Maira Vallim"}}
{"timestamp":"2026-03-16T14:30:28.508Z","importId":3,"level":"WARN","message":"Linha 7740: Pontuação é 0 ou null","category":"PONTUACAO","context":{"rowNumber":7740,"points":0,"cnpj":"47229908000135","saleId":"3415926A","executiveName":"Maira Vallim"}}
{"timestamp":"2026-03-16T14:30:28.510Z","importId":3,"level":"WARN","message":"Linha 7741: Pontuação é 0 ou null","category":"PONTUACAO","context":{"rowNumber":7741,"points":0,"cnpj":"47229908000135","saleId":"3415925A","executiveName":"Maira Vallim"}}
{"timestamp":"2026-03-16T14:30:28.513Z","importId":3,"level":"WARN","message":"Linha 7742: Pontuação é 0 ou null","category":"PONTUACAO","context":{"rowNumber":7742,"points":0,"cnpj":"47229908000135","saleId":"3415924A","executiveName":"Maira Vallim"}}
{"timestamp":"2026-03-16T14:30:28.515Z","importId":3,"level":"WARN","message":"Linha 7743: Pontuação é 0 ou null","category":"PONTUACAO","context":{"rowNumber":7743,"points":0,"cnpj":"47229908000135","saleId":"3415923A","executiveName":"Maira Vallim"}}
{"timestamp":"2026-03-16T14:30:28.517Z","importId":3,"level":"WARN","message":"Linha 7744: Pontuação é 0 ou null","category":"PONTUACAO","context":{"rowNumber":7744,"points":0,"cnpj":"47229908000135","saleId":"3415922A","executiveName":"Maira Vallim"}}
{"timestamp":"2026-03-16T14:30:28.521Z","importId":3,"level":"WARN","message":"Linha 7745: Pontuação é 0 ou null","category":"PONTUACAO","context":{"rowNumber":7745,"points":0,"cnpj":"47229908000135","saleId":"3415921A","executiveName":"Maira Vallim"}}
{"timestamp":"2026-03-16T14:30:28.523Z","importId":3,"level":"WARN","message":"Linha 7746: Pontuação é 0 ou null","category":"PONTUACAO","context":{"rowNumber":7746,"points":0,"cnpj":"47229908000135","saleId":"3415920A","executiveName":"Maira Vallim"}}
{"timestamp":"2026-03-16T14:30:28.524Z","importId":3,"level":"WARN","message":"Linha 7747: Pontuação é 0 ou null","category":"PONTUACAO","context":{"rowNumber":7747,"points":0,"cnpj":"47229908000135","saleId":"3415918A","executiveName":"Maira Vallim"}}
{"timestamp":"2026-03-16T14:30:28.528Z","importId":3,"level":"WARN","message":"Linha 7749: Pontuação é 0 ou null","category":"PONTUACAO","context":{"rowNumber":7749,"points":0,"cnpj":"11820109000191","saleId":"3411623A","executiveName":"Soraya Romano"}}
{"timestamp":"2026-03-16T14:30:28.530Z","importId":3,"level":"WARN","message":"Linha 7750: Pontuação é 0 ou null","category":"PONTUACAO","context":{"rowNumber":7750,"points":0,"cnpj":"11820109000191","saleId":"3411622A","executiveName":"Soraya Romano"}}
{"timestamp":"2026-03-16T14:30:28.682Z","importId":3,"level":"WARN","message":"Linha 7859: Pontuação é 0 ou null","category":"PONTUACAO","context":{"rowNumber":7859,"points":0,"cnpj":"15875000000102","saleId":"3411568A","executiveName":"Elza Lara"}}
{"timestamp":"2026-03-16T14:30:28.684Z","importId":3,"level":"WARN","message":"Linha 7860: Pontuação é 0 ou null","category":"PONTUACAO","context":{"rowNumber":7860,"points":0,"cnpj":"15875000000102","saleId":"3411567A","executiveName":"Elza Lara"}}
{"timestamp":"2026-03-16T14:30:28.690Z","importId":3,"level":"WARN","message":"Linha 7863: Pontuação é 0 ou null","category":"PONTUACAO","context":{"rowNumber":7863,"points":0,"cnpj":"13831720000140","saleId":"3411557A","executiveName":"Ricardo Morais"}}
{"timestamp":"2026-03-16T14:30:28.694Z","importId":3,"level":"WARN","message":"Linha 7864: Pontuação é 0 ou null","category":"PONTUACAO","context":{"rowNumber":7864,"points":0,"cnpj":"13831720000140","saleId":"3411556A","executiveName":"Ricardo Morais"}}
{"timestamp":"2026-03-16T14:30:28.697Z","importId":3,"level":"WARN","message":"Linha 7865: Pontuação é 0 ou null","category":"PONTUACAO","context":{"rowNumber":7865,"points":0,"cnpj":"13831720000140","saleId":"3411555A","executiveName":"Ricardo Morais"}}
{"timestamp":"2026-03-16T14:30:28.699Z","importId":3,"level":"WARN","message":"Linha 7866: Pontuação é 0 ou null","category":"PONTUACAO","context":{"rowNumber":7866,"points":0,"cnpj":"13831720000140","saleId":"3411554A","executiveName":"Ricardo Morais"}}
{"timestamp":"2026-03-16T14:30:28.702Z","importId":3,"level":"WARN","message":"Linha 7867: Pontuação é 0 ou null","category":"PONTUACAO","context":{"rowNumber":7867,"points":0,"cnpj":"13831720000140","saleId":"3411553A","executiveName":"Ricardo Morais"}}
{"timestamp":"2026-03-16T14:30:28.703Z","importId":3,"level":"WARN","message":"Linha 7868: Pontuação é 0 ou null","category":"PONTUACAO","context":{"rowNumber":7868,"points":0,"cnpj":"13831720000140","saleId":"3411552A","executiveName":"Ricardo Morais"}}
{"timestamp":"2026-03-16T14:30:28.707Z","importId":3,"level":"WARN","message":"Linha 7869: Pontuação é 0 ou null","category":"PONTUACAO","context":{"rowNumber":7869,"points":0,"cnpj":"13831720000140","saleId":"3411551A","executiveName":"Ricardo Morais"}}
{"timestamp":"2026-03-16T14:30:28.709Z","importId":3,"level":"WARN","message":"Linha 7870: Pontuação é 0 ou null","category":"PONTUACAO","context":{"rowNumber":7870,"points":0,"cnpj":"13831720000140","saleId":"3411550A","executiveName":"Ricardo Morais"}}
{"timestamp":"2026-03-16T14:30:28.736Z","importId":3,"level":"WARN","message":"Linha 7886: Pontuação é 0 ou null","category":"PONTUACAO","context":{"rowNumber":7886,"points":0,"cnpj":"11820109000191","saleId":"3411621A","executiveName":"Soraya Romano"}}
{"timestamp":"2026-03-16T14:30:28.737Z","importId":3,"level":"WARN","message":"Linha 7887: Pontuação é 0 ou null","category":"PONTUACAO","context":{"rowNumber":7887,"points":0,"cnpj":"11820109000191","saleId":"3411620A","executiveName":"Soraya Romano"}}
{"timestamp":"2026-03-16T14:30:28.741Z","importId":3,"level":"WARN","message":"Linha 7888: Pontuação é 0 ou null","category":"PONTUACAO","context":{"rowNumber":7888,"points":0,"cnpj":"38014671000184","saleId":"3411595A","executiveName":"Carlos Barbassa"}}
{"timestamp":"2026-03-16T14:30:28.743Z","importId":3,"level":"WARN","message":"Linha 7889: Pontuação é 0 ou null","category":"PONTUACAO","context":{"rowNumber":7889,"points":0,"cnpj":"38014671000184","saleId":"3411594A","executiveName":"Carlos Barbassa"}}
{"timestamp":"2026-03-16T14:30:28.768Z","importId":3,"level":"WARN","message":"Linha 7905: Pontuação é 0 ou null","category":"PONTUACAO","context":{"rowNumber":7905,"points":0,"cnpj":"65355422000125","saleId":"3411578A","executiveName":"Elza Lara"}}
{"timestamp":"2026-03-16T14:30:28.770Z","importId":3,"level":"WARN","message":"Linha 7906: Pontuação é 0 ou null","category":"PONTUACAO","context":{"rowNumber":7906,"points":0,"cnpj":"65355422000125","saleId":"3411577A","executiveName":"Elza Lara"}}
{"timestamp":"2026-03-16T14:30:28.773Z","importId":3,"level":"WARN","message":"Linha 7907: Pontuação é 0 ou null","category":"PONTUACAO","context":{"rowNumber":7907,"points":0,"cnpj":"65355422000125","saleId":"3411576A","executiveName":"Elza Lara"}}
{"timestamp":"2026-03-16T14:30:28.775Z","importId":3,"level":"WARN","message":"Linha 7908: Pontuação é 0 ou null","category":"PONTUACAO","context":{"rowNumber":7908,"points":0,"cnpj":"04033961000153","saleId":"3411574A","executiveName":"Elza Lara"}}
{"timestamp":"2026-03-16T14:30:28.930Z","importId":3,"level":"WARN","message":"Linha 8005: Pontuação é 0 ou null","category":"PONTUACAO","context":{"rowNumber":8005,"points":0,"cnpj":"15875000000102","saleId":"3409621A","executiveName":"Elza Lara"}}
{"timestamp":"2026-03-16T14:30:29.053Z","importId":3,"level":"WARN","message":"Linha 8090: Pontuação é 0 ou null","category":"PONTUACAO","context":{"rowNumber":8090,"points":0,"cnpj":"44456530000114","saleId":"3409731A","executiveName":"Walter Junior"}}
{"timestamp":"2026-03-16T14:30:29.058Z","importId":3,"level":"WARN","message":"Linha 8092: Pontuação é 0 ou null","category":"PONTUACAO","context":{"rowNumber":8092,"points":0,"cnpj":"44456530000114","saleId":"3409729A","executiveName":"Walter Junior"}}
{"timestamp":"2026-03-16T14:30:29.119Z","importId":3,"level":"WARN","message":"Linha 8134: Pontuação é 0 ou null","category":"PONTUACAO","context":{"rowNumber":8134,"points":0,"cnpj":"58693110000166","saleId":"3409684A","executiveName":"Rafaela Soares"}}
{"timestamp":"2026-03-16T14:30:29.130Z","importId":3,"level":"WARN","message":"Linha 8139: Pontuação é 0 ou null","category":"PONTUACAO","context":{"rowNumber":8139,"points":0,"cnpj":"57954299000130","saleId":"3409670A","executiveName":"Ricardo Bueno"}}
{"timestamp":"2026-03-16T14:30:29.132Z","importId":3,"level":"WARN","message":"Linha 8140: Pontuação é 0 ou null","category":"PONTUACAO","context":{"rowNumber":8140,"points":0,"cnpj":"57954299000130","saleId":"3409669A","executiveName":"Ricardo Bueno"}}
{"timestamp":"2026-03-16T14:30:29.134Z","importId":3,"level":"WARN","message":"Linha 8141: Pontuação é 0 ou null","category":"PONTUACAO","context":{"rowNumber":8141,"points":0,"cnpj":"57954299000130","saleId":"3409668A","executiveName":"Ricardo Bueno"}}
{"timestamp":"2026-03-16T14:30:29.136Z","importId":3,"level":"WARN","message":"Linha 8142: Pontuação é 0 ou null","category":"PONTUACAO","context":{"rowNumber":8142,"points":0,"cnpj":"57954299000130","saleId":"3409667A","executiveName":"Ricardo Bueno"}}
{"timestamp":"2026-03-16T14:30:29.138Z","importId":3,"level":"WARN","message":"Linha 8143: Pontuação é 0 ou null","category":"PONTUACAO","context":{"rowNumber":8143,"points":0,"cnpj":"12100779000104","saleId":"3409659A","executiveName":"Carlos Brito"}}
{"timestamp":"2026-03-16T14:30:29.164Z","importId":3,"level":"WARN","message":"Linha 8160: Pontuação é 0 ou null","category":"PONTUACAO","context":{"rowNumber":8160,"points":0,"cnpj":"29871389000122","saleId":"3409714A","executiveName":"Kelly Furno"}}
{"timestamp":"2026-03-16T14:30:29.166Z","importId":3,"level":"WARN","message":"Linha 8161: Pontuação é 0 ou null","category":"PONTUACAO","context":{"rowNumber":8161,"points":0,"cnpj":"29871389000122","saleId":"3409713A","executiveName":"Kelly Furno"}}
{"timestamp":"2026-03-16T14:30:29.167Z","importId":3,"level":"WARN","message":"Linha 8162: Pontuação é 0 ou null","category":"PONTUACAO","context":{"rowNumber":8162,"points":0,"cnpj":"26203213000104","saleId":"3409712A","executiveName":"Roberto Garbin"}}
{"timestamp":"2026-03-16T14:30:29.170Z","importId":3,"level":"WARN","message":"Linha 8163: Pontuação é 0 ou null","category":"PONTUACAO","context":{"rowNumber":8163,"points":0,"cnpj":"26203213000104","saleId":"3409711A","executiveName":"Roberto Garbin"}}
{"timestamp":"2026-03-16T14:30:29.172Z","importId":3,"level":"WARN","message":"Linha 8164: Pontuação é 0 ou null","category":"PONTUACAO","context":{"rowNumber":8164,"points":0,"cnpj":"26605232000167","saleId":"3409710A","executiveName":"Ricardo Bueno"}}
{"timestamp":"2026-03-16T14:30:29.175Z","importId":3,"level":"WARN","message":"Linha 8165: Pontuação é 0 ou null","category":"PONTUACAO","context":{"rowNumber":8165,"points":0,"cnpj":"26605232000167","saleId":"3409709A","executiveName":"Ricardo Bueno"}}
{"timestamp":"2026-03-16T14:30:29.181Z","importId":3,"level":"WARN","message":"Linha 8169: Pontuação é 0 ou null","category":"PONTUACAO","context":{"rowNumber":8169,"points":0,"cnpj":"14391514000120","saleId":"3409704A","executiveName":"Elzo Nogueira"}}
{"timestamp":"2026-03-16T14:30:29.182Z","importId":3,"level":"WARN","message":"Linha 8170: Pontuação é 0 ou null","category":"PONTUACAO","context":{"rowNumber":8170,"points":0,"cnpj":"14391514000120","saleId":"3409703A","executiveName":"Elzo Nogueira"}}
{"timestamp":"2026-03-16T14:30:29.184Z","importId":3,"level":"WARN","message":"Linha 8171: Pontuação é 0 ou null","category":"PONTUACAO","context":{"rowNumber":8171,"points":0,"cnpj":"14391514000120","saleId":"3409702A","executiveName":"Elzo Nogueira"}}
{"timestamp":"2026-03-16T14:30:29.439Z","importId":3,"level":"WARN","message":"Linha 8364: Pontuação é 0 ou null","category":"PONTUACAO","context":{"rowNumber":8364,"points":0,"cnpj":"20027725000180","saleId":"3409170A","executiveName":"Karla Reis"}}
{"timestamp":"2026-03-16T14:30:29.567Z","importId":3,"level":"WARN","message":"Linha 8467: Pontuação é 0 ou null","category":"PONTUACAO","context":{"rowNumber":8467,"points":0,"cnpj":"00141852000107","saleId":"3410239A","executiveName":"Pasquale Neto"}}
{"timestamp":"2026-03-16T14:30:29.643Z","importId":3,"level":"WARN","message":"Linha 8533: Pontuação é 0 ou null","category":"PONTUACAO","context":{"rowNumber":8533,"points":0,"cnpj":"41398797000104","saleId":"3410587A","executiveName":"Marlon Wander"}}
{"timestamp":"2026-03-16T14:30:29.648Z","importId":3,"level":"WARN","message":"Linha 8535: Pontuação é 0 ou null","category":"PONTUACAO","context":{"rowNumber":8535,"points":0,"cnpj":"22624188000181","saleId":"3410586A","executiveName":"Ricardo Bueno"}}
{"timestamp":"2026-03-16T14:30:29.651Z","importId":3,"level":"WARN","message":"Linha 8536: Pontuação é 0 ou null","category":"PONTUACAO","context":{"rowNumber":8536,"points":0,"cnpj":"22624188000181","saleId":"3410585A","executiveName":"Ricardo Bueno"}}
{"timestamp":"2026-03-16T14:30:29.653Z","importId":3,"level":"WARN","message":"Linha 8537: Pontuação é 0 ou null","category":"PONTUACAO","context":{"rowNumber":8537,"points":0,"cnpj":"22624188000181","saleId":"3410584A","executiveName":"Ricardo Bueno"}}
{"timestamp":"2026-03-16T14:30:29.655Z","importId":3,"level":"WARN","message":"Linha 8538: Pontuação é 0 ou null","category":"PONTUACAO","context":{"rowNumber":8538,"points":0,"cnpj":"20496582000156","saleId":"3410583A","executiveName":"Miguel Jenotti"}}
{"timestamp":"2026-03-16T14:30:29.657Z","importId":3,"level":"WARN","message":"Linha 8539: Pontuação é 0 ou null","category":"PONTUACAO","context":{"rowNumber":8539,"points":0,"cnpj":"20496582000156","saleId":"3410582A","executiveName":"Miguel Jenotti"}}
{"timestamp":"2026-03-16T14:30:29.661Z","importId":3,"level":"WARN","message":"Linha 8541: Pontuação é 0 ou null","category":"PONTUACAO","context":{"rowNumber":8541,"points":0,"cnpj":"11812253000186","saleId":"3410578A","executiveName":"Grasiele Nascimento"}}
{"timestamp":"2026-03-16T14:30:29.663Z","importId":3,"level":"WARN","message":"Linha 8543: Pontuação é 0 ou null","category":"PONTUACAO","context":{"rowNumber":8543,"points":0,"cnpj":"17470982000188","saleId":"3410576A","executiveName":"Claudia Dias"}}
{"timestamp":"2026-03-16T14:30:29.666Z","importId":3,"level":"WARN","message":"Linha 8544: Pontuação é 0 ou null","category":"PONTUACAO","context":{"rowNumber":8544,"points":0,"cnpj":"17470982000188","saleId":"3410575A","executiveName":"Claudia Dias"}}
{"timestamp":"2026-03-16T14:30:29.672Z","importId":3,"level":"WARN","message":"Linha 8547: Pontuação é 0 ou null","category":"PONTUACAO","context":{"rowNumber":8547,"points":0,"cnpj":"15875000000102","saleId":"3410572A","executiveName":"Elza Lara"}}
{"timestamp":"2026-03-16T14:30:29.676Z","importId":3,"level":"WARN","message":"Linha 8549: Pontuação é 0 ou null","category":"PONTUACAO","context":{"rowNumber":8549,"points":0,"cnpj":"57954299000130","saleId":"3410566A","executiveName":"Ricardo Bueno"}}
{"timestamp":"2026-03-16T14:30:29.678Z","importId":3,"level":"WARN","message":"Linha 8550: Pontuação é 0 ou null","category":"PONTUACAO","context":{"rowNumber":8550,"points":0,"cnpj":"57954299000130","saleId":"3410565A","executiveName":"Ricardo Bueno"}}
{"timestamp":"2026-03-16T14:30:29.686Z","importId":3,"level":"WARN","message":"Linha 8555: Pontuação é 0 ou null","category":"PONTUACAO","context":{"rowNumber":8555,"points":0,"cnpj":"07709889000120","saleId":"3410559A","executiveName":"Carlos Brito"}}
{"timestamp":"2026-03-16T14:30:29.766Z","importId":3,"level":"WARN","message":"Linha 8622: Pontuação é 0 ou null","category":"PONTUACAO","context":{"rowNumber":8622,"points":0,"cnpj":"66822503000150","saleId":"3409956A","executiveName":"Ricardo Morais"}}
{"timestamp":"2026-03-16T14:30:29.909Z","importId":3,"level":"WARN","message":"Linha 8738: Pontuação é 0 ou null","category":"PONTUACAO","context":{"rowNumber":8738,"points":0,"cnpj":"15505790000487","saleId":"3410137A","executiveName":"Carlos Brito"}}
{"timestamp":"2026-03-16T14:30:29.949Z","importId":3,"level":"WARN","message":"Linha 8771: Pontuação é 0 ou null","category":"PONTUACAO","context":{"rowNumber":8771,"points":0,"cnpj":"08808140000100","saleId":"3410181A","executiveName":"Leonardo Ligabo"}}
{"timestamp":"2026-03-16T14:30:29.953Z","importId":3,"level":"WARN","message":"Linha 8774: Pontuação é 0 ou null","category":"PONTUACAO","context":{"rowNumber":8774,"points":0,"cnpj":"04545594000177","saleId":"3410126A","executiveName":"Pasquale Neto"}}
{"timestamp":"2026-03-16T14:30:29.956Z","importId":3,"level":"WARN","message":"Linha 8776: Pontuação é 0 ou null","category":"PONTUACAO","context":{"rowNumber":8776,"points":0,"cnpj":"04545594000177","saleId":"3410125A","executiveName":"Pasquale Neto"}}
{"timestamp":"2026-03-16T14:30:29.965Z","importId":3,"level":"WARN","message":"Linha 8784: Pontuação é 0 ou null","category":"PONTUACAO","context":{"rowNumber":8784,"points":0,"cnpj":"21860827000145","saleId":"3410070A","executiveName":"Ricardo Morais"}}
{"timestamp":"2026-03-16T14:30:29.976Z","importId":3,"level":"WARN","message":"Linha 8792: Pontuação é 0 ou null","category":"PONTUACAO","context":{"rowNumber":8792,"points":0,"cnpj":"43398083000121","saleId":"3410037A","executiveName":"Karla Reis"}}
{"timestamp":"2026-03-16T14:30:29.979Z","importId":3,"level":"WARN","message":"Linha 8793: Pontuação é 0 ou null","category":"PONTUACAO","context":{"rowNumber":8793,"points":0,"cnpj":"43398083000121","saleId":"3410036A","executiveName":"Karla Reis"}}
{"timestamp":"2026-03-16T14:30:29.990Z","importId":3,"level":"WARN","message":"Linha 8802: Pontuação é 0 ou null","category":"PONTUACAO","context":{"rowNumber":8802,"points":0,"cnpj":"34229543000105","saleId":"3410068A","executiveName":"Walter Junior"}}
{"timestamp":"2026-03-16T14:30:29.997Z","importId":3,"level":"WARN","message":"Linha 8806: Pontuação é 0 ou null","category":"PONTUACAO","context":{"rowNumber":8806,"points":0,"cnpj":"07709889000120","saleId":"3410121A","executiveName":"Carlos Brito"}}
{"timestamp":"2026-03-16T14:30:30.021Z","importId":3,"level":"WARN","message":"Linha 8825: Pontuação é 0 ou null","category":"PONTUACAO","context":{"rowNumber":8825,"points":0,"cnpj":"52190694000170","saleId":"3410100A","executiveName":"Maira Vallim"}}
{"timestamp":"2026-03-16T14:30:30.023Z","importId":3,"level":"WARN","message":"Linha 8826: Pontuação é 0 ou null","category":"PONTUACAO","context":{"rowNumber":8826,"points":0,"cnpj":"07709889000120","saleId":"3410123A","executiveName":"Carlos Brito"}}
{"timestamp":"2026-03-16T14:30:30.301Z","importId":3,"level":"WARN","message":"Linha 9071: Pontuação é 0 ou null","category":"PONTUACAO","context":{"rowNumber":9071,"points":0,"cnpj":"41731303000161","saleId":"201997M1702648","executiveName":"VALDIR ULMER MOELLER"}}
{"timestamp":"2026-03-16T14:30:30.860Z","importId":3,"level":"WARN","message":"Linha 9548: Pontuação é 0 ou null","category":"PONTUACAO","context":{"rowNumber":9548,"points":0,"cnpj":"24821099000150","saleId":"3413224A","executiveName":"Elza Lara"}}
{"timestamp":"2026-03-16T14:30:30.865Z","importId":3,"level":"WARN","message":"Linha 9550: Pontuação é 0 ou null","category":"PONTUACAO","context":{"rowNumber":9550,"points":0,"cnpj":"24821099000150","saleId":"3413223A","executiveName":"Elza Lara"}}
{"timestamp":"2026-03-16T14:30:30.872Z","importId":3,"level":"WARN","message":"Linha 9554: Pontuação é 0 ou null","category":"PONTUACAO","context":{"rowNumber":9554,"points":0,"cnpj":"07068285000141","saleId":"3413222A","executiveName":"Ricardo Bueno"}}
{"timestamp":"2026-03-16T14:30:30.877Z","importId":3,"level":"WARN","message":"Linha 9556: Pontuação é 0 ou null","category":"PONTUACAO","context":{"rowNumber":9556,"points":0,"cnpj":"13616531000155","saleId":"3413220A","executiveName":"Pasquale Neto"}}
{"timestamp":"2026-03-16T14:30:30.880Z","importId":3,"level":"WARN","message":"Linha 9558: Pontuação é 0 ou null","category":"PONTUACAO","context":{"rowNumber":9558,"points":0,"cnpj":"57608093000159","saleId":"3413219A","executiveName":"Cristiano Dafre"}}
{"timestamp":"2026-03-16T14:30:30.896Z","importId":3,"level":"WARN","message":"Linha 9572: Pontuação é 0 ou null","category":"PONTUACAO","context":{"rowNumber":9572,"points":0,"cnpj":"28209105000174","saleId":"3413211A","executiveName":"Ronaldo Coelho"}}
{"timestamp":"2026-03-16T14:30:30.901Z","importId":3,"level":"WARN","message":"Linha 9574: Pontuação é 0 ou null","category":"PONTUACAO","context":{"rowNumber":9574,"points":0,"cnpj":"28209105000174","saleId":"3413210A","executiveName":"Ronaldo Coelho"}}
{"timestamp":"2026-03-16T14:30:30.908Z","importId":3,"level":"WARN","message":"Linha 9578: Pontuação é 0 ou null","category":"PONTUACAO","context":{"rowNumber":9578,"points":0,"cnpj":"52652039000197","saleId":"3413221A","executiveName":"Ricardo Morais"}}
{"timestamp":"2026-03-16T14:30:31.147Z","importId":3,"level":"WARN","message":"Linha 9789: Pontuação é 0 ou null","category":"PONTUACAO","context":{"rowNumber":9789,"points":0,"cnpj":"57426975000101","saleId":"3423500A","executiveName":"Miguel Jenotti"}}
{"timestamp":"2026-03-16T14:30:31.151Z","importId":3,"level":"WARN","message":"Linha 9791: Pontuação é 0 ou null","category":"PONTUACAO","context":{"rowNumber":9791,"points":0,"cnpj":"03531680000168","saleId":"3415418A","executiveName":"Rafaela Soares"}}
{"timestamp":"2026-03-16T14:30:31.153Z","importId":3,"level":"WARN","message":"Linha 9792: Pontuação é 0 ou null","category":"PONTUACAO","context":{"rowNumber":9792,"points":0,"cnpj":"03531680000168","saleId":"3415417A","executiveName":"Rafaela Soares"}}
{"timestamp":"2026-03-16T14:30:31.155Z","importId":3,"level":"WARN","message":"Linha 9793: Pontuação é 0 ou null","category":"PONTUACAO","context":{"rowNumber":9793,"points":0,"cnpj":"03531680000168","saleId":"3415416A","executiveName":"Rafaela Soares"}}
{"timestamp":"2026-03-16T14:30:31.156Z","importId":3,"level":"WARN","message":"Linha 9794: Pontuação é 0 ou null","category":"PONTUACAO","context":{"rowNumber":9794,"points":0,"cnpj":"03531680000168","saleId":"3415415A","executiveName":"Rafaela Soares"}}
{"timestamp":"2026-03-16T14:30:31.160Z","importId":3,"level":"WARN","message":"Linha 9795: Pontuação é 0 ou null","category":"PONTUACAO","context":{"rowNumber":9795,"points":0,"cnpj":"03531680000168","saleId":"3415414A","executiveName":"Rafaela Soares"}}
{"timestamp":"2026-03-16T14:30:31.162Z","importId":3,"level":"WARN","message":"Linha 9796: Pontuação é 0 ou null","category":"PONTUACAO","context":{"rowNumber":9796,"points":0,"cnpj":"09591997000176","saleId":"3415412A","executiveName":"Marlon Wander"}}
{"timestamp":"2026-03-16T14:30:31.164Z","importId":3,"level":"WARN","message":"Linha 9797: Pontuação é 0 ou null","category":"PONTUACAO","context":{"rowNumber":9797,"points":0,"cnpj":"09591997000176","saleId":"3415411A","executiveName":"Marlon Wander"}}
{"timestamp":"2026-03-16T14:30:31.165Z","importId":3,"level":"WARN","message":"Linha 9798: Pontuação é 0 ou null","category":"PONTUACAO","context":{"rowNumber":9798,"points":0,"cnpj":"01004367000146","saleId":"3415407A","executiveName":"Marlon Wander"}}
{"timestamp":"2026-03-16T14:30:31.167Z","importId":3,"level":"WARN","message":"Linha 9799: Pontuação é 0 ou null","category":"PONTUACAO","context":{"rowNumber":9799,"points":0,"cnpj":"01004367000146","saleId":"3415406A","executiveName":"Marlon Wander"}}
{"timestamp":"2026-03-16T14:30:31.169Z","importId":3,"level":"WARN","message":"Linha 9800: Pontuação é 0 ou null","category":"PONTUACAO","context":{"rowNumber":9800,"points":0,"cnpj":"01004367000146","saleId":"3415405A","executiveName":"Marlon Wander"}}
{"timestamp":"2026-03-16T14:30:31.172Z","importId":3,"level":"WARN","message":"Linha 9801: Pontuação é 0 ou null","category":"PONTUACAO","context":{"rowNumber":9801,"points":0,"cnpj":"01004367000146","saleId":"3415404A","executiveName":"Marlon Wander"}}
{"timestamp":"2026-03-16T14:30:31.174Z","importId":3,"level":"WARN","message":"Linha 9802: Pontuação é 0 ou null","category":"PONTUACAO","context":{"rowNumber":9802,"points":0,"cnpj":"03531680000168","saleId":"3415419A","executiveName":"Rafaela Soares"}}
{"timestamp":"2026-03-16T14:30:31.175Z","importId":3,"level":"WARN","message":"Linha 9803: Pontuação é 0 ou null","category":"PONTUACAO","context":{"rowNumber":9803,"points":0,"cnpj":"06990616000133","saleId":"3415399A","executiveName":"Ricardo Morais"}}
{"timestamp":"2026-03-16T14:30:31.177Z","importId":3,"level":"WARN","message":"Linha 9804: Pontuação é 0 ou null","category":"PONTUACAO","context":{"rowNumber":9804,"points":0,"cnpj":"06990616000133","saleId":"3415397A","executiveName":"Ricardo Morais"}}
{"timestamp":"2026-03-16T14:30:31.179Z","importId":3,"level":"WARN","message":"Linha 9805: Pontuação é 0 ou null","category":"PONTUACAO","context":{"rowNumber":9805,"points":0,"cnpj":"06990616000133","saleId":"3415396A","executiveName":"Ricardo Morais"}}
{"timestamp":"2026-03-16T14:30:31.181Z","importId":3,"level":"WARN","message":"Linha 9806: Pontuação é 0 ou null","category":"PONTUACAO","context":{"rowNumber":9806,"points":0,"cnpj":"01469664000167","saleId":"3415390A","executiveName":"William Silva"}}
{"timestamp":"2026-03-16T14:30:31.184Z","importId":3,"level":"WARN","message":"Linha 9807: Pontuação é 0 ou null","category":"PONTUACAO","context":{"rowNumber":9807,"points":0,"cnpj":"01469664000167","saleId":"3415389A","executiveName":"William Silva"}}
{"timestamp":"2026-03-16T14:30:31.185Z","importId":3,"level":"WARN","message":"Linha 9808: Pontuação é 0 ou null","category":"PONTUACAO","context":{"rowNumber":9808,"points":0,"cnpj":"01469664000167","saleId":"3415388A","executiveName":"William Silva"}}
{"timestamp":"2026-03-16T14:30:31.187Z","importId":3,"level":"WARN","message":"Linha 9809: Pontuação é 0 ou null","category":"PONTUACAO","context":{"rowNumber":9809,"points":0,"cnpj":"02727156000102","saleId":"3415366A","executiveName":"Elza Lara"}}
{"timestamp":"2026-03-16T14:30:31.195Z","importId":3,"level":"WARN","message":"Linha 9814: Pontuação é 0 ou null","category":"PONTUACAO","context":{"rowNumber":9814,"points":0,"cnpj":"08950874000111","saleId":"3414320A","executiveName":"Elza Lara"}}
{"timestamp":"2026-03-16T14:30:31.198Z","importId":3,"level":"WARN","message":"Linha 9815: Pontuação é 0 ou null","category":"PONTUACAO","context":{"rowNumber":9815,"points":0,"cnpj":"06990616000133","saleId":"3415398A","executiveName":"Ricardo Morais"}}
{"timestamp":"2026-03-16T14:30:31.200Z","importId":3,"level":"WARN","message":"Linha 9816: Pontuação é 0 ou null","category":"PONTUACAO","context":{"rowNumber":9816,"points":0,"cnpj":"55652800000189","saleId":"3414288A","executiveName":"Marlon Wander"}}
{"timestamp":"2026-03-16T14:30:31.202Z","importId":3,"level":"WARN","message":"Linha 9817: Pontuação é 0 ou null","category":"PONTUACAO","context":{"rowNumber":9817,"points":0,"cnpj":"13625296000188","saleId":"3415420A","executiveName":"Carlos Brito"}}
{"timestamp":"2026-03-16T14:30:31.203Z","importId":3,"level":"WARN","message":"Linha 9818: Pontuação é 0 ou null","category":"PONTUACAO","context":{"rowNumber":9818,"points":0,"cnpj":"57541948000171","saleId":"3415431A","executiveName":"William Silva"}}
{"timestamp":"2026-03-16T14:30:31.205Z","importId":3,"level":"WARN","message":"Linha 9819: Pontuação é 0 ou null","category":"PONTUACAO","context":{"rowNumber":9819,"points":0,"cnpj":"21860827000145","saleId":"3415493A","executiveName":"Ricardo Morais"}}
{"timestamp":"2026-03-16T14:30:31.208Z","importId":3,"level":"WARN","message":"Linha 9820: Pontuação é 0 ou null","category":"PONTUACAO","context":{"rowNumber":9820,"points":0,"cnpj":"21860827000145","saleId":"3415492A","executiveName":"Ricardo Morais"}}
{"timestamp":"2026-03-16T14:30:31.210Z","importId":3,"level":"WARN","message":"Linha 9821: Pontuação é 0 ou null","category":"PONTUACAO","context":{"rowNumber":9821,"points":0,"cnpj":"21860827000145","saleId":"3415491A","executiveName":"Ricardo Morais"}}
{"timestamp":"2026-03-16T14:30:31.211Z","importId":3,"level":"WARN","message":"Linha 9822: Pontuação é 0 ou null","category":"PONTUACAO","context":{"rowNumber":9822,"points":0,"cnpj":"21860827000145","saleId":"3415490A","executiveName":"Ricardo Morais"}}
{"timestamp":"2026-03-16T14:30:31.213Z","importId":3,"level":"WARN","message":"Linha 9823: Pontuação é 0 ou null","category":"PONTUACAO","context":{"rowNumber":9823,"points":0,"cnpj":"43398083000121","saleId":"3415479A","executiveName":"Karla Reis"}}
{"timestamp":"2026-03-16T14:30:31.215Z","importId":3,"level":"WARN","message":"Linha 9824: Pontuação é 0 ou null","category":"PONTUACAO","context":{"rowNumber":9824,"points":0,"cnpj":"43398083000121","saleId":"3415478A","executiveName":"Karla Reis"}}
{"timestamp":"2026-03-16T14:30:31.218Z","importId":3,"level":"WARN","message":"Linha 9825: Pontuação é 0 ou null","category":"PONTUACAO","context":{"rowNumber":9825,"points":0,"cnpj":"16860367000115","saleId":"3415473A","executiveName":"Andreza Lubatsch"}}
{"timestamp":"2026-03-16T14:30:31.220Z","importId":3,"level":"WARN","message":"Linha 9826: Pontuação é 0 ou null","category":"PONTUACAO","context":{"rowNumber":9826,"points":0,"cnpj":"20027725000180","saleId":"3415465A","executiveName":"Karla Reis"}}
{"timestamp":"2026-03-16T14:30:31.222Z","importId":3,"level":"WARN","message":"Linha 9827: Pontuação é 0 ou null","category":"PONTUACAO","context":{"rowNumber":9827,"points":0,"cnpj":"20027725000180","saleId":"3415464A","executiveName":"Karla Reis"}}
{"timestamp":"2026-03-16T14:30:31.224Z","importId":3,"level":"WARN","message":"Linha 9828: Pontuação é 0 ou null","category":"PONTUACAO","context":{"rowNumber":9828,"points":0,"cnpj":"32577645000188","saleId":"3415463A","executiveName":"Elza Lara"}}
{"timestamp":"2026-03-16T14:30:31.227Z","importId":3,"level":"WARN","message":"Linha 9829: Pontuação é 0 ou null","category":"PONTUACAO","context":{"rowNumber":9829,"points":0,"cnpj":"32577645000188","saleId":"3415462A","executiveName":"Elza Lara"}}
{"timestamp":"2026-03-16T14:30:31.228Z","importId":3,"level":"WARN","message":"Linha 9830: Pontuação é 0 ou null","category":"PONTUACAO","context":{"rowNumber":9830,"points":0,"cnpj":"13625296000188","saleId":"3415422A","executiveName":"Carlos Brito"}}
{"timestamp":"2026-03-16T14:30:31.230Z","importId":3,"level":"WARN","message":"Linha 9831: Pontuação é 0 ou null","category":"PONTUACAO","context":{"rowNumber":9831,"points":0,"cnpj":"39472827000133","saleId":"3415454A","executiveName":"Cristiano Dafre"}}
{"timestamp":"2026-03-16T14:30:31.231Z","importId":3,"level":"WARN","message":"Linha 9832: Pontuação é 0 ou null","category":"PONTUACAO","context":{"rowNumber":9832,"points":0,"cnpj":"30940737000155","saleId":"3415450A","executiveName":"Marlon Wander"}}
{"timestamp":"2026-03-16T14:30:31.233Z","importId":3,"level":"WARN","message":"Linha 9833: Pontuação é 0 ou null","category":"PONTUACAO","context":{"rowNumber":9833,"points":0,"cnpj":"23446445000103","saleId":"3415443A","executiveName":"Miguel Jenotti"}}
{"timestamp":"2026-03-16T14:30:31.235Z","importId":3,"level":"WARN","message":"Linha 9834: Pontuação é 0 ou null","category":"PONTUACAO","context":{"rowNumber":9834,"points":0,"cnpj":"23446445000103","saleId":"3415442A","executiveName":"Miguel Jenotti"}}
{"timestamp":"2026-03-16T14:30:31.238Z","importId":3,"level":"WARN","message":"Linha 9835: Pontuação é 0 ou null","category":"PONTUACAO","context":{"rowNumber":9835,"points":0,"cnpj":"83028811715","saleId":"3415441A","executiveName":"Elza Lara"}}
{"timestamp":"2026-03-16T14:30:31.240Z","importId":3,"level":"WARN","message":"Linha 9836: Pontuação é 0 ou null","category":"PONTUACAO","context":{"rowNumber":9836,"points":0,"cnpj":"83028811715","saleId":"3415440A","executiveName":"Elza Lara"}}
{"timestamp":"2026-03-16T14:30:31.242Z","importId":3,"level":"WARN","message":"Linha 9837: Pontuação é 0 ou null","category":"PONTUACAO","context":{"rowNumber":9837,"points":0,"cnpj":"83028811715","saleId":"3415439A","executiveName":"Elza Lara"}}
{"timestamp":"2026-03-16T14:30:31.244Z","importId":3,"level":"WARN","message":"Linha 9838: Pontuação é 0 ou null","category":"PONTUACAO","context":{"rowNumber":9838,"points":0,"cnpj":"83028811715","saleId":"3415438A","executiveName":"Elza Lara"}}
{"timestamp":"2026-03-16T14:30:31.248Z","importId":3,"level":"WARN","message":"Linha 9839: Pontuação é 0 ou null","category":"PONTUACAO","context":{"rowNumber":9839,"points":0,"cnpj":"53107595000145","saleId":"3415435A","executiveName":"Walter Junior"}}
{"timestamp":"2026-03-16T14:30:31.249Z","importId":3,"level":"WARN","message":"Linha 9840: Pontuação é 0 ou null","category":"PONTUACAO","context":{"rowNumber":9840,"points":0,"cnpj":"53107595000145","saleId":"3415434A","executiveName":"Walter Junior"}}
{"timestamp":"2026-03-16T14:30:31.250Z","importId":3,"level":"WARN","message":"Linha 9841: Pontuação é 0 ou null","category":"PONTUACAO","context":{"rowNumber":9841,"points":0,"cnpj":"11619894000119","saleId":"3415433A","executiveName":"Armando Soares"}}
{"timestamp":"2026-03-16T14:30:31.252Z","importId":3,"level":"WARN","message":"Linha 9842: Pontuação é 0 ou null","category":"PONTUACAO","context":{"rowNumber":9842,"points":0,"cnpj":"57541948000171","saleId":"3415432A","executiveName":"William Silva"}}
{"timestamp":"2026-03-16T14:30:31.254Z","importId":3,"level":"WARN","message":"Linha 9843: Pontuação é 0 ou null","category":"PONTUACAO","context":{"rowNumber":9843,"points":0,"cnpj":"30940737000155","saleId":"3415451A","executiveName":"Marlon Wander"}}
{"timestamp":"2026-03-16T14:30:31.256Z","importId":3,"level":"WARN","message":"Linha 9844: Pontuação é 0 ou null","category":"PONTUACAO","context":{"rowNumber":9844,"points":0,"cnpj":"21860827000145","saleId":"3415494A","executiveName":"Ricardo Morais"}}
{"timestamp":"2026-03-16T14:30:31.261Z","importId":3,"level":"WARN","message":"Linha 9845: Pontuação é 0 ou null","category":"PONTUACAO","context":{"rowNumber":9845,"points":0,"cnpj":"08281351000120","saleId":"3414287A","executiveName":"Miguel Jenotti"}}
{"timestamp":"2026-03-16T14:30:31.263Z","importId":3,"level":"WARN","message":"Linha 9846: Pontuação é 0 ou null","category":"PONTUACAO","context":{"rowNumber":9846,"points":0,"cnpj":"08281351000120","saleId":"3414285A","executiveName":"Miguel Jenotti"}}
{"timestamp":"2026-03-16T14:30:31.266Z","importId":3,"level":"WARN","message":"Linha 9849: Pontuação é 0 ou null","category":"PONTUACAO","context":{"rowNumber":9849,"points":0,"cnpj":"11820109000191","saleId":"3414253A","executiveName":"Soraya Romano"}}
{"timestamp":"2026-03-16T14:30:31.273Z","importId":3,"level":"WARN","message":"Linha 9853: Pontuação é 0 ou null","category":"PONTUACAO","context":{"rowNumber":9853,"points":0,"cnpj":"10443597000100","saleId":"3414249A","executiveName":"Elza Lara"}}
{"timestamp":"2026-03-16T14:30:31.275Z","importId":3,"level":"WARN","message":"Linha 9854: Pontuação é 0 ou null","category":"PONTUACAO","context":{"rowNumber":9854,"points":0,"cnpj":"10443597000100","saleId":"3414248A","executiveName":"Elza Lara"}}
{"timestamp":"2026-03-16T14:30:31.278Z","importId":3,"level":"WARN","message":"Linha 9856: Pontuação é 0 ou null","category":"PONTUACAO","context":{"rowNumber":9856,"points":0,"cnpj":"07540346000121","saleId":"3414245A","executiveName":"Ricardo Morais"}}
{"timestamp":"2026-03-16T14:30:31.287Z","importId":3,"level":"WARN","message":"Linha 9862: Pontuação é 0 ou null","category":"PONTUACAO","context":{"rowNumber":9862,"points":0,"cnpj":"57608093000159","saleId":"3414239A","executiveName":"Cristiano Dafre"}}
{"timestamp":"2026-03-16T14:30:31.313Z","importId":3,"level":"WARN","message":"Linha 9879: Pontuação é 0 ou null","category":"PONTUACAO","context":{"rowNumber":9879,"points":0,"cnpj":"75527804000142","saleId":"3414280A","executiveName":"Clarissa Cavalheiro"}}
{"timestamp":"2026-03-16T14:30:31.315Z","importId":3,"level":"WARN","message":"Linha 9880: Pontuação é 0 ou null","category":"PONTUACAO","context":{"rowNumber":9880,"points":0,"cnpj":"75527804000142","saleId":"3414279A","executiveName":"Clarissa Cavalheiro"}}
{"timestamp":"2026-03-16T14:30:31.323Z","importId":3,"level":"WARN","message":"Linha 9885: Pontuação é 0 ou null","category":"PONTUACAO","context":{"rowNumber":9885,"points":0,"cnpj":"45105652000129","saleId":"3414274A","executiveName":"Leonardo Ligabo"}}
{"timestamp":"2026-03-16T14:30:31.325Z","importId":3,"level":"WARN","message":"Linha 9886: Pontuação é 0 ou null","category":"PONTUACAO","context":{"rowNumber":9886,"points":0,"cnpj":"11820109000191","saleId":"3414258A","executiveName":"Soraya Romano"}}
{"timestamp":"2026-03-16T14:30:31.328Z","importId":3,"level":"WARN","message":"Linha 9888: Pontuação é 0 ou null","category":"PONTUACAO","context":{"rowNumber":9888,"points":0,"cnpj":"24839282000183","saleId":"3414270A","executiveName":"Karla Reis"}}
{"timestamp":"2026-03-16T14:30:31.331Z","importId":3,"level":"WARN","message":"Linha 9890: Pontuação é 0 ou null","category":"PONTUACAO","context":{"rowNumber":9890,"points":0,"cnpj":"27932042000117","saleId":"3414268A","executiveName":"William Silva"}}
{"timestamp":"2026-03-16T14:30:31.334Z","importId":3,"level":"WARN","message":"Linha 9891: Pontuação é 0 ou null","category":"PONTUACAO","context":{"rowNumber":9891,"points":0,"cnpj":"27932042000117","saleId":"3414267A","executiveName":"William Silva"}}
{"timestamp":"2026-03-16T14:30:31.336Z","importId":3,"level":"WARN","message":"Linha 9892: Pontuação é 0 ou null","category":"PONTUACAO","context":{"rowNumber":9892,"points":0,"cnpj":"27932042000117","saleId":"3414266A","executiveName":"William Silva"}}
{"timestamp":"2026-03-16T14:30:31.349Z","importId":3,"level":"WARN","message":"Linha 9901: Pontuação é 0 ou null","category":"PONTUACAO","context":{"rowNumber":9901,"points":0,"cnpj":"08808140000100","saleId":"3415508A","executiveName":"Leonardo Ligabo"}}
{"timestamp":"2026-03-16T14:30:31.357Z","importId":3,"level":"WARN","message":"Linha 9906: Pontuação é 0 ou null","category":"PONTUACAO","context":{"rowNumber":9906,"points":0,"cnpj":"15006080000160","saleId":"3419089A","executiveName":"Pasquale Neto"}}
{"timestamp":"2026-03-16T14:30:31.359Z","importId":3,"level":"WARN","message":"Linha 9907: Pontuação é 0 ou null","category":"PONTUACAO","context":{"rowNumber":9907,"points":0,"cnpj":"00141852000107","saleId":"3419088A","executiveName":"Pasquale Neto"}}
{"timestamp":"2026-03-16T14:30:31.367Z","importId":3,"level":"WARN","message":"Linha 9914: Pontuação é 0 ou null","category":"PONTUACAO","context":{"rowNumber":9914,"points":0,"cnpj":"06256161000127","saleId":"3421081A","executiveName":"Pasquale Neto"}}
{"timestamp":"2026-03-16T14:30:31.379Z","importId":3,"level":"WARN","message":"Linha 9922: Pontuação é 0 ou null","category":"PONTUACAO","context":{"rowNumber":9922,"points":0,"cnpj":"02660296000100","saleId":"3418186A","executiveName":"Kelly Furno"}}
{"timestamp":"2026-03-16T14:30:31.380Z","importId":3,"level":"WARN","message":"Linha 9923: Pontuação é 0 ou null","category":"PONTUACAO","context":{"rowNumber":9923,"points":0,"cnpj":"02116253000150","saleId":"3418166A","executiveName":"Elza Lara"}}
{"timestamp":"2026-03-16T14:30:31.386Z","importId":3,"level":"WARN","message":"Linha 9925: Pontuação é 0 ou null","category":"PONTUACAO","context":{"rowNumber":9925,"points":0,"cnpj":"02116253000150","saleId":"3418164A","executiveName":"Elza Lara"}}
{"timestamp":"2026-03-16T14:30:31.392Z","importId":3,"level":"WARN","message":"Linha 9928: Pontuação é 0 ou null","category":"PONTUACAO","context":{"rowNumber":9928,"points":0,"cnpj":"02116253000150","saleId":"3418161A","executiveName":"Elza Lara"}}
{"timestamp":"2026-03-16T14:30:31.397Z","importId":3,"level":"WARN","message":"Linha 9932: Pontuação é 0 ou null","category":"PONTUACAO","context":{"rowNumber":9932,"points":0,"cnpj":"07868518000190","saleId":"3427922A","executiveName":"Luana Fagundes"}}
{"timestamp":"2026-03-16T14:30:31.399Z","importId":3,"level":"WARN","message":"Linha 9933: Pontuação é 0 ou null","category":"PONTUACAO","context":{"rowNumber":9933,"points":0,"cnpj":"07868518000190","saleId":"3427921A","executiveName":"Luana Fagundes"}}
{"timestamp":"2026-03-16T14:30:31.401Z","importId":3,"level":"WARN","message":"Linha 9934: Pontuação é 0 ou null","category":"PONTUACAO","context":{"rowNumber":9934,"points":0,"cnpj":"01491692000180","saleId":"3427676A","executiveName":"Ricardo Morais"}}
{"timestamp":"2026-03-16T14:30:31.406Z","importId":3,"level":"WARN","message":"Linha 9937: Pontuação é 0 ou null","category":"PONTUACAO","context":{"rowNumber":9937,"points":0,"cnpj":"32734735000135","saleId":"3425920A","executiveName":"Cristiano Dafre"}}
{"timestamp":"2026-03-16T14:30:31.428Z","importId":3,"level":"WARN","message":"Linha 9953: Pontuação é 0 ou null","category":"PONTUACAO","context":{"rowNumber":9953,"points":0,"cnpj":"48186332000139","saleId":"3421813A","executiveName":"Ricardo Morais"}}
{"timestamp":"2026-03-16T14:30:31.434Z","importId":3,"level":"WARN","message":"Linha 9956: Pontuação é 0 ou null","category":"PONTUACAO","context":{"rowNumber":9956,"points":0,"cnpj":"08808140000100","saleId":"3415509A","executiveName":"Leonardo Ligabo"}}
{"timestamp":"2026-03-16T14:30:31.436Z","importId":3,"level":"WARN","message":"Linha 9957: Pontuação é 0 ou null","category":"PONTUACAO","context":{"rowNumber":9957,"points":0,"cnpj":"02116253000150","saleId":"3418160A","executiveName":"Elza Lara"}}
{"timestamp":"2026-03-16T14:30:31.448Z","importId":3,"level":"WARN","message":"Linha 9966: Pontuação é 0 ou null","category":"PONTUACAO","context":{"rowNumber":9966,"points":0,"cnpj":"11820109000191","saleId":"3415881A","executiveName":"Soraya Romano"}}
{"timestamp":"2026-03-16T14:30:31.451Z","importId":3,"level":"WARN","message":"Linha 9967: Pontuação é 0 ou null","category":"PONTUACAO","context":{"rowNumber":9967,"points":0,"cnpj":"11820109000191","saleId":"3415880A","executiveName":"Soraya Romano"}}
{"timestamp":"2026-03-16T14:30:31.453Z","importId":3,"level":"WARN","message":"Linha 9968: Pontuação é 0 ou null","category":"PONTUACAO","context":{"rowNumber":9968,"points":0,"cnpj":"11820109000191","saleId":"3415879A","executiveName":"Soraya Romano"}}
{"timestamp":"2026-03-16T14:30:31.456Z","importId":3,"level":"WARN","message":"Linha 9969: Pontuação é 0 ou null","category":"PONTUACAO","context":{"rowNumber":9969,"points":0,"cnpj":"11820109000191","saleId":"3415878A","executiveName":"Soraya Romano"}}
{"timestamp":"2026-03-16T14:30:31.459Z","importId":3,"level":"WARN","message":"Linha 9971: Pontuação é 0 ou null","category":"PONTUACAO","context":{"rowNumber":9971,"points":0,"cnpj":"11820109000191","saleId":"3415877A","executiveName":"Soraya Romano"}}
{"timestamp":"2026-03-16T14:30:31.461Z","importId":3,"level":"WARN","message":"Linha 9972: Pontuação é 0 ou null","category":"PONTUACAO","context":{"rowNumber":9972,"points":0,"cnpj":"20027725000180","saleId":"3415857A","executiveName":"Karla Reis"}}
{"timestamp":"2026-03-16T14:30:31.463Z","importId":3,"level":"WARN","message":"Linha 9973: Pontuação é 0 ou null","category":"PONTUACAO","context":{"rowNumber":9973,"points":0,"cnpj":"28550155000110","saleId":"3415854A","executiveName":"Karla Reis"}}
{"timestamp":"2026-03-16T14:30:31.465Z","importId":3,"level":"WARN","message":"Linha 9974: Pontuação é 0 ou null","category":"PONTUACAO","context":{"rowNumber":9974,"points":0,"cnpj":"28550155000110","saleId":"3415853A","executiveName":"Karla Reis"}}
{"timestamp":"2026-03-16T14:30:31.468Z","importId":3,"level":"WARN","message":"Linha 9975: Pontuação é 0 ou null","category":"PONTUACAO","context":{"rowNumber":9975,"points":0,"cnpj":"28550155000110","saleId":"3415852A","executiveName":"Karla Reis"}}
{"timestamp":"2026-03-16T14:30:31.470Z","importId":3,"level":"WARN","message":"Linha 9976: Pontuação é 0 ou null","category":"PONTUACAO","context":{"rowNumber":9976,"points":0,"cnpj":"04987672000193","saleId":"3415834A","executiveName":"Andrea Cordovil"}}
{"timestamp":"2026-03-16T14:30:31.476Z","importId":3,"level":"WARN","message":"Linha 9980: Pontuação é 0 ou null","category":"PONTUACAO","context":{"rowNumber":9980,"points":0,"cnpj":"59316984000167","saleId":"3415818A","executiveName":"Marlon Wander"}}
{"timestamp":"2026-03-16T14:30:31.478Z","importId":3,"level":"WARN","message":"Linha 9981: Pontuação é 0 ou null","category":"PONTUACAO","context":{"rowNumber":9981,"points":0,"cnpj":"03208191000170","saleId":"3415737A","executiveName":"Elza Lara"}}
{"timestamp":"2026-03-16T14:30:31.480Z","importId":3,"level":"WARN","message":"Linha 9982: Pontuação é 0 ou null","category":"PONTUACAO","context":{"rowNumber":9982,"points":0,"cnpj":"32734735000135","saleId":"3415731A","executiveName":"Cristiano Dafre"}}
{"timestamp":"2026-03-16T14:30:31.482Z","importId":3,"level":"WARN","message":"Linha 9983: Pontuação é 0 ou null","category":"PONTUACAO","context":{"rowNumber":9983,"points":0,"cnpj":"11820109000191","saleId":"3415872A","executiveName":"Soraya Romano"}}
{"timestamp":"2026-03-16T14:30:31.485Z","importId":3,"level":"WARN","message":"Linha 9984: Pontuação é 0 ou null","category":"PONTUACAO","context":{"rowNumber":9984,"points":0,"cnpj":"34097119000146","saleId":"3418140A","executiveName":"Andrea Cordovil"}}
{"timestamp":"2026-03-16T14:30:31.491Z","importId":3,"level":"WARN","message":"Linha 9988: Pontuação é 0 ou null","category":"PONTUACAO","context":{"rowNumber":9988,"points":0,"cnpj":"03627804000103","saleId":"3416174A","executiveName":"Elzo Nogueira"}}
{"timestamp":"2026-03-16T14:30:31.493Z","importId":3,"level":"WARN","message":"Linha 9989: Pontuação é 0 ou null","category":"PONTUACAO","context":{"rowNumber":9989,"points":0,"cnpj":"64787883000104","saleId":"3416173A","executiveName":"Andrea Cordovil"}}
{"timestamp":"2026-03-16T14:30:31.496Z","importId":3,"level":"WARN","message":"Linha 9990: Pontuação é 0 ou null","category":"PONTUACAO","context":{"rowNumber":9990,"points":0,"cnpj":"64787883000104","saleId":"3416172A","executiveName":"Andrea Cordovil"}}
{"timestamp":"2026-03-16T14:30:31.497Z","importId":3,"level":"WARN","message":"Linha 9991: Pontuação é 0 ou null","category":"PONTUACAO","context":{"rowNumber":9991,"points":0,"cnpj":"24869123000121","saleId":"3416171A","executiveName":"Elza Lara"}}
{"timestamp":"2026-03-16T14:30:31.501Z","importId":3,"level":"WARN","message":"Linha 9992: Pontuação é 0 ou null","category":"PONTUACAO","context":{"rowNumber":9992,"points":0,"cnpj":"30607677000153","saleId":"3416169A","executiveName":"Rafaela Soares"}}
{"timestamp":"2026-03-16T14:30:31.503Z","importId":3,"level":"WARN","message":"Linha 9993: Pontuação é 0 ou null","category":"PONTUACAO","context":{"rowNumber":9993,"points":0,"cnpj":"30607677000153","saleId":"3416166A","executiveName":"Rafaela Soares"}}
{"timestamp":"2026-03-16T14:30:31.504Z","importId":3,"level":"WARN","message":"Linha 9994: Pontuação é 0 ou null","category":"PONTUACAO","context":{"rowNumber":9994,"points":0,"cnpj":"43398083000121","saleId":"3416148A","executiveName":"Karla Reis"}}
{"timestamp":"2026-03-16T14:30:31.507Z","importId":3,"level":"WARN","message":"Linha 9995: Pontuação é 0 ou null","category":"PONTUACAO","context":{"rowNumber":9995,"points":0,"cnpj":"36417780000117","saleId":"3416026A","executiveName":"Kelly Furno"}}
{"timestamp":"2026-03-16T14:30:31.511Z","importId":3,"level":"WARN","message":"Linha 9996: Pontuação é 0 ou null","category":"PONTUACAO","context":{"rowNumber":9996,"points":0,"cnpj":"36417780000117","saleId":"3416015A","executiveName":"Kelly Furno"}}
{"timestamp":"2026-03-16T14:30:31.512Z","importId":3,"level":"WARN","message":"Linha 9997: Pontuação é 0 ou null","category":"PONTUACAO","context":{"rowNumber":9997,"points":0,"cnpj":"36417780000117","saleId":"3416013A","executiveName":"Kelly Furno"}}
{"timestamp":"2026-03-16T14:30:31.835Z","importId":3,"level":"WARN","message":"Linha 10255: Pontuação é 0 ou null","category":"PONTUACAO","context":{"rowNumber":10255,"points":0,"cnpj":"53107595000145","saleId":"3412180A","executiveName":"Walter Junior"}}
{"timestamp":"2026-03-16T14:30:31.837Z","importId":3,"level":"WARN","message":"Linha 10256: Pontuação é 0 ou null","category":"PONTUACAO","context":{"rowNumber":10256,"points":0,"cnpj":"53107595000145","saleId":"3412179A","executiveName":"Walter Junior"}}
{"timestamp":"2026-03-16T14:30:31.851Z","importId":3,"level":"WARN","message":"Linha 10266: Pontuação é 0 ou null","category":"PONTUACAO","context":{"rowNumber":10266,"points":0,"cnpj":"01335651000103","saleId":"3412204A","executiveName":"Elza Lara"}}
{"timestamp":"2026-03-16T14:30:31.928Z","importId":3,"level":"WARN","message":"Linha 10327: Pontuação é 0 ou null","category":"PONTUACAO","context":{"rowNumber":10327,"points":0,"cnpj":"20536275000151","saleId":"3412152A","executiveName":"Elza Lara"}}
{"timestamp":"2026-03-16T14:30:31.931Z","importId":3,"level":"WARN","message":"Linha 10328: Pontuação é 0 ou null","category":"PONTUACAO","context":{"rowNumber":10328,"points":0,"cnpj":"58451394001075","saleId":"3412151A","executiveName":"Sem Promotor"}}
{"timestamp":"2026-03-16T14:30:31.934Z","importId":3,"level":"WARN","message":"Linha 10329: Pontuação é 0 ou null","category":"PONTUACAO","context":{"rowNumber":10329,"points":0,"cnpj":"58451394001075","saleId":"3412150A","executiveName":"Sem Promotor"}}
{"timestamp":"2026-03-16T14:30:31.936Z","importId":3,"level":"WARN","message":"Linha 10330: Pontuação é 0 ou null","category":"PONTUACAO","context":{"rowNumber":10330,"points":0,"cnpj":"25317409000167","saleId":"3412149A","executiveName":"Luana Fagundes"}}
{"timestamp":"2026-03-16T14:30:31.972Z","importId":3,"level":"WARN","message":"Linha 10357: Pontuação é 0 ou null","category":"PONTUACAO","context":{"rowNumber":10357,"points":0,"cnpj":"00003058000199","saleId":"3412366A","executiveName":"Pasquale Neto"}}
{"timestamp":"2026-03-16T14:30:31.974Z","importId":3,"level":"WARN","message":"Linha 10358: Pontuação é 0 ou null","category":"PONTUACAO","context":{"rowNumber":10358,"points":0,"cnpj":"00003058000199","saleId":"3412365A","executiveName":"Pasquale Neto"}}
{"timestamp":"2026-03-16T14:30:32.017Z","importId":3,"level":"WARN","message":"Linha 10390: Pontuação é 0 ou null","category":"PONTUACAO","context":{"rowNumber":10390,"points":0,"cnpj":"21860827000145","saleId":"3412380A","executiveName":"Ricardo Morais"}}
{"timestamp":"2026-03-16T14:30:32.035Z","importId":3,"level":"WARN","message":"Linha 10400: Pontuação é 0 ou null","category":"PONTUACAO","context":{"rowNumber":10400,"points":0,"cnpj":"00003058000199","saleId":"3412384A","executiveName":"Pasquale Neto"}}
{"timestamp":"2026-03-16T14:30:32.038Z","importId":3,"level":"WARN","message":"Linha 10401: Pontuação é 0 ou null","category":"PONTUACAO","context":{"rowNumber":10401,"points":0,"cnpj":"21860827000145","saleId":"3412383A","executiveName":"Ricardo Morais"}}
{"timestamp":"2026-03-16T14:30:32.048Z","importId":3,"level":"WARN","message":"Linha 10407: Pontuação é 0 ou null","category":"PONTUACAO","context":{"rowNumber":10407,"points":0,"cnpj":"26203213000104","saleId":"3412300A","executiveName":"Roberto Garbin"}}
{"timestamp":"2026-03-16T14:30:32.051Z","importId":3,"level":"WARN","message":"Linha 10408: Pontuação é 0 ou null","category":"PONTUACAO","context":{"rowNumber":10408,"points":0,"cnpj":"26203213000104","saleId":"3412299A","executiveName":"Roberto Garbin"}}
{"timestamp":"2026-03-16T14:30:32.053Z","importId":3,"level":"WARN","message":"Linha 10409: Pontuação é 0 ou null","category":"PONTUACAO","context":{"rowNumber":10409,"points":0,"cnpj":"26203213000104","saleId":"3412298A","executiveName":"Roberto Garbin"}}
{"timestamp":"2026-03-16T14:30:32.056Z","importId":3,"level":"WARN","message":"Linha 10410: Pontuação é 0 ou null","category":"PONTUACAO","context":{"rowNumber":10410,"points":0,"cnpj":"26203213000104","saleId":"3412297A","executiveName":"Roberto Garbin"}}
{"timestamp":"2026-03-16T14:30:32.058Z","importId":3,"level":"WARN","message":"Linha 10411: Pontuação é 0 ou null","category":"PONTUACAO","context":{"rowNumber":10411,"points":0,"cnpj":"26203213000104","saleId":"3412296A","executiveName":"Roberto Garbin"}}
{"timestamp":"2026-03-16T14:30:32.060Z","importId":3,"level":"WARN","message":"Linha 10412: Pontuação é 0 ou null","category":"PONTUACAO","context":{"rowNumber":10412,"points":0,"cnpj":"26203213000104","saleId":"3412295A","executiveName":"Roberto Garbin"}}
{"timestamp":"2026-03-16T14:30:32.062Z","importId":3,"level":"WARN","message":"Linha 10413: Pontuação é 0 ou null","category":"PONTUACAO","context":{"rowNumber":10413,"points":0,"cnpj":"04033961000153","saleId":"3412294A","executiveName":"Elza Lara"}}
{"timestamp":"2026-03-16T14:30:32.069Z","importId":3,"level":"WARN","message":"Linha 10416: Pontuação é 0 ou null","category":"PONTUACAO","context":{"rowNumber":10416,"points":0,"cnpj":"20929210000176","saleId":"3412291A","executiveName":"Gabriela Carvalho"}}
{"timestamp":"2026-03-16T14:30:32.072Z","importId":3,"level":"WARN","message":"Linha 10418: Pontuação é 0 ou null","category":"PONTUACAO","context":{"rowNumber":10418,"points":0,"cnpj":"20536275000151","saleId":"3412301A","executiveName":"Elza Lara"}}
{"timestamp":"2026-03-16T14:30:32.092Z","importId":3,"level":"WARN","message":"Linha 10433: Pontuação é 0 ou null","category":"PONTUACAO","context":{"rowNumber":10433,"points":0,"cnpj":"29215726000123","saleId":"3412302A","executiveName":"Ricardo Morais"}}
{"timestamp":"2026-03-16T14:30:32.106Z","importId":3,"level":"WARN","message":"Linha 10442: Pontuação é 0 ou null","category":"PONTUACAO","context":{"rowNumber":10442,"points":0,"cnpj":"21432799000165","saleId":"3412333A","executiveName":"Andreza Lubatsch"}}
{"timestamp":"2026-03-16T14:30:32.114Z","importId":3,"level":"WARN","message":"Linha 10448: Pontuação é 0 ou null","category":"PONTUACAO","context":{"rowNumber":10448,"points":0,"cnpj":"16849620000130","saleId":"3412315A","executiveName":"Rafaela Soares"}}
{"timestamp":"2026-03-16T14:30:32.116Z","importId":3,"level":"WARN","message":"Linha 10449: Pontuação é 0 ou null","category":"PONTUACAO","context":{"rowNumber":10449,"points":0,"cnpj":"16849620000130","saleId":"3412314A","executiveName":"Rafaela Soares"}}
{"timestamp":"2026-03-16T14:30:32.120Z","importId":3,"level":"WARN","message":"Linha 10451: Pontuação é 0 ou null","category":"PONTUACAO","context":{"rowNumber":10451,"points":0,"cnpj":"16849620000130","saleId":"3412312A","executiveName":"Rafaela Soares"}}
{"timestamp":"2026-03-16T14:30:32.121Z","importId":3,"level":"WARN","message":"Linha 10452: Pontuação é 0 ou null","category":"PONTUACAO","context":{"rowNumber":10452,"points":0,"cnpj":"16849620000130","saleId":"3412311A","executiveName":"Rafaela Soares"}}
{"timestamp":"2026-03-16T14:30:32.139Z","importId":3,"level":"WARN","message":"Linha 10463: Pontuação é 0 ou null","category":"PONTUACAO","context":{"rowNumber":10463,"points":0,"cnpj":"67565887000136","saleId":"3411805A","executiveName":"Pasquale Neto"}}
{"timestamp":"2026-03-16T14:30:32.218Z","importId":3,"level":"WARN","message":"Linha 10520: Pontuação é 0 ou null","category":"PONTUACAO","context":{"rowNumber":10520,"points":0,"cnpj":"12100779000104","saleId":"3411664A","executiveName":"Carlos Brito"}}
{"timestamp":"2026-03-16T14:30:32.222Z","importId":3,"level":"WARN","message":"Linha 10522: Pontuação é 0 ou null","category":"PONTUACAO","context":{"rowNumber":10522,"points":0,"cnpj":"21211391000163","saleId":"3411651A","executiveName":"Maira Vallim"}}
{"timestamp":"2026-03-16T14:30:32.235Z","importId":3,"level":"WARN","message":"Linha 10532: Pontuação é 0 ou null","category":"PONTUACAO","context":{"rowNumber":10532,"points":0,"cnpj":"03085219000129","saleId":"3411571A","executiveName":"Carlos Brito"}}
{"timestamp":"2026-03-16T14:30:32.615Z","importId":3,"level":"WARN","message":"Linha 10799: Pontuação é 0 ou null","category":"PONTUACAO","context":{"rowNumber":10799,"points":0,"cnpj":"10477006000108","saleId":"3413134A","executiveName":"Karla Reis"}}
{"timestamp":"2026-03-16T14:30:32.618Z","importId":3,"level":"WARN","message":"Linha 10800: Pontuação é 0 ou null","category":"PONTUACAO","context":{"rowNumber":10800,"points":0,"cnpj":"23157294000165","saleId":"3413133A","executiveName":"Ricardo Morais"}}
{"timestamp":"2026-03-16T14:30:32.624Z","importId":3,"level":"WARN","message":"Linha 10804: Pontuação é 0 ou null","category":"PONTUACAO","context":{"rowNumber":10804,"points":0,"cnpj":"10745956000176","saleId":"3413129A","executiveName":"Elza Lara"}}
{"timestamp":"2026-03-16T14:30:32.626Z","importId":3,"level":"WARN","message":"Linha 10805: Pontuação é 0 ou null","category":"PONTUACAO","context":{"rowNumber":10805,"points":0,"cnpj":"24117034000129","saleId":"3413128A","executiveName":"Miguel Jenotti"}}
{"timestamp":"2026-03-16T14:30:32.628Z","importId":3,"level":"WARN","message":"Linha 10806: Pontuação é 0 ou null","category":"PONTUACAO","context":{"rowNumber":10806,"points":0,"cnpj":"24117034000129","saleId":"3413127A","executiveName":"Miguel Jenotti"}}
{"timestamp":"2026-03-16T14:30:32.632Z","importId":3,"level":"WARN","message":"Linha 10809: Pontuação é 0 ou null","category":"PONTUACAO","context":{"rowNumber":10809,"points":0,"cnpj":"21316386000115","saleId":"3413124A","executiveName":"Cristiano Dafre"}}
{"timestamp":"2026-03-16T14:30:32.637Z","importId":3,"level":"WARN","message":"Linha 10812: Pontuação é 0 ou null","category":"PONTUACAO","context":{"rowNumber":10812,"points":0,"cnpj":"15875000000102","saleId":"3413121A","executiveName":"Elza Lara"}}
{"timestamp":"2026-03-16T14:30:32.641Z","importId":3,"level":"WARN","message":"Linha 10814: Pontuação é 0 ou null","category":"PONTUACAO","context":{"rowNumber":10814,"points":0,"cnpj":"59468322000102","saleId":"3413119A","executiveName":"Carlos Brito"}}
{"timestamp":"2026-03-16T14:30:32.645Z","importId":3,"level":"WARN","message":"Linha 10815: Pontuação é 0 ou null","category":"PONTUACAO","context":{"rowNumber":10815,"points":0,"cnpj":"59468322000102","saleId":"3413118A","executiveName":"Carlos Brito"}}
{"timestamp":"2026-03-16T14:30:32.646Z","importId":3,"level":"WARN","message":"Linha 10816: Pontuação é 0 ou null","category":"PONTUACAO","context":{"rowNumber":10816,"points":0,"cnpj":"59468322000102","saleId":"3413117A","executiveName":"Carlos Brito"}}
{"timestamp":"2026-03-16T14:30:32.648Z","importId":3,"level":"WARN","message":"Linha 10817: Pontuação é 0 ou null","category":"PONTUACAO","context":{"rowNumber":10817,"points":0,"cnpj":"59468322000102","saleId":"3413116A","executiveName":"Carlos Brito"}}
{"timestamp":"2026-03-16T14:30:32.664Z","importId":3,"level":"WARN","message":"Linha 10828: Pontuação é 0 ou null","category":"PONTUACAO","context":{"rowNumber":10828,"points":0,"cnpj":"21860827000145","saleId":"3413164A","executiveName":"Ricardo Morais"}}
{"timestamp":"2026-03-16T14:30:32.673Z","importId":3,"level":"WARN","message":"Linha 10835: Pontuação é 0 ou null","category":"PONTUACAO","context":{"rowNumber":10835,"points":0,"cnpj":"33104371000172","saleId":"3413157A","executiveName":"Luana Fagundes"}}
{"timestamp":"2026-03-16T14:30:32.682Z","importId":3,"level":"WARN","message":"Linha 10841: Pontuação é 0 ou null","category":"PONTUACAO","context":{"rowNumber":10841,"points":0,"cnpj":"55378004000108","saleId":"3413151A","executiveName":"Maira Vallim"}}
{"timestamp":"2026-03-16T14:30:32.685Z","importId":3,"level":"WARN","message":"Linha 10842: Pontuação é 0 ou null","category":"PONTUACAO","context":{"rowNumber":10842,"points":0,"cnpj":"06301781000130","saleId":"3413150A","executiveName":"Armando Soares"}}
{"timestamp":"2026-03-16T14:30:32.686Z","importId":3,"level":"WARN","message":"Linha 10843: Pontuação é 0 ou null","category":"PONTUACAO","context":{"rowNumber":10843,"points":0,"cnpj":"06301781000130","saleId":"3413149A","executiveName":"Armando Soares"}}
{"timestamp":"2026-03-16T14:30:32.692Z","importId":3,"level":"WARN","message":"Linha 10846: Pontuação é 0 ou null","category":"PONTUACAO","context":{"rowNumber":10846,"points":0,"cnpj":"03677175000126","saleId":"3413146A","executiveName":"Rafaela Soares"}}
{"timestamp":"2026-03-16T14:30:32.694Z","importId":3,"level":"WARN","message":"Linha 10847: Pontuação é 0 ou null","category":"PONTUACAO","context":{"rowNumber":10847,"points":0,"cnpj":"01004367000146","saleId":"3413144A","executiveName":"Marlon Wander"}}
{"timestamp":"2026-03-16T14:30:33.458Z","importId":3,"level":"WARN","message":"Linha 11445: Pontuação é 0 ou null","category":"PONTUACAO","context":{"rowNumber":11445,"points":0,"cnpj":"49267804000140","saleId":"3427594A","executiveName":"Ricardo Morais"}}
{"timestamp":"2026-03-16T14:30:33.465Z","importId":3,"level":"WARN","message":"Linha 11449: Pontuação é 0 ou null","category":"PONTUACAO","context":{"rowNumber":11449,"points":0,"cnpj":"51956360000100","saleId":"3421863A","executiveName":"Ricardo Morais"}}
{"timestamp":"2026-03-16T14:30:33.467Z","importId":3,"level":"WARN","message":"Linha 11450: Pontuação é 0 ou null","category":"PONTUACAO","context":{"rowNumber":11450,"points":0,"cnpj":"02884465000188","saleId":"3415386A","executiveName":"Pasquale Neto"}}
{"timestamp":"2026-03-16T14:30:33.481Z","importId":3,"level":"WARN","message":"Linha 11462: Pontuação é 0 ou null","category":"PONTUACAO","context":{"rowNumber":11462,"points":0,"cnpj":"30607677000153","saleId":"3415447A","executiveName":"Rafaela Soares"}}
{"timestamp":"2026-03-16T14:30:33.502Z","importId":3,"level":"WARN","message":"Linha 11477: Pontuação é 0 ou null","category":"PONTUACAO","context":{"rowNumber":11477,"points":0,"cnpj":"57007508000139","saleId":"3415517A","executiveName":"Elza Lara"}}
{"timestamp":"2026-03-16T14:30:33.504Z","importId":3,"level":"WARN","message":"Linha 11478: Pontuação é 0 ou null","category":"PONTUACAO","context":{"rowNumber":11478,"points":0,"cnpj":"31674892000130","saleId":"3415732A","executiveName":"Miguel Jenotti"}}
{"timestamp":"2026-03-16T14:30:33.508Z","importId":3,"level":"WARN","message":"Linha 11480: Pontuação é 0 ou null","category":"PONTUACAO","context":{"rowNumber":11480,"points":0,"cnpj":"51956360000100","saleId":"3421862A","executiveName":"Ricardo Morais"}}
{"timestamp":"2026-03-16T14:30:33.510Z","importId":3,"level":"WARN","message":"Linha 11481: Pontuação é 0 ou null","category":"PONTUACAO","context":{"rowNumber":11481,"points":0,"cnpj":"51956360000100","saleId":"3421830A","executiveName":"Ricardo Morais"}}
{"timestamp":"2026-03-16T14:30:33.511Z","importId":3,"level":"WARN","message":"Linha 11482: Pontuação é 0 ou null","category":"PONTUACAO","context":{"rowNumber":11482,"points":0,"cnpj":"51956360000100","saleId":"3421829A","executiveName":"Ricardo Morais"}}
{"timestamp":"2026-03-16T14:30:33.513Z","importId":3,"level":"WARN","message":"Linha 11483: Pontuação é 0 ou null","category":"PONTUACAO","context":{"rowNumber":11483,"points":0,"cnpj":"49267804000140","saleId":"3421814A","executiveName":"Ricardo Morais"}}
{"timestamp":"2026-03-16T14:30:33.519Z","importId":3,"level":"WARN","message":"Linha 11486: Pontuação é 0 ou null","category":"PONTUACAO","context":{"rowNumber":11486,"points":0,"cnpj":"20945347000114","saleId":"3416245A","executiveName":"Karla Reis"}}
{"timestamp":"2026-03-16T14:30:33.521Z","importId":3,"level":"WARN","message":"Linha 11487: Pontuação é 0 ou null","category":"PONTUACAO","context":{"rowNumber":11487,"points":0,"cnpj":"57954299000130","saleId":"3416244A","executiveName":"Ricardo Bueno"}}
{"timestamp":"2026-03-16T14:30:33.523Z","importId":3,"level":"WARN","message":"Linha 11488: Pontuação é 0 ou null","category":"PONTUACAO","context":{"rowNumber":11488,"points":0,"cnpj":"57954299000130","saleId":"3416243A","executiveName":"Ricardo Bueno"}}
{"timestamp":"2026-03-16T14:30:33.527Z","importId":3,"level":"WARN","message":"Linha 11489: Pontuação é 0 ou null","category":"PONTUACAO","context":{"rowNumber":11489,"points":0,"cnpj":"18587179000190","saleId":"3416163A","executiveName":"Gabriela Carvalho"}}
{"timestamp":"2026-03-16T14:30:33.529Z","importId":3,"level":"WARN","message":"Linha 11490: Pontuação é 0 ou null","category":"PONTUACAO","context":{"rowNumber":11490,"points":0,"cnpj":"03627804000103","saleId":"3416161A","executiveName":"Elzo Nogueira"}}
{"timestamp":"2026-03-16T14:30:33.530Z","importId":3,"level":"WARN","message":"Linha 11491: Pontuação é 0 ou null","category":"PONTUACAO","context":{"rowNumber":11491,"points":0,"cnpj":"03627804000103","saleId":"3416150A","executiveName":"Elzo Nogueira"}}
{"timestamp":"2026-03-16T14:30:33.532Z","importId":3,"level":"WARN","message":"Linha 11492: Pontuação é 0 ou null","category":"PONTUACAO","context":{"rowNumber":11492,"points":0,"cnpj":"10880027000170","saleId":"3415959A","executiveName":"Ricardo Morais"}}
{"timestamp":"2026-03-16T14:30:33.539Z","importId":3,"level":"WARN","message":"Linha 11496: Pontuação é 0 ou null","category":"PONTUACAO","context":{"rowNumber":11496,"points":0,"cnpj":"20536275000151","saleId":"3415849A","executiveName":"Elza Lara"}}
{"timestamp":"2026-03-16T14:30:33.542Z","importId":3,"level":"WARN","message":"Linha 11497: Pontuação é 0 ou null","category":"PONTUACAO","context":{"rowNumber":11497,"points":0,"cnpj":"20536275000151","saleId":"3415848A","executiveName":"Elza Lara"}}
{"timestamp":"2026-03-16T14:30:33.545Z","importId":3,"level":"WARN","message":"Linha 11499: Pontuação é 0 ou null","category":"PONTUACAO","context":{"rowNumber":11499,"points":0,"cnpj":"20606282000182","saleId":"3415844A","executiveName":"Armando Soares"}}
{"timestamp":"2026-03-16T14:30:33.547Z","importId":3,"level":"WARN","message":"Linha 11500: Pontuação é 0 ou null","category":"PONTUACAO","context":{"rowNumber":11500,"points":0,"cnpj":"20606282000182","saleId":"3415843A","executiveName":"Armando Soares"}}
{"timestamp":"2026-03-16T14:30:33.549Z","importId":3,"level":"WARN","message":"Linha 11501: Pontuação é 0 ou null","category":"PONTUACAO","context":{"rowNumber":11501,"points":0,"cnpj":"20606282000182","saleId":"3415842A","executiveName":"Armando Soares"}}
{"timestamp":"2026-03-16T14:30:33.551Z","importId":3,"level":"WARN","message":"Linha 11502: Pontuação é 0 ou null","category":"PONTUACAO","context":{"rowNumber":11502,"points":0,"cnpj":"20606282000182","saleId":"3415841A","executiveName":"Armando Soares"}}
{"timestamp":"2026-03-16T14:30:33.553Z","importId":3,"level":"WARN","message":"Linha 11503: Pontuação é 0 ou null","category":"PONTUACAO","context":{"rowNumber":11503,"points":0,"cnpj":"20606282000182","saleId":"3415840A","executiveName":"Armando Soares"}}
{"timestamp":"2026-03-16T14:30:33.556Z","importId":3,"level":"WARN","message":"Linha 11504: Pontuação é 0 ou null","category":"PONTUACAO","context":{"rowNumber":11504,"points":0,"cnpj":"20606282000182","saleId":"3415839A","executiveName":"Armando Soares"}}
{"timestamp":"2026-03-16T14:30:33.559Z","importId":3,"level":"WARN","message":"Linha 11505: Pontuação é 0 ou null","category":"PONTUACAO","context":{"rowNumber":11505,"points":0,"cnpj":"20606282000182","saleId":"3415838A","executiveName":"Armando Soares"}}
{"timestamp":"2026-03-16T14:30:33.565Z","importId":3,"level":"WARN","message":"Linha 11509: Pontuação é 0 ou null","category":"PONTUACAO","context":{"rowNumber":11509,"points":0,"cnpj":"18587179000190","saleId":"3416165A","executiveName":"Gabriela Carvalho"}}
{"timestamp":"2026-03-16T14:30:33.570Z","importId":3,"level":"WARN","message":"Linha 11512: Pontuação é 0 ou null","category":"PONTUACAO","context":{"rowNumber":11512,"points":0,"cnpj":"03683159000146","saleId":"3414381A","executiveName":"Rafaela Soares"}}
{"timestamp":"2026-03-16T14:30:33.572Z","importId":3,"level":"WARN","message":"Linha 11513: Pontuação é 0 ou null","category":"PONTUACAO","context":{"rowNumber":11513,"points":0,"cnpj":"10880027000170","saleId":"3414380A","executiveName":"Ricardo Morais"}}
{"timestamp":"2026-03-16T14:30:33.603Z","importId":3,"level":"WARN","message":"Linha 11535: Pontuação é 0 ou null","category":"PONTUACAO","context":{"rowNumber":11535,"points":0,"cnpj":"61360615000113","saleId":"3414329A","executiveName":"Carlos Brito"}}
{"timestamp":"2026-03-16T14:30:33.605Z","importId":3,"level":"WARN","message":"Linha 11536: Pontuação é 0 ou null","category":"PONTUACAO","context":{"rowNumber":11536,"points":0,"cnpj":"20779646000126","saleId":"3414325A","executiveName":"William Silva"}}
{"timestamp":"2026-03-16T14:30:33.609Z","importId":3,"level":"WARN","message":"Linha 11538: Pontuação é 0 ou null","category":"PONTUACAO","context":{"rowNumber":11538,"points":0,"cnpj":"03627804000103","saleId":"3414324A","executiveName":"Elzo Nogueira"}}
{"timestamp":"2026-03-16T14:30:33.619Z","importId":3,"level":"WARN","message":"Linha 11545: Pontuação é 0 ou null","category":"PONTUACAO","context":{"rowNumber":11545,"points":0,"cnpj":"24907191000138","saleId":"3414433A","executiveName":"Marlon Wander"}}
{"timestamp":"2026-03-16T14:30:33.986Z","importId":3,"level":"WARN","message":"Linha 11825: Pontuação é 0 ou null","category":"PONTUACAO","context":{"rowNumber":11825,"points":0,"cnpj":"04057079000148","saleId":"3416143A","executiveName":"William Silva"}}
{"timestamp":"2026-03-16T14:30:33.990Z","importId":3,"level":"WARN","message":"Linha 11826: Pontuação é 0 ou null","category":"PONTUACAO","context":{"rowNumber":11826,"points":0,"cnpj":"04057079000148","saleId":"3416144A","executiveName":"William Silva"}}
{"timestamp":"2026-03-16T14:30:33.992Z","importId":3,"level":"WARN","message":"Linha 11827: Pontuação é 0 ou null","category":"PONTUACAO","context":{"rowNumber":11827,"points":0,"cnpj":"67565887000136","saleId":"3416145A","executiveName":"Pasquale Neto"}}
{"timestamp":"2026-03-16T14:30:33.994Z","importId":3,"level":"WARN","message":"Linha 11828: Pontuação é 0 ou null","category":"PONTUACAO","context":{"rowNumber":11828,"points":0,"cnpj":"67565887000136","saleId":"3416147A","executiveName":"Pasquale Neto"}}
{"timestamp":"2026-03-16T14:30:33.998Z","importId":3,"level":"WARN","message":"Linha 11831: Pontuação é 0 ou null","category":"PONTUACAO","context":{"rowNumber":11831,"points":0,"cnpj":"28845497000168","saleId":"3418853A","executiveName":"Karla Reis"}}
{"timestamp":"2026-03-16T14:30:34.002Z","importId":3,"level":"WARN","message":"Linha 11832: Pontuação é 0 ou null","category":"PONTUACAO","context":{"rowNumber":11832,"points":0,"cnpj":"28845497000168","saleId":"3418854A","executiveName":"Karla Reis"}}
{"timestamp":"2026-03-16T14:30:34.004Z","importId":3,"level":"WARN","message":"Linha 11833: Pontuação é 0 ou null","category":"PONTUACAO","context":{"rowNumber":11833,"points":0,"cnpj":"28845497000168","saleId":"3418855A","executiveName":"Karla Reis"}}
{"timestamp":"2026-03-16T14:30:34.006Z","importId":3,"level":"WARN","message":"Linha 11834: Pontuação é 0 ou null","category":"PONTUACAO","context":{"rowNumber":11834,"points":0,"cnpj":"28845497000168","saleId":"3418856A","executiveName":"Karla Reis"}}
{"timestamp":"2026-03-16T14:30:34.011Z","importId":3,"level":"WARN","message":"Linha 11835: Pontuação é 0 ou null","category":"PONTUACAO","context":{"rowNumber":11835,"points":0,"cnpj":"28845497000168","saleId":"3418857A","executiveName":"Karla Reis"}}
{"timestamp":"2026-03-16T14:30:34.013Z","importId":3,"level":"WARN","message":"Linha 11836: Pontuação é 0 ou null","category":"PONTUACAO","context":{"rowNumber":11836,"points":0,"cnpj":"28845497000168","saleId":"3418858A","executiveName":"Karla Reis"}}
{"timestamp":"2026-03-16T14:30:34.015Z","importId":3,"level":"WARN","message":"Linha 11837: Pontuação é 0 ou null","category":"PONTUACAO","context":{"rowNumber":11837,"points":0,"cnpj":"29499764000155","saleId":"3420993A","executiveName":"Claudia Dias"}}
{"timestamp":"2026-03-16T14:30:34.016Z","importId":3,"level":"WARN","message":"Linha 11838: Pontuação é 0 ou null","category":"PONTUACAO","context":{"rowNumber":11838,"points":0,"cnpj":"15117936000255","saleId":"3421864A","executiveName":"Ronaldo Coelho"}}
{"timestamp":"2026-03-16T14:30:34.019Z","importId":3,"level":"WARN","message":"Linha 11839: Pontuação é 0 ou null","category":"PONTUACAO","context":{"rowNumber":11839,"points":0,"cnpj":"62767201000176","saleId":"3421891A","executiveName":"Gabriela Carvalho"}}
{"timestamp":"2026-03-16T14:30:34.036Z","importId":3,"level":"WARN","message":"Linha 11851: Pontuação é 0 ou null","category":"PONTUACAO","context":{"rowNumber":11851,"points":0,"cnpj":"28845497000168","saleId":"3415740A","executiveName":"Karla Reis"}}
{"timestamp":"2026-03-16T14:30:34.066Z","importId":3,"level":"WARN","message":"Linha 11873: Pontuação é 0 ou null","category":"PONTUACAO","context":{"rowNumber":11873,"points":0,"cnpj":"28845497000168","saleId":"3415738A","executiveName":"Karla Reis"}}
{"timestamp":"2026-03-16T14:30:34.070Z","importId":3,"level":"WARN","message":"Linha 11874: Pontuação é 0 ou null","category":"PONTUACAO","context":{"rowNumber":11874,"points":0,"cnpj":"28845497000168","saleId":"3415739A","executiveName":"Karla Reis"}}
{"timestamp":"2026-03-16T14:30:35.191Z","importId":3,"level":"WARN","message":"Linha 12734: Pontuação é 0 ou null","category":"PONTUACAO","context":{"rowNumber":12734,"points":0,"cnpj":"00566155000190","saleId":"3417950A","executiveName":"Carlos Barbassa"}}
{"timestamp":"2026-03-16T14:30:35.198Z","importId":3,"level":"WARN","message":"Linha 12739: Pontuação é 0 ou null","category":"PONTUACAO","context":{"rowNumber":12739,"points":0,"cnpj":"20929210000176","saleId":"3417968A","executiveName":"Gabriela Carvalho"}}
{"timestamp":"2026-03-16T14:30:35.202Z","importId":3,"level":"WARN","message":"Linha 12740: Pontuação é 0 ou null","category":"PONTUACAO","context":{"rowNumber":12740,"points":0,"cnpj":"20929210000176","saleId":"3417967A","executiveName":"Gabriela Carvalho"}}
{"timestamp":"2026-03-16T14:30:35.204Z","importId":3,"level":"WARN","message":"Linha 12741: Pontuação é 0 ou null","category":"PONTUACAO","context":{"rowNumber":12741,"points":0,"cnpj":"20929210000176","saleId":"3417966A","executiveName":"Gabriela Carvalho"}}
{"timestamp":"2026-03-16T14:30:35.214Z","importId":3,"level":"WARN","message":"Linha 12746: Pontuação é 0 ou null","category":"PONTUACAO","context":{"rowNumber":12746,"points":0,"cnpj":"04194078000145","saleId":"3417961A","executiveName":"Carlos Brito"}}
{"timestamp":"2026-03-16T14:30:35.224Z","importId":3,"level":"WARN","message":"Linha 12747: Pontuação é 0 ou null","category":"PONTUACAO","context":{"rowNumber":12747,"points":0,"cnpj":"29944382000193","saleId":"3417960A","executiveName":"Clarissa Cavalheiro"}}
{"timestamp":"2026-03-16T14:30:35.240Z","importId":3,"level":"WARN","message":"Linha 12748: Pontuação é 0 ou null","category":"PONTUACAO","context":{"rowNumber":12748,"points":0,"cnpj":"30607677000153","saleId":"3417959A","executiveName":"Rafaela Soares"}}
{"timestamp":"2026-03-16T14:30:35.248Z","importId":3,"level":"WARN","message":"Linha 12749: Pontuação é 0 ou null","category":"PONTUACAO","context":{"rowNumber":12749,"points":0,"cnpj":"30607677000153","saleId":"3417958A","executiveName":"Rafaela Soares"}}
{"timestamp":"2026-03-16T14:30:35.250Z","importId":3,"level":"WARN","message":"Linha 12750: Pontuação é 0 ou null","category":"PONTUACAO","context":{"rowNumber":12750,"points":0,"cnpj":"24194791000104","saleId":"3417956A","executiveName":"Elzo Nogueira"}}
{"timestamp":"2026-03-16T14:30:35.276Z","importId":3,"level":"WARN","message":"Linha 12751: Pontuação é 0 ou null","category":"PONTUACAO","context":{"rowNumber":12751,"points":0,"cnpj":"22694062000183","saleId":"3417955A","executiveName":"Marlon Wander"}}
{"timestamp":"2026-03-16T14:30:35.283Z","importId":3,"level":"WARN","message":"Linha 12753: Pontuação é 0 ou null","category":"PONTUACAO","context":{"rowNumber":12753,"points":0,"cnpj":"00566155000190","saleId":"3417949A","executiveName":"Carlos Barbassa"}}
{"timestamp":"2026-03-16T14:30:35.286Z","importId":3,"level":"WARN","message":"Linha 12754: Pontuação é 0 ou null","category":"PONTUACAO","context":{"rowNumber":12754,"points":0,"cnpj":"04194078000145","saleId":"3417962A","executiveName":"Carlos Brito"}}
{"timestamp":"2026-03-16T14:30:35.292Z","importId":3,"level":"WARN","message":"Linha 12755: Pontuação é 0 ou null","category":"PONTUACAO","context":{"rowNumber":12755,"points":0,"cnpj":"00566155000190","saleId":"3417948A","executiveName":"Carlos Barbassa"}}
{"timestamp":"2026-03-16T14:30:35.295Z","importId":3,"level":"WARN","message":"Linha 12756: Pontuação é 0 ou null","category":"PONTUACAO","context":{"rowNumber":12756,"points":0,"cnpj":"11820109000191","saleId":"3417982A","executiveName":"Soraya Romano"}}
{"timestamp":"2026-03-16T14:30:35.300Z","importId":3,"level":"WARN","message":"Linha 12758: Pontuação é 0 ou null","category":"PONTUACAO","context":{"rowNumber":12758,"points":0,"cnpj":"04424544000131","saleId":"3418827A","executiveName":"Carlos Brito"}}
{"timestamp":"2026-03-16T14:30:35.302Z","importId":3,"level":"WARN","message":"Linha 12759: Pontuação é 0 ou null","category":"PONTUACAO","context":{"rowNumber":12759,"points":0,"cnpj":"04424544000131","saleId":"3418826A","executiveName":"Carlos Brito"}}
{"timestamp":"2026-03-16T14:30:35.304Z","importId":3,"level":"WARN","message":"Linha 12760: Pontuação é 0 ou null","category":"PONTUACAO","context":{"rowNumber":12760,"points":0,"cnpj":"52652039000197","saleId":"3418821A","executiveName":"Ricardo Morais"}}
{"timestamp":"2026-03-16T14:30:35.306Z","importId":3,"level":"WARN","message":"Linha 12761: Pontuação é 0 ou null","category":"PONTUACAO","context":{"rowNumber":12761,"points":0,"cnpj":"52652039000197","saleId":"3418820A","executiveName":"Ricardo Morais"}}
{"timestamp":"2026-03-16T14:30:35.308Z","importId":3,"level":"WARN","message":"Linha 12762: Pontuação é 0 ou null","category":"PONTUACAO","context":{"rowNumber":12762,"points":0,"cnpj":"10880027000170","saleId":"3418819A","executiveName":"Ricardo Morais"}}
{"timestamp":"2026-03-16T14:30:35.310Z","importId":3,"level":"WARN","message":"Linha 12763: Pontuação é 0 ou null","category":"PONTUACAO","context":{"rowNumber":12763,"points":0,"cnpj":"10880027000170","saleId":"3418818A","executiveName":"Ricardo Morais"}}
{"timestamp":"2026-03-16T14:30:35.312Z","importId":3,"level":"WARN","message":"Linha 12764: Pontuação é 0 ou null","category":"PONTUACAO","context":{"rowNumber":12764,"points":0,"cnpj":"10880027000170","saleId":"3418817A","executiveName":"Ricardo Morais"}}
{"timestamp":"2026-03-16T14:30:35.314Z","importId":3,"level":"WARN","message":"Linha 12765: Pontuação é 0 ou null","category":"PONTUACAO","context":{"rowNumber":12765,"points":0,"cnpj":"10880027000170","saleId":"3418816A","executiveName":"Ricardo Morais"}}
{"timestamp":"2026-03-16T14:30:35.318Z","importId":3,"level":"WARN","message":"Linha 12767: Pontuação é 0 ou null","category":"PONTUACAO","context":{"rowNumber":12767,"points":0,"cnpj":"04643629000100","saleId":"3418815A","executiveName":"Pasquale Neto"}}
{"timestamp":"2026-03-16T14:30:35.320Z","importId":3,"level":"WARN","message":"Linha 12768: Pontuação é 0 ou null","category":"PONTUACAO","context":{"rowNumber":12768,"points":0,"cnpj":"00141852000107","saleId":"3418813A","executiveName":"Pasquale Neto"}}
{"timestamp":"2026-03-16T14:30:35.322Z","importId":3,"level":"WARN","message":"Linha 12769: Pontuação é 0 ou null","category":"PONTUACAO","context":{"rowNumber":12769,"points":0,"cnpj":"00141852000107","saleId":"3418812A","executiveName":"Pasquale Neto"}}
{"timestamp":"2026-03-16T14:30:35.333Z","importId":3,"level":"WARN","message":"Linha 12776: Pontuação é 0 ou null","category":"PONTUACAO","context":{"rowNumber":12776,"points":0,"cnpj":"00141852000107","saleId":"3418814A","executiveName":"Pasquale Neto"}}
{"timestamp":"2026-03-16T14:30:35.335Z","importId":3,"level":"WARN","message":"Linha 12777: Pontuação é 0 ou null","category":"PONTUACAO","context":{"rowNumber":12777,"points":0,"cnpj":"04424544000131","saleId":"3418828A","executiveName":"Carlos Brito"}}
{"timestamp":"2026-03-16T14:30:35.337Z","importId":3,"level":"WARN","message":"Linha 12778: Pontuação é 0 ou null","category":"PONTUACAO","context":{"rowNumber":12778,"points":0,"cnpj":"02116253000150","saleId":"3417947A","executiveName":"Elza Lara"}}
{"timestamp":"2026-03-16T14:30:35.343Z","importId":3,"level":"WARN","message":"Linha 12782: Pontuação é 0 ou null","category":"PONTUACAO","context":{"rowNumber":12782,"points":0,"cnpj":"20606282000182","saleId":"3417909A","executiveName":"Armando Soares"}}
{"timestamp":"2026-03-16T14:30:35.345Z","importId":3,"level":"WARN","message":"Linha 12783: Pontuação é 0 ou null","category":"PONTUACAO","context":{"rowNumber":12783,"points":0,"cnpj":"03173094000199","saleId":"3417908A","executiveName":"Gabriela Carvalho"}}
{"timestamp":"2026-03-16T14:30:35.350Z","importId":3,"level":"WARN","message":"Linha 12785: Pontuação é 0 ou null","category":"PONTUACAO","context":{"rowNumber":12785,"points":0,"cnpj":"10808506000185","saleId":"3417906A","executiveName":"Elza Lara"}}
{"timestamp":"2026-03-16T14:30:35.352Z","importId":3,"level":"WARN","message":"Linha 12786: Pontuação é 0 ou null","category":"PONTUACAO","context":{"rowNumber":12786,"points":0,"cnpj":"10808506000185","saleId":"3417905A","executiveName":"Elza Lara"}}
{"timestamp":"2026-03-16T14:30:35.361Z","importId":3,"level":"WARN","message":"Linha 12792: Pontuação é 0 ou null","category":"PONTUACAO","context":{"rowNumber":12792,"points":0,"cnpj":"00141852000107","saleId":"3417887A","executiveName":"Pasquale Neto"}}
{"timestamp":"2026-03-16T14:30:35.362Z","importId":3,"level":"WARN","message":"Linha 12793: Pontuação é 0 ou null","category":"PONTUACAO","context":{"rowNumber":12793,"points":0,"cnpj":"00141852000107","saleId":"3417886A","executiveName":"Pasquale Neto"}}
{"timestamp":"2026-03-16T14:30:35.373Z","importId":3,"level":"WARN","message":"Linha 12800: Pontuação é 0 ou null","category":"PONTUACAO","context":{"rowNumber":12800,"points":0,"cnpj":"26203213000104","saleId":"3417913A","executiveName":"Roberto Garbin"}}
{"timestamp":"2026-03-16T14:30:35.378Z","importId":3,"level":"WARN","message":"Linha 12804: Pontuação é 0 ou null","category":"PONTUACAO","context":{"rowNumber":12804,"points":0,"cnpj":"23342602000122","saleId":"3417931A","executiveName":"Cassia Shimabukuro"}}
{"timestamp":"2026-03-16T14:30:35.381Z","importId":3,"level":"WARN","message":"Linha 12805: Pontuação é 0 ou null","category":"PONTUACAO","context":{"rowNumber":12805,"points":0,"cnpj":"23342602000122","saleId":"3417930A","executiveName":"Cassia Shimabukuro"}}
{"timestamp":"2026-03-16T14:30:35.384Z","importId":3,"level":"WARN","message":"Linha 12806: Pontuação é 0 ou null","category":"PONTUACAO","context":{"rowNumber":12806,"points":0,"cnpj":"23342602000122","saleId":"3417929A","executiveName":"Cassia Shimabukuro"}}
{"timestamp":"2026-03-16T14:30:35.386Z","importId":3,"level":"WARN","message":"Linha 12807: Pontuação é 0 ou null","category":"PONTUACAO","context":{"rowNumber":12807,"points":0,"cnpj":"08808140000100","saleId":"3417928A","executiveName":"Leonardo Ligabo"}}
{"timestamp":"2026-03-16T14:30:35.391Z","importId":3,"level":"WARN","message":"Linha 12810: Pontuação é 0 ou null","category":"PONTUACAO","context":{"rowNumber":12810,"points":0,"cnpj":"26203213000104","saleId":"3417914A","executiveName":"Roberto Garbin"}}
{"timestamp":"2026-03-16T14:30:35.393Z","importId":3,"level":"WARN","message":"Linha 12812: Pontuação é 0 ou null","category":"PONTUACAO","context":{"rowNumber":12812,"points":0,"cnpj":"24869123000121","saleId":"3417923A","executiveName":"Elza Lara"}}
{"timestamp":"2026-03-16T14:30:35.397Z","importId":3,"level":"WARN","message":"Linha 12814: Pontuação é 0 ou null","category":"PONTUACAO","context":{"rowNumber":12814,"points":0,"cnpj":"44247693000197","saleId":"3417921A","executiveName":"Cristiano Dafre"}}
{"timestamp":"2026-03-16T14:30:35.401Z","importId":3,"level":"WARN","message":"Linha 12816: Pontuação é 0 ou null","category":"PONTUACAO","context":{"rowNumber":12816,"points":0,"cnpj":"57297491000100","saleId":"3417919A","executiveName":"Carlos Barbassa"}}
{"timestamp":"2026-03-16T14:30:35.407Z","importId":3,"level":"WARN","message":"Linha 12820: Pontuação é 0 ou null","category":"PONTUACAO","context":{"rowNumber":12820,"points":0,"cnpj":"24869123000121","saleId":"3417924A","executiveName":"Elza Lara"}}
{"timestamp":"2026-03-16T14:30:35.409Z","importId":3,"level":"WARN","message":"Linha 12821: Pontuação é 0 ou null","category":"PONTUACAO","context":{"rowNumber":12821,"points":0,"cnpj":"04424544000131","saleId":"3418829A","executiveName":"Carlos Brito"}}
{"timestamp":"2026-03-16T14:30:35.411Z","importId":3,"level":"WARN","message":"Linha 12822: Pontuação é 0 ou null","category":"PONTUACAO","context":{"rowNumber":12822,"points":0,"cnpj":"67226779000139","saleId":"3418833A","executiveName":"Marlon Wander"}}
{"timestamp":"2026-03-16T14:30:35.413Z","importId":3,"level":"WARN","message":"Linha 12823: Pontuação é 0 ou null","category":"PONTUACAO","context":{"rowNumber":12823,"points":0,"cnpj":"57297491000100","saleId":"3418851A","executiveName":"Carlos Barbassa"}}
{"timestamp":"2026-03-16T14:30:35.416Z","importId":3,"level":"WARN","message":"Linha 12824: Pontuação é 0 ou null","category":"PONTUACAO","context":{"rowNumber":12824,"points":0,"cnpj":"03326099000104","saleId":"3423252A","executiveName":"Marlon Wander"}}
{"timestamp":"2026-03-16T14:30:35.418Z","importId":3,"level":"WARN","message":"Linha 12825: Pontuação é 0 ou null","category":"PONTUACAO","context":{"rowNumber":12825,"points":0,"cnpj":"03326099000104","saleId":"3423251A","executiveName":"Marlon Wander"}}
{"timestamp":"2026-03-16T14:30:35.419Z","importId":3,"level":"WARN","message":"Linha 12826: Pontuação é 0 ou null","category":"PONTUACAO","context":{"rowNumber":12826,"points":0,"cnpj":"39861693000142","saleId":"3421776A","executiveName":"Karla Reis"}}
{"timestamp":"2026-03-16T14:30:35.421Z","importId":3,"level":"WARN","message":"Linha 12827: Pontuação é 0 ou null","category":"PONTUACAO","context":{"rowNumber":12827,"points":0,"cnpj":"10876798000193","saleId":"3421775A","executiveName":"Gabriela Carvalho"}}
{"timestamp":"2026-03-16T14:30:35.426Z","importId":3,"level":"WARN","message":"Linha 12828: Pontuação é 0 ou null","category":"PONTUACAO","context":{"rowNumber":12828,"points":0,"cnpj":"10876798000193","saleId":"3421774A","executiveName":"Gabriela Carvalho"}}
{"timestamp":"2026-03-16T14:30:35.427Z","importId":3,"level":"WARN","message":"Linha 12829: Pontuação é 0 ou null","category":"PONTUACAO","context":{"rowNumber":12829,"points":0,"cnpj":"10876798000193","saleId":"3421773A","executiveName":"Gabriela Carvalho"}}
{"timestamp":"2026-03-16T14:30:35.429Z","importId":3,"level":"WARN","message":"Linha 12830: Pontuação é 0 ou null","category":"PONTUACAO","context":{"rowNumber":12830,"points":0,"cnpj":"49832366000116","saleId":"3421772A","executiveName":"Claudia Dias"}}
{"timestamp":"2026-03-16T14:30:35.432Z","importId":3,"level":"WARN","message":"Linha 12831: Pontuação é 0 ou null","category":"PONTUACAO","context":{"rowNumber":12831,"points":0,"cnpj":"44580085000108","saleId":"3421764A","executiveName":"Cristiano Dafre"}}
{"timestamp":"2026-03-16T14:30:35.433Z","importId":3,"level":"WARN","message":"Linha 12832: Pontuação é 0 ou null","category":"PONTUACAO","context":{"rowNumber":12832,"points":0,"cnpj":"07709889000120","saleId":"3423362A","executiveName":"Carlos Brito"}}
{"timestamp":"2026-03-16T14:30:35.436Z","importId":3,"level":"WARN","message":"Linha 12833: Pontuação é 0 ou null","category":"PONTUACAO","context":{"rowNumber":12833,"points":0,"cnpj":"27893083000141","saleId":"3421759A","executiveName":"Andrea Cordovil"}}
{"timestamp":"2026-03-16T14:30:35.437Z","importId":3,"level":"WARN","message":"Linha 12834: Pontuação é 0 ou null","category":"PONTUACAO","context":{"rowNumber":12834,"points":0,"cnpj":"27893083000141","saleId":"3421757A","executiveName":"Andrea Cordovil"}}
{"timestamp":"2026-03-16T14:30:35.441Z","importId":3,"level":"WARN","message":"Linha 12835: Pontuação é 0 ou null","category":"PONTUACAO","context":{"rowNumber":12835,"points":0,"cnpj":"27893083000141","saleId":"3421756A","executiveName":"Andrea Cordovil"}}
{"timestamp":"2026-03-16T14:30:35.443Z","importId":3,"level":"WARN","message":"Linha 12836: Pontuação é 0 ou null","category":"PONTUACAO","context":{"rowNumber":12836,"points":0,"cnpj":"31831834000172","saleId":"3421755A","executiveName":"Elza Lara"}}
{"timestamp":"2026-03-16T14:30:35.445Z","importId":3,"level":"WARN","message":"Linha 12837: Pontuação é 0 ou null","category":"PONTUACAO","context":{"rowNumber":12837,"points":0,"cnpj":"31831834000172","saleId":"3421754A","executiveName":"Elza Lara"}}
{"timestamp":"2026-03-16T14:30:35.446Z","importId":3,"level":"WARN","message":"Linha 12838: Pontuação é 0 ou null","category":"PONTUACAO","context":{"rowNumber":12838,"points":0,"cnpj":"31831834000172","saleId":"3421753A","executiveName":"Elza Lara"}}
{"timestamp":"2026-03-16T14:30:35.448Z","importId":3,"level":"WARN","message":"Linha 12839: Pontuação é 0 ou null","category":"PONTUACAO","context":{"rowNumber":12839,"points":0,"cnpj":"24117034000129","saleId":"3421752A","executiveName":"Miguel Jenotti"}}
{"timestamp":"2026-03-16T14:30:35.450Z","importId":3,"level":"WARN","message":"Linha 12840: Pontuação é 0 ou null","category":"PONTUACAO","context":{"rowNumber":12840,"points":0,"cnpj":"03677175000126","saleId":"3421746A","executiveName":"Rafaela Soares"}}
{"timestamp":"2026-03-16T14:30:35.452Z","importId":3,"level":"WARN","message":"Linha 12841: Pontuação é 0 ou null","category":"PONTUACAO","context":{"rowNumber":12841,"points":0,"cnpj":"03677175000126","saleId":"3421745A","executiveName":"Rafaela Soares"}}
{"timestamp":"2026-03-16T14:30:35.454Z","importId":3,"level":"WARN","message":"Linha 12842: Pontuação é 0 ou null","category":"PONTUACAO","context":{"rowNumber":12842,"points":0,"cnpj":"27893083000141","saleId":"3421758A","executiveName":"Andrea Cordovil"}}
{"timestamp":"2026-03-16T14:30:35.458Z","importId":3,"level":"WARN","message":"Linha 12843: Pontuação é 0 ou null","category":"PONTUACAO","context":{"rowNumber":12843,"points":0,"cnpj":"21432799000165","saleId":"3421740A","executiveName":"Andreza Lubatsch"}}
{"timestamp":"2026-03-16T14:30:35.460Z","importId":3,"level":"WARN","message":"Linha 12844: Pontuação é 0 ou null","category":"PONTUACAO","context":{"rowNumber":12844,"points":0,"cnpj":"07709889000120","saleId":"3423363A","executiveName":"Carlos Brito"}}
{"timestamp":"2026-03-16T14:30:35.463Z","importId":3,"level":"WARN","message":"Linha 12845: Pontuação é 0 ou null","category":"PONTUACAO","context":{"rowNumber":12845,"points":0,"cnpj":"23407471000114","saleId":"3423370A","executiveName":"Elzo Nogueira"}}
{"timestamp":"2026-03-16T14:30:35.465Z","importId":3,"level":"WARN","message":"Linha 12846: Pontuação é 0 ou null","category":"PONTUACAO","context":{"rowNumber":12846,"points":0,"cnpj":"20470627000113","saleId":"3426826A","executiveName":"Andrea Cordovil"}}
{"timestamp":"2026-03-16T14:30:35.467Z","importId":3,"level":"WARN","message":"Linha 12847: Pontuação é 0 ou null","category":"PONTUACAO","context":{"rowNumber":12847,"points":0,"cnpj":"12693411000199","saleId":"3426793A","executiveName":"Luana Fagundes"}}
{"timestamp":"2026-03-16T14:30:35.469Z","importId":3,"level":"WARN","message":"Linha 12848: Pontuação é 0 ou null","category":"PONTUACAO","context":{"rowNumber":12848,"points":0,"cnpj":"20470627000113","saleId":"3426428A","executiveName":"Andrea Cordovil"}}
{"timestamp":"2026-03-16T14:30:35.472Z","importId":3,"level":"WARN","message":"Linha 12849: Pontuação é 0 ou null","category":"PONTUACAO","context":{"rowNumber":12849,"points":0,"cnpj":"20470627000113","saleId":"3426427A","executiveName":"Andrea Cordovil"}}
{"timestamp":"2026-03-16T14:30:35.474Z","importId":3,"level":"WARN","message":"Linha 12850: Pontuação é 0 ou null","category":"PONTUACAO","context":{"rowNumber":12850,"points":0,"cnpj":"20470627000113","saleId":"3426426A","executiveName":"Andrea Cordovil"}}
{"timestamp":"2026-03-16T14:30:35.476Z","importId":3,"level":"WARN","message":"Linha 12852: Pontuação é 0 ou null","category":"PONTUACAO","context":{"rowNumber":12852,"points":0,"cnpj":"50116474000171","saleId":"3423937A","executiveName":"Ricardo Morais"}}
{"timestamp":"2026-03-16T14:30:35.478Z","importId":3,"level":"WARN","message":"Linha 12853: Pontuação é 0 ou null","category":"PONTUACAO","context":{"rowNumber":12853,"points":0,"cnpj":"41604069000101","saleId":"3423935A","executiveName":"Pasquale Neto"}}
{"timestamp":"2026-03-16T14:30:35.481Z","importId":3,"level":"WARN","message":"Linha 12854: Pontuação é 0 ou null","category":"PONTUACAO","context":{"rowNumber":12854,"points":0,"cnpj":"07709889000120","saleId":"3423364A","executiveName":"Carlos Brito"}}
{"timestamp":"2026-03-16T14:30:35.483Z","importId":3,"level":"WARN","message":"Linha 12855: Pontuação é 0 ou null","category":"PONTUACAO","context":{"rowNumber":12855,"points":0,"cnpj":"41604069000101","saleId":"3423930A","executiveName":"Pasquale Neto"}}
{"timestamp":"2026-03-16T14:30:35.490Z","importId":3,"level":"WARN","message":"Linha 12859: Pontuação é 0 ou null","category":"PONTUACAO","context":{"rowNumber":12859,"points":0,"cnpj":"07068285000141","saleId":"3423891A","executiveName":"Ricardo Bueno"}}
{"timestamp":"2026-03-16T14:30:35.492Z","importId":3,"level":"WARN","message":"Linha 12860: Pontuação é 0 ou null","category":"PONTUACAO","context":{"rowNumber":12860,"points":0,"cnpj":"02577177000180","saleId":"3423859A","executiveName":"Carlos Brito"}}
{"timestamp":"2026-03-16T14:30:35.495Z","importId":3,"level":"WARN","message":"Linha 12861: Pontuação é 0 ou null","category":"PONTUACAO","context":{"rowNumber":12861,"points":0,"cnpj":"02577177000180","saleId":"3423858A","executiveName":"Carlos Brito"}}
{"timestamp":"2026-03-16T14:30:35.497Z","importId":3,"level":"WARN","message":"Linha 12863: Pontuação é 0 ou null","category":"PONTUACAO","context":{"rowNumber":12863,"points":0,"cnpj":"02577177000180","saleId":"3423813A","executiveName":"Carlos Brito"}}
{"timestamp":"2026-03-16T14:30:35.499Z","importId":3,"level":"WARN","message":"Linha 12864: Pontuação é 0 ou null","category":"PONTUACAO","context":{"rowNumber":12864,"points":0,"cnpj":"22894619000120","saleId":"3423929A","executiveName":"Leonardo Ligabo"}}
{"timestamp":"2026-03-16T14:30:35.503Z","importId":3,"level":"WARN","message":"Linha 12865: Pontuação é 0 ou null","category":"PONTUACAO","context":{"rowNumber":12865,"points":0,"cnpj":"16384336000135","saleId":"3421739A","executiveName":"Cristiano Dafre"}}
{"timestamp":"2026-03-16T14:30:35.504Z","importId":3,"level":"WARN","message":"Linha 12866: Pontuação é 0 ou null","category":"PONTUACAO","context":{"rowNumber":12866,"points":0,"cnpj":"16384336000135","saleId":"3421738A","executiveName":"Cristiano Dafre"}}
{"timestamp":"2026-03-16T14:30:35.506Z","importId":3,"level":"WARN","message":"Linha 12867: Pontuação é 0 ou null","category":"PONTUACAO","context":{"rowNumber":12867,"points":0,"cnpj":"16384336000135","saleId":"3421737A","executiveName":"Cristiano Dafre"}}
{"timestamp":"2026-03-16T14:30:35.508Z","importId":3,"level":"WARN","message":"Linha 12868: Pontuação é 0 ou null","category":"PONTUACAO","context":{"rowNumber":12868,"points":0,"cnpj":"05979491000188","saleId":"3418896A","executiveName":"Cristiano Dafre"}}
{"timestamp":"2026-03-16T14:30:35.512Z","importId":3,"level":"WARN","message":"Linha 12869: Pontuação é 0 ou null","category":"PONTUACAO","context":{"rowNumber":12869,"points":0,"cnpj":"05979491000188","saleId":"3418895A","executiveName":"Cristiano Dafre"}}
{"timestamp":"2026-03-16T14:30:35.513Z","importId":3,"level":"WARN","message":"Linha 12870: Pontuação é 0 ou null","category":"PONTUACAO","context":{"rowNumber":12870,"points":0,"cnpj":"05979491000188","saleId":"3418894A","executiveName":"Cristiano Dafre"}}
{"timestamp":"2026-03-16T14:30:35.515Z","importId":3,"level":"WARN","message":"Linha 12871: Pontuação é 0 ou null","category":"PONTUACAO","context":{"rowNumber":12871,"points":0,"cnpj":"05979491000188","saleId":"3418893A","executiveName":"Cristiano Dafre"}}
{"timestamp":"2026-03-16T14:30:35.517Z","importId":3,"level":"WARN","message":"Linha 12872: Pontuação é 0 ou null","category":"PONTUACAO","context":{"rowNumber":12872,"points":0,"cnpj":"05979491000188","saleId":"3418892A","executiveName":"Cristiano Dafre"}}
{"timestamp":"2026-03-16T14:30:35.522Z","importId":3,"level":"WARN","message":"Linha 12873: Pontuação é 0 ou null","category":"PONTUACAO","context":{"rowNumber":12873,"points":0,"cnpj":"05979491000188","saleId":"3418891A","executiveName":"Cristiano Dafre"}}
{"timestamp":"2026-03-16T14:30:35.524Z","importId":3,"level":"WARN","message":"Linha 12874: Pontuação é 0 ou null","category":"PONTUACAO","context":{"rowNumber":12874,"points":0,"cnpj":"43231644000101","saleId":"3418871A","executiveName":"Pasquale Neto"}}
{"timestamp":"2026-03-16T14:30:35.528Z","importId":3,"level":"WARN","message":"Linha 12875: Pontuação é 0 ou null","category":"PONTUACAO","context":{"rowNumber":12875,"points":0,"cnpj":"43231644000101","saleId":"3418870A","executiveName":"Pasquale Neto"}}
{"timestamp":"2026-03-16T14:30:35.529Z","importId":3,"level":"WARN","message":"Linha 12876: Pontuação é 0 ou null","category":"PONTUACAO","context":{"rowNumber":12876,"points":0,"cnpj":"05979491000188","saleId":"3418897A","executiveName":"Cristiano Dafre"}}
{"timestamp":"2026-03-16T14:30:35.532Z","importId":3,"level":"WARN","message":"Linha 12877: Pontuação é 0 ou null","category":"PONTUACAO","context":{"rowNumber":12877,"points":0,"cnpj":"43231644000101","saleId":"3418869A","executiveName":"Pasquale Neto"}}
{"timestamp":"2026-03-16T14:30:35.536Z","importId":3,"level":"WARN","message":"Linha 12878: Pontuação é 0 ou null","category":"PONTUACAO","context":{"rowNumber":12878,"points":0,"cnpj":"43231644000101","saleId":"3418867A","executiveName":"Pasquale Neto"}}
{"timestamp":"2026-03-16T14:30:35.538Z","importId":3,"level":"WARN","message":"Linha 12879: Pontuação é 0 ou null","category":"PONTUACAO","context":{"rowNumber":12879,"points":0,"cnpj":"43231644000101","saleId":"3418866A","executiveName":"Pasquale Neto"}}
{"timestamp":"2026-03-16T14:30:35.541Z","importId":3,"level":"WARN","message":"Linha 12880: Pontuação é 0 ou null","category":"PONTUACAO","context":{"rowNumber":12880,"points":0,"cnpj":"43231644000101","saleId":"3418865A","executiveName":"Pasquale Neto"}}
{"timestamp":"2026-03-16T14:30:35.543Z","importId":3,"level":"WARN","message":"Linha 12881: Pontuação é 0 ou null","category":"PONTUACAO","context":{"rowNumber":12881,"points":0,"cnpj":"43231644000101","saleId":"3418864A","executiveName":"Pasquale Neto"}}
{"timestamp":"2026-03-16T14:30:35.545Z","importId":3,"level":"WARN","message":"Linha 12882: Pontuação é 0 ou null","category":"PONTUACAO","context":{"rowNumber":12882,"points":0,"cnpj":"43231644000101","saleId":"3418863A","executiveName":"Pasquale Neto"}}
{"timestamp":"2026-03-16T14:30:35.549Z","importId":3,"level":"WARN","message":"Linha 12883: Pontuação é 0 ou null","category":"PONTUACAO","context":{"rowNumber":12883,"points":0,"cnpj":"43231644000101","saleId":"3418862A","executiveName":"Pasquale Neto"}}
{"timestamp":"2026-03-16T14:30:35.553Z","importId":3,"level":"WARN","message":"Linha 12884: Pontuação é 0 ou null","category":"PONTUACAO","context":{"rowNumber":12884,"points":0,"cnpj":"19312117000139","saleId":"3418859A","executiveName":"Clarissa Cavalheiro"}}
{"timestamp":"2026-03-16T14:30:35.557Z","importId":3,"level":"WARN","message":"Linha 12885: Pontuação é 0 ou null","category":"PONTUACAO","context":{"rowNumber":12885,"points":0,"cnpj":"57297491000100","saleId":"3418852A","executiveName":"Carlos Barbassa"}}
{"timestamp":"2026-03-16T14:30:35.559Z","importId":3,"level":"WARN","message":"Linha 12886: Pontuação é 0 ou null","category":"PONTUACAO","context":{"rowNumber":12886,"points":0,"cnpj":"43231644000101","saleId":"3418868A","executiveName":"Pasquale Neto"}}
{"timestamp":"2026-03-16T14:30:35.561Z","importId":3,"level":"WARN","message":"Linha 12887: Pontuação é 0 ou null","category":"PONTUACAO","context":{"rowNumber":12887,"points":0,"cnpj":"05979491000188","saleId":"3418898A","executiveName":"Cristiano Dafre"}}
{"timestamp":"2026-03-16T14:30:35.563Z","importId":3,"level":"WARN","message":"Linha 12888: Pontuação é 0 ou null","category":"PONTUACAO","context":{"rowNumber":12888,"points":0,"cnpj":"05979491000188","saleId":"3418899A","executiveName":"Cristiano Dafre"}}
{"timestamp":"2026-03-16T14:30:35.565Z","importId":3,"level":"WARN","message":"Linha 12889: Pontuação é 0 ou null","category":"PONTUACAO","context":{"rowNumber":12889,"points":0,"cnpj":"05979491000188","saleId":"3418900A","executiveName":"Cristiano Dafre"}}
{"timestamp":"2026-03-16T14:30:35.567Z","importId":3,"level":"WARN","message":"Linha 12890: Pontuação é 0 ou null","category":"PONTUACAO","context":{"rowNumber":12890,"points":0,"cnpj":"16384336000135","saleId":"3421736A","executiveName":"Cristiano Dafre"}}
{"timestamp":"2026-03-16T14:30:35.569Z","importId":3,"level":"WARN","message":"Linha 12891: Pontuação é 0 ou null","category":"PONTUACAO","context":{"rowNumber":12891,"points":0,"cnpj":"03637500000127","saleId":"3421734A","executiveName":"Carlos Brito"}}
{"timestamp":"2026-03-16T14:30:35.571Z","importId":3,"level":"WARN","message":"Linha 12892: Pontuação é 0 ou null","category":"PONTUACAO","context":{"rowNumber":12892,"points":0,"cnpj":"04643629000100","saleId":"3421733A","executiveName":"Pasquale Neto"}}
{"timestamp":"2026-03-16T14:30:35.574Z","importId":3,"level":"WARN","message":"Linha 12893: Pontuação é 0 ou null","category":"PONTUACAO","context":{"rowNumber":12893,"points":0,"cnpj":"04643629000100","saleId":"3421732A","executiveName":"Pasquale Neto"}}
{"timestamp":"2026-03-16T14:30:35.576Z","importId":3,"level":"WARN","message":"Linha 12894: Pontuação é 0 ou null","category":"PONTUACAO","context":{"rowNumber":12894,"points":0,"cnpj":"07709889000120","saleId":"3421726A","executiveName":"Carlos Brito"}}
{"timestamp":"2026-03-16T14:30:35.581Z","importId":3,"level":"WARN","message":"Linha 12895: Pontuação é 0 ou null","category":"PONTUACAO","context":{"rowNumber":12895,"points":0,"cnpj":"07709889000120","saleId":"3421725A","executiveName":"Carlos Brito"}}
{"timestamp":"2026-03-16T14:30:35.583Z","importId":3,"level":"WARN","message":"Linha 12896: Pontuação é 0 ou null","category":"PONTUACAO","context":{"rowNumber":12896,"points":0,"cnpj":"83028811715","saleId":"3420843A","executiveName":"Elza Lara"}}
{"timestamp":"2026-03-16T14:30:35.586Z","importId":3,"level":"WARN","message":"Linha 12898: Pontuação é 0 ou null","category":"PONTUACAO","context":{"rowNumber":12898,"points":0,"cnpj":"23446445000103","saleId":"3419484A","executiveName":"Miguel Jenotti"}}
{"timestamp":"2026-03-16T14:30:35.588Z","importId":3,"level":"WARN","message":"Linha 12899: Pontuação é 0 ou null","category":"PONTUACAO","context":{"rowNumber":12899,"points":0,"cnpj":"36417780000117","saleId":"3419419A","executiveName":"Kelly Furno"}}
{"timestamp":"2026-03-16T14:30:35.590Z","importId":3,"level":"WARN","message":"Linha 12900: Pontuação é 0 ou null","category":"PONTUACAO","context":{"rowNumber":12900,"points":0,"cnpj":"36417780000117","saleId":"3419381A","executiveName":"Kelly Furno"}}
{"timestamp":"2026-03-16T14:30:35.593Z","importId":3,"level":"WARN","message":"Linha 12901: Pontuação é 0 ou null","category":"PONTUACAO","context":{"rowNumber":12901,"points":0,"cnpj":"07709889000120","saleId":"3419361A","executiveName":"Carlos Brito"}}
{"timestamp":"2026-03-16T14:30:35.595Z","importId":3,"level":"WARN","message":"Linha 12902: Pontuação é 0 ou null","category":"PONTUACAO","context":{"rowNumber":12902,"points":0,"cnpj":"07709889000120","saleId":"3419360A","executiveName":"Carlos Brito"}}
{"timestamp":"2026-03-16T14:30:35.604Z","importId":3,"level":"WARN","message":"Linha 12907: Pontuação é 0 ou null","category":"PONTUACAO","context":{"rowNumber":12907,"points":0,"cnpj":"05979491000188","saleId":"3418902A","executiveName":"Cristiano Dafre"}}
{"timestamp":"2026-03-16T14:30:35.605Z","importId":3,"level":"WARN","message":"Linha 12908: Pontuação é 0 ou null","category":"PONTUACAO","context":{"rowNumber":12908,"points":0,"cnpj":"05979491000188","saleId":"3418901A","executiveName":"Cristiano Dafre"}}
{"timestamp":"2026-03-16T14:30:35.846Z","importId":3,"level":"WARN","message":"Linha 13092: Pontuação é 0 ou null","category":"PONTUACAO","context":{"rowNumber":13092,"points":0,"cnpj":"47205712000100","saleId":"3416082A","executiveName":"Elzo Nogueira"}}
{"timestamp":"2026-03-16T14:30:35.849Z","importId":3,"level":"WARN","message":"Linha 13093: Pontuação é 0 ou null","category":"PONTUACAO","context":{"rowNumber":13093,"points":0,"cnpj":"47205712000100","saleId":"3416081A","executiveName":"Elzo Nogueira"}}
{"timestamp":"2026-03-16T14:30:35.853Z","importId":3,"level":"WARN","message":"Linha 13095: Pontuação é 0 ou null","category":"PONTUACAO","context":{"rowNumber":13095,"points":0,"cnpj":"45291912000106","saleId":"3416079A","executiveName":"Carlos Brito"}}
{"timestamp":"2026-03-16T14:30:35.856Z","importId":3,"level":"WARN","message":"Linha 13097: Pontuação é 0 ou null","category":"PONTUACAO","context":{"rowNumber":13097,"points":0,"cnpj":"26223116000183","saleId":"3416077A","executiveName":"Miguel Jenotti"}}
{"timestamp":"2026-03-16T14:30:35.858Z","importId":3,"level":"WARN","message":"Linha 13098: Pontuação é 0 ou null","category":"PONTUACAO","context":{"rowNumber":13098,"points":0,"cnpj":"26223116000183","saleId":"3416076A","executiveName":"Miguel Jenotti"}}
{"timestamp":"2026-03-16T14:30:35.860Z","importId":3,"level":"WARN","message":"Linha 13099: Pontuação é 0 ou null","category":"PONTUACAO","context":{"rowNumber":13099,"points":0,"cnpj":"10880027000170","saleId":"3416085A","executiveName":"Ricardo Morais"}}
{"timestamp":"2026-03-16T14:30:35.863Z","importId":3,"level":"WARN","message":"Linha 13101: Pontuação é 0 ou null","category":"PONTUACAO","context":{"rowNumber":13101,"points":0,"cnpj":"65120404000164","saleId":"3416073A","executiveName":"Carlos Barbassa"}}
{"timestamp":"2026-03-16T14:30:35.865Z","importId":3,"level":"WARN","message":"Linha 13102: Pontuação é 0 ou null","category":"PONTUACAO","context":{"rowNumber":13102,"points":0,"cnpj":"65120404000164","saleId":"3416072A","executiveName":"Carlos Barbassa"}}
{"timestamp":"2026-03-16T14:30:35.898Z","importId":3,"level":"WARN","message":"Linha 13131: Pontuação é 0 ou null","category":"PONTUACAO","context":{"rowNumber":13131,"points":0,"cnpj":"24869123000121","saleId":"3416103A","executiveName":"Elza Lara"}}
{"timestamp":"2026-03-16T14:30:36.020Z","importId":3,"level":"WARN","message":"Linha 13232: Pontuação é 0 ou null","category":"PONTUACAO","context":{"rowNumber":13232,"points":0,"cnpj":"21860827000145","saleId":"3416186A","executiveName":"Ricardo Morais"}}
{"timestamp":"2026-03-16T14:30:36.181Z","importId":3,"level":"WARN","message":"Linha 13358: Pontuação é 0 ou null","category":"PONTUACAO","context":{"rowNumber":13358,"points":0,"cnpj":"62077888000118","saleId":"3415829A","executiveName":"Gabriela Carvalho"}}
{"timestamp":"2026-03-16T14:30:36.185Z","importId":3,"level":"WARN","message":"Linha 13359: Pontuação é 0 ou null","category":"PONTUACAO","context":{"rowNumber":13359,"points":0,"cnpj":"62077888000118","saleId":"3415828A","executiveName":"Gabriela Carvalho"}}
{"timestamp":"2026-03-16T14:30:36.187Z","importId":3,"level":"WARN","message":"Linha 13360: Pontuação é 0 ou null","category":"PONTUACAO","context":{"rowNumber":13360,"points":0,"cnpj":"62077888000118","saleId":"3415827A","executiveName":"Gabriela Carvalho"}}
{"timestamp":"2026-03-16T14:30:36.189Z","importId":3,"level":"WARN","message":"Linha 13362: Pontuação é 0 ou null","category":"PONTUACAO","context":{"rowNumber":13362,"points":0,"cnpj":"03326099000104","saleId":"3415821A","executiveName":"Marlon Wander"}}
{"timestamp":"2026-03-16T14:30:36.192Z","importId":3,"level":"WARN","message":"Linha 13363: Pontuação é 0 ou null","category":"PONTUACAO","context":{"rowNumber":13363,"points":0,"cnpj":"79379491000183","saleId":"3415816A","executiveName":"Marlon Wander"}}
{"timestamp":"2026-03-16T14:30:36.194Z","importId":3,"level":"WARN","message":"Linha 13364: Pontuação é 0 ou null","category":"PONTUACAO","context":{"rowNumber":13364,"points":0,"cnpj":"57608093000159","saleId":"3415814A","executiveName":"Cristiano Dafre"}}
{"timestamp":"2026-03-16T14:30:36.199Z","importId":3,"level":"WARN","message":"Linha 13365: Pontuação é 0 ou null","category":"PONTUACAO","context":{"rowNumber":13365,"points":0,"cnpj":"57608093000159","saleId":"3415813A","executiveName":"Cristiano Dafre"}}
{"timestamp":"2026-03-16T14:30:36.201Z","importId":3,"level":"WARN","message":"Linha 13366: Pontuação é 0 ou null","category":"PONTUACAO","context":{"rowNumber":13366,"points":0,"cnpj":"62077888000118","saleId":"3415830A","executiveName":"Gabriela Carvalho"}}
{"timestamp":"2026-03-16T14:30:36.231Z","importId":3,"level":"WARN","message":"Linha 13388: Pontuação é 0 ou null","category":"PONTUACAO","context":{"rowNumber":13388,"points":0,"cnpj":"11619894000119","saleId":"3415846A","executiveName":"Armando Soares"}}
{"timestamp":"2026-03-16T14:30:36.244Z","importId":3,"level":"WARN","message":"Linha 13396: Pontuação é 0 ou null","category":"PONTUACAO","context":{"rowNumber":13396,"points":0,"cnpj":"55897421000159","saleId":"3415870A","executiveName":"Carlos Barbassa"}}
{"timestamp":"2026-03-16T14:30:36.267Z","importId":3,"level":"WARN","message":"Linha 13414: Pontuação é 0 ou null","category":"PONTUACAO","context":{"rowNumber":13414,"points":0,"cnpj":"24117034000129","saleId":"3415684A","executiveName":"Miguel Jenotti"}}
{"timestamp":"2026-03-16T14:30:36.315Z","importId":3,"level":"WARN","message":"Linha 13448: Pontuação é 0 ou null","category":"PONTUACAO","context":{"rowNumber":13448,"points":0,"cnpj":"15505790000487","saleId":"3416737A","executiveName":"Carlos Brito"}}
{"timestamp":"2026-03-16T14:30:36.318Z","importId":3,"level":"WARN","message":"Linha 13449: Pontuação é 0 ou null","category":"PONTUACAO","context":{"rowNumber":13449,"points":0,"cnpj":"15505790000487","saleId":"3416736A","executiveName":"Carlos Brito"}}
{"timestamp":"2026-03-16T14:30:36.326Z","importId":3,"level":"WARN","message":"Linha 13455: Pontuação é 0 ou null","category":"PONTUACAO","context":{"rowNumber":13455,"points":0,"cnpj":"15505790000487","saleId":"3416739A","executiveName":"Carlos Brito"}}
{"timestamp":"2026-03-16T14:30:36.342Z","importId":3,"level":"WARN","message":"Linha 13467: Pontuação é 0 ou null","category":"PONTUACAO","context":{"rowNumber":13467,"points":0,"cnpj":"15505790000487","saleId":"3416740A","executiveName":"Carlos Brito"}}
{"timestamp":"2026-03-16T14:30:36.344Z","importId":3,"level":"WARN","message":"Linha 13468: Pontuação é 0 ou null","category":"PONTUACAO","context":{"rowNumber":13468,"points":0,"cnpj":"15505790000487","saleId":"3416742A","executiveName":"Carlos Brito"}}
{"timestamp":"2026-03-16T14:30:36.356Z","importId":3,"level":"WARN","message":"Linha 13476: Pontuação é 0 ou null","category":"PONTUACAO","context":{"rowNumber":13476,"points":0,"cnpj":"17519446000120","saleId":"3416794A","executiveName":"Ricardo Morais"}}
{"timestamp":"2026-03-16T14:30:36.365Z","importId":3,"level":"WARN","message":"Linha 13483: Pontuação é 0 ou null","category":"PONTUACAO","context":{"rowNumber":13483,"points":0,"cnpj":"15505790000487","saleId":"3416746A","executiveName":"Carlos Brito"}}
{"timestamp":"2026-03-16T14:30:36.368Z","importId":3,"level":"WARN","message":"Linha 13484: Pontuação é 0 ou null","category":"PONTUACAO","context":{"rowNumber":13484,"points":0,"cnpj":"15505790000487","saleId":"3416745A","executiveName":"Carlos Brito"}}
{"timestamp":"2026-03-16T14:30:36.374Z","importId":3,"level":"WARN","message":"Linha 13486: Pontuação é 0 ou null","category":"PONTUACAO","context":{"rowNumber":13486,"points":0,"cnpj":"15505790000487","saleId":"3416743A","executiveName":"Carlos Brito"}}
{"timestamp":"2026-03-16T14:30:36.505Z","importId":3,"level":"WARN","message":"Linha 13580: Pontuação é 0 ou null","category":"PONTUACAO","context":{"rowNumber":13580,"points":0,"cnpj":"31300477000116","saleId":"3416871A","executiveName":"Kelly Furno"}}
{"timestamp":"2026-03-16T14:30:36.507Z","importId":3,"level":"WARN","message":"Linha 13581: Pontuação é 0 ou null","category":"PONTUACAO","context":{"rowNumber":13581,"points":0,"cnpj":"03223205000124","saleId":"3416870A","executiveName":"Ricardo Bueno"}}
{"timestamp":"2026-03-16T14:30:36.509Z","importId":3,"level":"WARN","message":"Linha 13582: Pontuação é 0 ou null","category":"PONTUACAO","context":{"rowNumber":13582,"points":0,"cnpj":"03223205000124","saleId":"3416869A","executiveName":"Ricardo Bueno"}}
{"timestamp":"2026-03-16T14:30:36.522Z","importId":3,"level":"WARN","message":"Linha 13588: Pontuação é 0 ou null","category":"PONTUACAO","context":{"rowNumber":13588,"points":0,"cnpj":"31300477000116","saleId":"3416872A","executiveName":"Kelly Furno"}}
{"timestamp":"2026-03-16T14:30:36.539Z","importId":3,"level":"WARN","message":"Linha 13601: Pontuação é 0 ou null","category":"PONTUACAO","context":{"rowNumber":13601,"points":0,"cnpj":"30537376000109","saleId":"3416875A","executiveName":"Pasquale Neto"}}
{"timestamp":"2026-03-16T14:30:36.557Z","importId":3,"level":"WARN","message":"Linha 13614: Pontuação é 0 ou null","category":"PONTUACAO","context":{"rowNumber":13614,"points":0,"cnpj":"09401785000189","saleId":"3416882A","executiveName":"Luana Fagundes"}}
{"timestamp":"2026-03-16T14:30:36.562Z","importId":3,"level":"WARN","message":"Linha 13617: Pontuação é 0 ou null","category":"PONTUACAO","context":{"rowNumber":13617,"points":0,"cnpj":"30537376000109","saleId":"3416879A","executiveName":"Pasquale Neto"}}
{"timestamp":"2026-03-16T14:30:36.564Z","importId":3,"level":"WARN","message":"Linha 13618: Pontuação é 0 ou null","category":"PONTUACAO","context":{"rowNumber":13618,"points":0,"cnpj":"30537376000109","saleId":"3416878A","executiveName":"Pasquale Neto"}}
{"timestamp":"2026-03-16T14:30:36.568Z","importId":3,"level":"WARN","message":"Linha 13620: Pontuação é 0 ou null","category":"PONTUACAO","context":{"rowNumber":13620,"points":0,"cnpj":"30537376000109","saleId":"3416876A","executiveName":"Pasquale Neto"}}
{"timestamp":"2026-03-16T14:30:36.572Z","importId":3,"level":"WARN","message":"Linha 13623: Pontuação é 0 ou null","category":"PONTUACAO","context":{"rowNumber":13623,"points":0,"cnpj":"09401785000189","saleId":"3416883A","executiveName":"Luana Fagundes"}}
{"timestamp":"2026-03-16T14:30:36.605Z","importId":3,"level":"WARN","message":"Linha 13647: Pontuação é 0 ou null","category":"PONTUACAO","context":{"rowNumber":13647,"points":0,"cnpj":"04194078000145","saleId":"3416402A","executiveName":"Carlos Brito"}}
{"timestamp":"2026-03-16T14:30:36.607Z","importId":3,"level":"WARN","message":"Linha 13648: Pontuação é 0 ou null","category":"PONTUACAO","context":{"rowNumber":13648,"points":0,"cnpj":"29028738000149","saleId":"3416400A","executiveName":"Carlos Barbassa"}}
{"timestamp":"2026-03-16T14:30:36.612Z","importId":3,"level":"WARN","message":"Linha 13651: Pontuação é 0 ou null","category":"PONTUACAO","context":{"rowNumber":13651,"points":0,"cnpj":"24821099000150","saleId":"3416397A","executiveName":"Elza Lara"}}
{"timestamp":"2026-03-16T14:30:36.617Z","importId":3,"level":"WARN","message":"Linha 13654: Pontuação é 0 ou null","category":"PONTUACAO","context":{"rowNumber":13654,"points":0,"cnpj":"71035992000130","saleId":"3416394A","executiveName":"Elzo Nogueira"}}
{"timestamp":"2026-03-16T14:30:36.621Z","importId":3,"level":"WARN","message":"Linha 13656: Pontuação é 0 ou null","category":"PONTUACAO","context":{"rowNumber":13656,"points":0,"cnpj":"03677175000126","saleId":"3416393A","executiveName":"Rafaela Soares"}}
{"timestamp":"2026-03-16T14:30:36.624Z","importId":3,"level":"WARN","message":"Linha 13657: Pontuação é 0 ou null","category":"PONTUACAO","context":{"rowNumber":13657,"points":0,"cnpj":"04457219000175","saleId":"3416391A","executiveName":"William Silva"}}
{"timestamp":"2026-03-16T14:30:36.626Z","importId":3,"level":"WARN","message":"Linha 13658: Pontuação é 0 ou null","category":"PONTUACAO","context":{"rowNumber":13658,"points":0,"cnpj":"04457219000175","saleId":"3416390A","executiveName":"William Silva"}}
{"timestamp":"2026-03-16T14:30:36.636Z","importId":3,"level":"WARN","message":"Linha 13665: Pontuação é 0 ou null","category":"PONTUACAO","context":{"rowNumber":13665,"points":0,"cnpj":"04457219000175","saleId":"3416392A","executiveName":"William Silva"}}
{"timestamp":"2026-03-16T14:30:36.692Z","importId":3,"level":"WARN","message":"Linha 13710: Pontuação é 0 ou null","category":"PONTUACAO","context":{"rowNumber":13710,"points":0,"cnpj":"04194078000145","saleId":"3416403A","executiveName":"Carlos Brito"}}
{"timestamp":"2026-03-16T14:30:36.695Z","importId":3,"level":"WARN","message":"Linha 13711: Pontuação é 0 ou null","category":"PONTUACAO","context":{"rowNumber":13711,"points":0,"cnpj":"04194078000145","saleId":"3416404A","executiveName":"Carlos Brito"}}
{"timestamp":"2026-03-16T14:30:36.697Z","importId":3,"level":"WARN","message":"Linha 13713: Pontuação é 0 ou null","category":"PONTUACAO","context":{"rowNumber":13713,"points":0,"cnpj":"04420274000190","saleId":"3416406A","executiveName":"Elza Lara"}}
{"timestamp":"2026-03-16T14:30:36.708Z","importId":3,"level":"WARN","message":"Linha 13719: Pontuação é 0 ou null","category":"PONTUACAO","context":{"rowNumber":13719,"points":0,"cnpj":"15505790000487","saleId":"3416480A","executiveName":"Carlos Brito"}}
{"timestamp":"2026-03-16T14:30:36.710Z","importId":3,"level":"WARN","message":"Linha 13721: Pontuação é 0 ou null","category":"PONTUACAO","context":{"rowNumber":13721,"points":0,"cnpj":"15117936001065","saleId":"3416478A","executiveName":"Ronaldo Coelho"}}
{"timestamp":"2026-03-16T14:30:36.713Z","importId":3,"level":"WARN","message":"Linha 13723: Pontuação é 0 ou null","category":"PONTUACAO","context":{"rowNumber":13723,"points":0,"cnpj":"15117936001065","saleId":"3416477A","executiveName":"Ronaldo Coelho"}}
{"timestamp":"2026-03-16T14:30:36.714Z","importId":3,"level":"WARN","message":"Linha 13724: Pontuação é 0 ou null","category":"PONTUACAO","context":{"rowNumber":13724,"points":0,"cnpj":"15117936001065","saleId":"3416475A","executiveName":"Ronaldo Coelho"}}
{"timestamp":"2026-03-16T14:30:36.726Z","importId":3,"level":"WARN","message":"Linha 13732: Pontuação é 0 ou null","category":"PONTUACAO","context":{"rowNumber":13732,"points":0,"cnpj":"15117936001065","saleId":"3416476A","executiveName":"Ronaldo Coelho"}}
{"timestamp":"2026-03-16T14:30:36.735Z","importId":3,"level":"WARN","message":"Linha 13738: Pontuação é 0 ou null","category":"PONTUACAO","context":{"rowNumber":13738,"points":0,"cnpj":"04194078000145","saleId":"3416405A","executiveName":"Carlos Brito"}}
{"timestamp":"2026-03-16T14:30:36.762Z","importId":3,"level":"WARN","message":"Linha 13759: Pontuação é 0 ou null","category":"PONTUACAO","context":{"rowNumber":13759,"points":0,"cnpj":"58423229000119","saleId":"3416426A","executiveName":"Miguel Jenotti"}}
{"timestamp":"2026-03-16T14:30:36.774Z","importId":3,"level":"WARN","message":"Linha 13766: Pontuação é 0 ou null","category":"PONTUACAO","context":{"rowNumber":13766,"points":0,"cnpj":"21284549000125","saleId":"3416416A","executiveName":"Elza Lara"}}
{"timestamp":"2026-03-16T14:30:36.777Z","importId":3,"level":"WARN","message":"Linha 13767: Pontuação é 0 ou null","category":"PONTUACAO","context":{"rowNumber":13767,"points":0,"cnpj":"24821099000150","saleId":"3416427A","executiveName":"Elza Lara"}}
{"timestamp":"2026-03-16T14:30:36.778Z","importId":3,"level":"WARN","message":"Linha 13768: Pontuação é 0 ou null","category":"PONTUACAO","context":{"rowNumber":13768,"points":0,"cnpj":"21284549000125","saleId":"3416415A","executiveName":"Elza Lara"}}
{"timestamp":"2026-03-16T14:30:36.781Z","importId":3,"level":"WARN","message":"Linha 13769: Pontuação é 0 ou null","category":"PONTUACAO","context":{"rowNumber":13769,"points":0,"cnpj":"21284549000125","saleId":"3416413A","executiveName":"Elza Lara"}}
{"timestamp":"2026-03-16T14:30:36.792Z","importId":3,"level":"WARN","message":"Linha 13777: Pontuação é 0 ou null","category":"PONTUACAO","context":{"rowNumber":13777,"points":0,"cnpj":"21284549000125","saleId":"3416414A","executiveName":"Elza Lara"}}
{"timestamp":"2026-03-16T14:30:36.844Z","importId":3,"level":"WARN","message":"Linha 13817: Pontuação é 0 ou null","category":"PONTUACAO","context":{"rowNumber":13817,"points":0,"cnpj":"25773332850","saleId":"209470M1703115","executiveName":"VALDIR ULMER MOELLER"}}
{"timestamp":"2026-03-16T14:30:36.884Z","importId":3,"level":"WARN","message":"Linha 13847: Pontuação é 0 ou null","category":"PONTUACAO","context":{"rowNumber":13847,"points":0,"cnpj":"25773332850","saleId":"209347M1703108","executiveName":"VALDIR ULMER MOELLER"}}
{"timestamp":"2026-03-16T14:30:36.889Z","importId":3,"level":"WARN","message":"Linha 13850: Pontuação é 0 ou null","category":"PONTUACAO","context":{"rowNumber":13850,"points":0,"cnpj":"25773332850","saleId":"209343M1703105","executiveName":"VALDIR ULMER MOELLER"}}
{"timestamp":"2026-03-16T14:30:36.892Z","importId":3,"level":"WARN","message":"Linha 13853: Pontuação é 0 ou null","category":"PONTUACAO","context":{"rowNumber":13853,"points":0,"cnpj":"25773332850","saleId":"209327M1703114","executiveName":"VALDIR ULMER MOELLER"}}
{"timestamp":"2026-03-16T14:30:36.899Z","importId":3,"level":"WARN","message":"Linha 13856: Pontuação é 0 ou null","category":"PONTUACAO","context":{"rowNumber":13856,"points":0,"cnpj":"25773332850","saleId":"209206M1703113","executiveName":"VALDIR ULMER MOELLER"}}
{"timestamp":"2026-03-16T14:30:36.928Z","importId":3,"level":"WARN","message":"Linha 13874: Pontuação é 0 ou null","category":"PONTUACAO","context":{"rowNumber":13874,"points":0,"cnpj":"25773332850","saleId":"208904M1703102","executiveName":"VALDIR ULMER MOELLER"}}
{"timestamp":"2026-03-16T14:30:36.945Z","importId":3,"level":"WARN","message":"Linha 13880: Pontuação é 0 ou null","category":"PONTUACAO","context":{"rowNumber":13880,"points":0,"cnpj":"25773332850","saleId":"208689M1703101","executiveName":"VALDIR ULMER MOELLER"}}
{"timestamp":"2026-03-16T14:30:37.026Z","importId":3,"level":"WARN","message":"Linha 13943: Pontuação é 0 ou null","category":"PONTUACAO","context":{"rowNumber":13943,"points":0,"cnpj":"25773332850","saleId":"208844M1703098","executiveName":"VALDIR ULMER MOELLER"}}
{"timestamp":"2026-03-16T14:30:37.174Z","importId":3,"level":"WARN","message":"Linha 14063: Pontuação é 0 ou null","category":"PONTUACAO","context":{"rowNumber":14063,"points":0,"cnpj":"41416177000150","saleId":"207052M1703155","executiveName":"Sem Promotor"}}
{"timestamp":"2026-03-16T14:30:38.054Z","importId":3,"level":"WARN","message":"Linha 14758: Pontuação é 0 ou null","category":"PONTUACAO","context":{"rowNumber":14758,"points":0,"cnpj":"28845497000168","saleId":"3420820A","executiveName":"Karla Reis"}}
{"timestamp":"2026-03-16T14:30:38.058Z","importId":3,"level":"WARN","message":"Linha 14760: Pontuação é 0 ou null","category":"PONTUACAO","context":{"rowNumber":14760,"points":0,"cnpj":"79379491000183","saleId":"3420796A","executiveName":"Marlon Wander"}}
{"timestamp":"2026-03-16T14:30:38.078Z","importId":3,"level":"WARN","message":"Linha 14775: Pontuação é 0 ou null","category":"PONTUACAO","context":{"rowNumber":14775,"points":0,"cnpj":"65231480000147","saleId":"3420768A","executiveName":"Elza Lara"}}
{"timestamp":"2026-03-16T14:30:38.083Z","importId":3,"level":"WARN","message":"Linha 14777: Pontuação é 0 ou null","category":"PONTUACAO","context":{"rowNumber":14777,"points":0,"cnpj":"35078592000149","saleId":"3420765A","executiveName":"Karla Reis"}}
{"timestamp":"2026-03-16T14:30:38.085Z","importId":3,"level":"WARN","message":"Linha 14778: Pontuação é 0 ou null","category":"PONTUACAO","context":{"rowNumber":14778,"points":0,"cnpj":"35078592000149","saleId":"3420764A","executiveName":"Karla Reis"}}
{"timestamp":"2026-03-16T14:30:38.091Z","importId":3,"level":"WARN","message":"Linha 14782: Pontuação é 0 ou null","category":"PONTUACAO","context":{"rowNumber":14782,"points":0,"cnpj":"40373092000170","saleId":"3420759A","executiveName":"Karla Reis"}}
{"timestamp":"2026-03-16T14:30:38.093Z","importId":3,"level":"WARN","message":"Linha 14783: Pontuação é 0 ou null","category":"PONTUACAO","context":{"rowNumber":14783,"points":0,"cnpj":"40373092000170","saleId":"3420758A","executiveName":"Karla Reis"}}
{"timestamp":"2026-03-16T14:30:38.095Z","importId":3,"level":"WARN","message":"Linha 14784: Pontuação é 0 ou null","category":"PONTUACAO","context":{"rowNumber":14784,"points":0,"cnpj":"40373092000170","saleId":"3420757A","executiveName":"Karla Reis"}}
{"timestamp":"2026-03-16T14:30:38.101Z","importId":3,"level":"WARN","message":"Linha 14787: Pontuação é 0 ou null","category":"PONTUACAO","context":{"rowNumber":14787,"points":0,"cnpj":"79379491000183","saleId":"3420797A","executiveName":"Marlon Wander"}}
{"timestamp":"2026-03-16T14:30:38.104Z","importId":3,"level":"WARN","message":"Linha 14789: Pontuação é 0 ou null","category":"PONTUACAO","context":{"rowNumber":14789,"points":0,"cnpj":"40304172000173","saleId":"3420798A","executiveName":"Elza Lara"}}
{"timestamp":"2026-03-16T14:30:38.106Z","importId":3,"level":"WARN","message":"Linha 14790: Pontuação é 0 ou null","category":"PONTUACAO","context":{"rowNumber":14790,"points":0,"cnpj":"18483090000184","saleId":"3420801A","executiveName":"Ricardo Morais"}}
{"timestamp":"2026-03-16T14:30:38.112Z","importId":3,"level":"WARN","message":"Linha 14794: Pontuação é 0 ou null","category":"PONTUACAO","context":{"rowNumber":14794,"points":0,"cnpj":"15117936000506","saleId":"3420913A","executiveName":"Ronaldo Coelho"}}
{"timestamp":"2026-03-16T14:30:38.116Z","importId":3,"level":"WARN","message":"Linha 14795: Pontuação é 0 ou null","category":"PONTUACAO","context":{"rowNumber":14795,"points":0,"cnpj":"01931473000175","saleId":"3420877A","executiveName":"Pasquale Neto"}}
{"timestamp":"2026-03-16T14:30:38.117Z","importId":3,"level":"WARN","message":"Linha 14796: Pontuação é 0 ou null","category":"PONTUACAO","context":{"rowNumber":14796,"points":0,"cnpj":"27380065000166","saleId":"3420862A","executiveName":"Ricardo Morais"}}
{"timestamp":"2026-03-16T14:30:38.126Z","importId":3,"level":"WARN","message":"Linha 14800: Pontuação é 0 ou null","category":"PONTUACAO","context":{"rowNumber":14800,"points":0,"cnpj":"10654543000186","saleId":"3420839A","executiveName":"Karla Reis"}}
{"timestamp":"2026-03-16T14:30:38.127Z","importId":3,"level":"WARN","message":"Linha 14801: Pontuação é 0 ou null","category":"PONTUACAO","context":{"rowNumber":14801,"points":0,"cnpj":"68253921000108","saleId":"3420838A","executiveName":"Soraya Romano"}}
{"timestamp":"2026-03-16T14:30:38.135Z","importId":3,"level":"WARN","message":"Linha 14805: Pontuação é 0 ou null","category":"PONTUACAO","context":{"rowNumber":14805,"points":0,"cnpj":"43304326000115","saleId":"3420822A","executiveName":"Ricardo Bueno"}}
{"timestamp":"2026-03-16T14:30:38.139Z","importId":3,"level":"WARN","message":"Linha 14806: Pontuação é 0 ou null","category":"PONTUACAO","context":{"rowNumber":14806,"points":0,"cnpj":"28845497000168","saleId":"3420821A","executiveName":"Karla Reis"}}
{"timestamp":"2026-03-16T14:30:38.141Z","importId":3,"level":"WARN","message":"Linha 14807: Pontuação é 0 ou null","category":"PONTUACAO","context":{"rowNumber":14807,"points":0,"cnpj":"28845497000168","saleId":"3420819A","executiveName":"Karla Reis"}}
{"timestamp":"2026-03-16T14:30:38.143Z","importId":3,"level":"WARN","message":"Linha 14808: Pontuação é 0 ou null","category":"PONTUACAO","context":{"rowNumber":14808,"points":0,"cnpj":"22624188000181","saleId":"3420817A","executiveName":"Ricardo Bueno"}}
{"timestamp":"2026-03-16T14:30:38.145Z","importId":3,"level":"WARN","message":"Linha 14809: Pontuação é 0 ou null","category":"PONTUACAO","context":{"rowNumber":14809,"points":0,"cnpj":"22624188000181","saleId":"3420816A","executiveName":"Ricardo Bueno"}}
{"timestamp":"2026-03-16T14:30:38.146Z","importId":3,"level":"WARN","message":"Linha 14810: Pontuação é 0 ou null","category":"PONTUACAO","context":{"rowNumber":14810,"points":0,"cnpj":"04033961000153","saleId":"3420814A","executiveName":"Elza Lara"}}
{"timestamp":"2026-03-16T14:30:38.149Z","importId":3,"level":"WARN","message":"Linha 14811: Pontuação é 0 ou null","category":"PONTUACAO","context":{"rowNumber":14811,"points":0,"cnpj":"03683159000146","saleId":"3420810A","executiveName":"Rafaela Soares"}}
{"timestamp":"2026-03-16T14:30:38.151Z","importId":3,"level":"WARN","message":"Linha 14812: Pontuação é 0 ou null","category":"PONTUACAO","context":{"rowNumber":14812,"points":0,"cnpj":"15210932000136","saleId":"3420809A","executiveName":"Claudia Dias"}}
{"timestamp":"2026-03-16T14:30:38.154Z","importId":3,"level":"WARN","message":"Linha 14813: Pontuação é 0 ou null","category":"PONTUACAO","context":{"rowNumber":14813,"points":0,"cnpj":"15210932000136","saleId":"3420808A","executiveName":"Claudia Dias"}}
{"timestamp":"2026-03-16T14:30:38.156Z","importId":3,"level":"WARN","message":"Linha 14814: Pontuação é 0 ou null","category":"PONTUACAO","context":{"rowNumber":14814,"points":0,"cnpj":"15210932000136","saleId":"3420807A","executiveName":"Claudia Dias"}}
{"timestamp":"2026-03-16T14:30:38.159Z","importId":3,"level":"WARN","message":"Linha 14815: Pontuação é 0 ou null","category":"PONTUACAO","context":{"rowNumber":14815,"points":0,"cnpj":"15210932000136","saleId":"3420806A","executiveName":"Claudia Dias"}}
{"timestamp":"2026-03-16T14:30:38.161Z","importId":3,"level":"WARN","message":"Linha 14816: Pontuação é 0 ou null","category":"PONTUACAO","context":{"rowNumber":14816,"points":0,"cnpj":"01004367000146","saleId":"3420805A","executiveName":"Marlon Wander"}}
{"timestamp":"2026-03-16T14:30:38.163Z","importId":3,"level":"WARN","message":"Linha 14817: Pontuação é 0 ou null","category":"PONTUACAO","context":{"rowNumber":14817,"points":0,"cnpj":"01004367000146","saleId":"3420804A","executiveName":"Marlon Wander"}}
{"timestamp":"2026-03-16T14:30:38.165Z","importId":3,"level":"WARN","message":"Linha 14818: Pontuação é 0 ou null","category":"PONTUACAO","context":{"rowNumber":14818,"points":0,"cnpj":"40304172000173","saleId":"3420799A","executiveName":"Elza Lara"}}
{"timestamp":"2026-03-16T14:30:38.170Z","importId":3,"level":"WARN","message":"Linha 14821: Pontuação é 0 ou null","category":"PONTUACAO","context":{"rowNumber":14821,"points":0,"cnpj":"22225061000190","saleId":"3420751A","executiveName":"Miguel Jenotti"}}
{"timestamp":"2026-03-16T14:30:38.172Z","importId":3,"level":"WARN","message":"Linha 14822: Pontuação é 0 ou null","category":"PONTUACAO","context":{"rowNumber":14822,"points":0,"cnpj":"17519446000120","saleId":"3420718A","executiveName":"Ricardo Morais"}}
{"timestamp":"2026-03-16T14:30:38.178Z","importId":3,"level":"WARN","message":"Linha 14825: Pontuação é 0 ou null","category":"PONTUACAO","context":{"rowNumber":14825,"points":0,"cnpj":"06698980000124","saleId":"3420709A","executiveName":"Cristiano Dafre"}}
{"timestamp":"2026-03-16T14:30:38.186Z","importId":3,"level":"WARN","message":"Linha 14830: Pontuação é 0 ou null","category":"PONTUACAO","context":{"rowNumber":14830,"points":0,"cnpj":"05488469000135","saleId":"3420703A","executiveName":"Claudia Dias"}}
{"timestamp":"2026-03-16T14:30:38.188Z","importId":3,"level":"WARN","message":"Linha 14831: Pontuação é 0 ou null","category":"PONTUACAO","context":{"rowNumber":14831,"points":0,"cnpj":"07709889000120","saleId":"3420701A","executiveName":"Carlos Brito"}}
{"timestamp":"2026-03-16T14:30:38.213Z","importId":3,"level":"WARN","message":"Linha 14849: Pontuação é 0 ou null","category":"PONTUACAO","context":{"rowNumber":14849,"points":0,"cnpj":"03918816000197","saleId":"3420719A","executiveName":"Ricardo Morais"}}
{"timestamp":"2026-03-16T14:30:38.226Z","importId":3,"level":"WARN","message":"Linha 14857: Pontuação é 0 ou null","category":"PONTUACAO","context":{"rowNumber":14857,"points":0,"cnpj":"29944382000193","saleId":"3420746A","executiveName":"Clarissa Cavalheiro"}}
{"timestamp":"2026-03-16T14:30:38.232Z","importId":3,"level":"WARN","message":"Linha 14862: Pontuação é 0 ou null","category":"PONTUACAO","context":{"rowNumber":14862,"points":0,"cnpj":"20536275000151","saleId":"3420741A","executiveName":"Elza Lara"}}
{"timestamp":"2026-03-16T14:30:38.234Z","importId":3,"level":"WARN","message":"Linha 14863: Pontuação é 0 ou null","category":"PONTUACAO","context":{"rowNumber":14863,"points":0,"cnpj":"24821099000150","saleId":"3420740A","executiveName":"Elza Lara"}}
{"timestamp":"2026-03-16T14:30:38.236Z","importId":3,"level":"WARN","message":"Linha 14864: Pontuação é 0 ou null","category":"PONTUACAO","context":{"rowNumber":14864,"points":0,"cnpj":"24821099000150","saleId":"3420739A","executiveName":"Elza Lara"}}
{"timestamp":"2026-03-16T14:30:38.239Z","importId":3,"level":"WARN","message":"Linha 14865: Pontuação é 0 ou null","category":"PONTUACAO","context":{"rowNumber":14865,"points":0,"cnpj":"24821099000150","saleId":"3420738A","executiveName":"Elza Lara"}}
{"timestamp":"2026-03-16T14:30:38.241Z","importId":3,"level":"WARN","message":"Linha 14866: Pontuação é 0 ou null","category":"PONTUACAO","context":{"rowNumber":14866,"points":0,"cnpj":"26605232000167","saleId":"3420737A","executiveName":"Ricardo Bueno"}}
{"timestamp":"2026-03-16T14:30:38.244Z","importId":3,"level":"WARN","message":"Linha 14867: Pontuação é 0 ou null","category":"PONTUACAO","context":{"rowNumber":14867,"points":0,"cnpj":"26605232000167","saleId":"3420736A","executiveName":"Ricardo Bueno"}}
{"timestamp":"2026-03-16T14:30:38.247Z","importId":3,"level":"WARN","message":"Linha 14868: Pontuação é 0 ou null","category":"PONTUACAO","context":{"rowNumber":14868,"points":0,"cnpj":"24327557000108","saleId":"3420735A","executiveName":"Leonardo Ligabo"}}
{"timestamp":"2026-03-16T14:30:38.250Z","importId":3,"level":"WARN","message":"Linha 14869: Pontuação é 0 ou null","category":"PONTUACAO","context":{"rowNumber":14869,"points":0,"cnpj":"24194791000104","saleId":"3420734A","executiveName":"Elzo Nogueira"}}
{"timestamp":"2026-03-16T14:30:38.252Z","importId":3,"level":"WARN","message":"Linha 14870: Pontuação é 0 ou null","category":"PONTUACAO","context":{"rowNumber":14870,"points":0,"cnpj":"03329746000131","saleId":"3420733A","executiveName":"Luana Fagundes"}}
{"timestamp":"2026-03-16T14:30:38.255Z","importId":3,"level":"WARN","message":"Linha 14871: Pontuação é 0 ou null","category":"PONTUACAO","context":{"rowNumber":14871,"points":0,"cnpj":"03329746000131","saleId":"3420732A","executiveName":"Luana Fagundes"}}
{"timestamp":"2026-03-16T14:30:38.259Z","importId":3,"level":"WARN","message":"Linha 14872: Pontuação é 0 ou null","category":"PONTUACAO","context":{"rowNumber":14872,"points":0,"cnpj":"03329746000131","saleId":"3420731A","executiveName":"Luana Fagundes"}}
{"timestamp":"2026-03-16T14:30:38.261Z","importId":3,"level":"WARN","message":"Linha 14873: Pontuação é 0 ou null","category":"PONTUACAO","context":{"rowNumber":14873,"points":0,"cnpj":"03329746000131","saleId":"3420730A","executiveName":"Luana Fagundes"}}
{"timestamp":"2026-03-16T14:30:38.277Z","importId":3,"level":"WARN","message":"Linha 14884: Pontuação é 0 ou null","category":"PONTUACAO","context":{"rowNumber":14884,"points":0,"cnpj":"22652163000191","saleId":"3426440A","executiveName":"Marlon Wander"}}
{"timestamp":"2026-03-16T14:30:38.282Z","importId":3,"level":"WARN","message":"Linha 14885: Pontuação é 0 ou null","category":"PONTUACAO","context":{"rowNumber":14885,"points":0,"cnpj":"13744379000196","saleId":"3426439A","executiveName":"Elza Lara"}}
{"timestamp":"2026-03-16T14:30:38.284Z","importId":3,"level":"WARN","message":"Linha 14886: Pontuação é 0 ou null","category":"PONTUACAO","context":{"rowNumber":14886,"points":0,"cnpj":"60963550000138","saleId":"3426416A","executiveName":"Marlon Wander"}}
{"timestamp":"2026-03-16T14:30:38.286Z","importId":3,"level":"WARN","message":"Linha 14887: Pontuação é 0 ou null","category":"PONTUACAO","context":{"rowNumber":14887,"points":0,"cnpj":"60963550000138","saleId":"3426415A","executiveName":"Marlon Wander"}}
{"timestamp":"2026-03-16T14:30:38.288Z","importId":3,"level":"WARN","message":"Linha 14888: Pontuação é 0 ou null","category":"PONTUACAO","context":{"rowNumber":14888,"points":0,"cnpj":"55378004000108","saleId":"3426410A","executiveName":"Maira Vallim"}}
{"timestamp":"2026-03-16T14:30:38.290Z","importId":3,"level":"WARN","message":"Linha 14889: Pontuação é 0 ou null","category":"PONTUACAO","context":{"rowNumber":14889,"points":0,"cnpj":"55378004000108","saleId":"3426409A","executiveName":"Maira Vallim"}}
{"timestamp":"2026-03-16T14:30:38.292Z","importId":3,"level":"WARN","message":"Linha 14890: Pontuação é 0 ou null","category":"PONTUACAO","context":{"rowNumber":14890,"points":0,"cnpj":"02708513000187","saleId":"3426408A","executiveName":"Pasquale Neto"}}
{"timestamp":"2026-03-16T14:30:38.295Z","importId":3,"level":"WARN","message":"Linha 14891: Pontuação é 0 ou null","category":"PONTUACAO","context":{"rowNumber":14891,"points":0,"cnpj":"07304097000175","saleId":"3426407A","executiveName":"Miguel Jenotti"}}
{"timestamp":"2026-03-16T14:30:38.299Z","importId":3,"level":"WARN","message":"Linha 14892: Pontuação é 0 ou null","category":"PONTUACAO","context":{"rowNumber":14892,"points":0,"cnpj":"48186332000139","saleId":"3426395A","executiveName":"Ricardo Morais"}}
{"timestamp":"2026-03-16T14:30:38.302Z","importId":3,"level":"WARN","message":"Linha 14893: Pontuação é 0 ou null","category":"PONTUACAO","context":{"rowNumber":14893,"points":0,"cnpj":"48186332000139","saleId":"3426394A","executiveName":"Ricardo Morais"}}
{"timestamp":"2026-03-16T14:30:38.304Z","importId":3,"level":"WARN","message":"Linha 14894: Pontuação é 0 ou null","category":"PONTUACAO","context":{"rowNumber":14894,"points":0,"cnpj":"07697910000114","saleId":"3426391A","executiveName":"Miguel Jenotti"}}
{"timestamp":"2026-03-16T14:30:38.308Z","importId":3,"level":"WARN","message":"Linha 14895: Pontuação é 0 ou null","category":"PONTUACAO","context":{"rowNumber":14895,"points":0,"cnpj":"07697910000114","saleId":"3426390A","executiveName":"Miguel Jenotti"}}
{"timestamp":"2026-03-16T14:30:38.310Z","importId":3,"level":"WARN","message":"Linha 14896: Pontuação é 0 ou null","category":"PONTUACAO","context":{"rowNumber":14896,"points":0,"cnpj":"02176990000149","saleId":"3426389A","executiveName":"Gabriela Carvalho"}}
{"timestamp":"2026-03-16T14:30:38.312Z","importId":3,"level":"WARN","message":"Linha 14897: Pontuação é 0 ou null","category":"PONTUACAO","context":{"rowNumber":14897,"points":0,"cnpj":"57608093000159","saleId":"3426378A","executiveName":"Cristiano Dafre"}}
{"timestamp":"2026-03-16T14:30:38.314Z","importId":3,"level":"WARN","message":"Linha 14898: Pontuação é 0 ou null","category":"PONTUACAO","context":{"rowNumber":14898,"points":0,"cnpj":"00003058000199","saleId":"3426377A","executiveName":"Pasquale Neto"}}
{"timestamp":"2026-03-16T14:30:38.317Z","importId":3,"level":"WARN","message":"Linha 14900: Pontuação é 0 ou null","category":"PONTUACAO","context":{"rowNumber":14900,"points":0,"cnpj":"38498558000111","saleId":"3423969A","executiveName":"Elza Lara"}}
{"timestamp":"2026-03-16T14:30:38.320Z","importId":3,"level":"WARN","message":"Linha 14901: Pontuação é 0 ou null","category":"PONTUACAO","context":{"rowNumber":14901,"points":0,"cnpj":"38498558000111","saleId":"3423965A","executiveName":"Elza Lara"}}
{"timestamp":"2026-03-16T14:30:38.321Z","importId":3,"level":"WARN","message":"Linha 14902: Pontuação é 0 ou null","category":"PONTUACAO","context":{"rowNumber":14902,"points":0,"cnpj":"59397149000107","saleId":"3423882A","executiveName":"William Silva"}}
{"timestamp":"2026-03-16T14:30:38.327Z","importId":3,"level":"WARN","message":"Linha 14904: Pontuação é 0 ou null","category":"PONTUACAO","context":{"rowNumber":14904,"points":0,"cnpj":"28942436000119","saleId":"3423860A","executiveName":"Claudia Dias"}}
{"timestamp":"2026-03-16T14:30:38.329Z","importId":3,"level":"WARN","message":"Linha 14905: Pontuação é 0 ou null","category":"PONTUACAO","context":{"rowNumber":14905,"points":0,"cnpj":"00264550000118","saleId":"3423806A","executiveName":"Elza Lara"}}
{"timestamp":"2026-03-16T14:30:38.331Z","importId":3,"level":"WARN","message":"Linha 14906: Pontuação é 0 ou null","category":"PONTUACAO","context":{"rowNumber":14906,"points":0,"cnpj":"50592007000118","saleId":"3423416A","executiveName":"Marlon Wander"}}
{"timestamp":"2026-03-16T14:30:38.333Z","importId":3,"level":"WARN","message":"Linha 14907: Pontuação é 0 ou null","category":"PONTUACAO","context":{"rowNumber":14907,"points":0,"cnpj":"49129688000101","saleId":"3423415A","executiveName":"Marlon Wander"}}
{"timestamp":"2026-03-16T14:30:38.336Z","importId":3,"level":"WARN","message":"Linha 14908: Pontuação é 0 ou null","category":"PONTUACAO","context":{"rowNumber":14908,"points":0,"cnpj":"50845480000160","saleId":"3423406A","executiveName":"Marlon Wander"}}
{"timestamp":"2026-03-16T14:30:38.338Z","importId":3,"level":"WARN","message":"Linha 14909: Pontuação é 0 ou null","category":"PONTUACAO","context":{"rowNumber":14909,"points":0,"cnpj":"49129688000101","saleId":"3423392A","executiveName":"Marlon Wander"}}
{"timestamp":"2026-03-16T14:30:38.339Z","importId":3,"level":"WARN","message":"Linha 14910: Pontuação é 0 ou null","category":"PONTUACAO","context":{"rowNumber":14910,"points":0,"cnpj":"75527804000142","saleId":"3423377A","executiveName":"Clarissa Cavalheiro"}}
{"timestamp":"2026-03-16T14:30:38.341Z","importId":3,"level":"WARN","message":"Linha 14911: Pontuação é 0 ou null","category":"PONTUACAO","context":{"rowNumber":14911,"points":0,"cnpj":"11462986000138","saleId":"3426441A","executiveName":"Leonardo Ligabo"}}
{"timestamp":"2026-03-16T14:30:38.345Z","importId":3,"level":"WARN","message":"Linha 14913: Pontuação é 0 ou null","category":"PONTUACAO","context":{"rowNumber":14913,"points":0,"cnpj":"18189867000100","saleId":"3426442A","executiveName":"Miguel Jenotti"}}
{"timestamp":"2026-03-16T14:30:38.347Z","importId":3,"level":"WARN","message":"Linha 14914: Pontuação é 0 ou null","category":"PONTUACAO","context":{"rowNumber":14914,"points":0,"cnpj":"30607677000153","saleId":"3426454A","executiveName":"Rafaela Soares"}}
{"timestamp":"2026-03-16T14:30:38.351Z","importId":3,"level":"WARN","message":"Linha 14916: Pontuação é 0 ou null","category":"PONTUACAO","context":{"rowNumber":14916,"points":0,"cnpj":"32172167000126","saleId":"3430325A","executiveName":"Carlos Barbassa"}}
{"timestamp":"2026-03-16T14:30:38.353Z","importId":3,"level":"WARN","message":"Linha 14917: Pontuação é 0 ou null","category":"PONTUACAO","context":{"rowNumber":14917,"points":0,"cnpj":"17556546000126","saleId":"3426828A","executiveName":"Armando Soares"}}
{"timestamp":"2026-03-16T14:30:38.355Z","importId":3,"level":"WARN","message":"Linha 14918: Pontuação é 0 ou null","category":"PONTUACAO","context":{"rowNumber":14918,"points":0,"cnpj":"41434285000156","saleId":"3426818A","executiveName":"Claudia Dias"}}
{"timestamp":"2026-03-16T14:30:38.356Z","importId":3,"level":"WARN","message":"Linha 14919: Pontuação é 0 ou null","category":"PONTUACAO","context":{"rowNumber":14919,"points":0,"cnpj":"41434285000156","saleId":"3426817A","executiveName":"Claudia Dias"}}
{"timestamp":"2026-03-16T14:30:38.364Z","importId":3,"level":"WARN","message":"Linha 14924: Pontuação é 0 ou null","category":"PONTUACAO","context":{"rowNumber":14924,"points":0,"cnpj":"35104274000105","saleId":"3426795A","executiveName":"Carlos Barbassa"}}
{"timestamp":"2026-03-16T14:30:38.367Z","importId":3,"level":"WARN","message":"Linha 14925: Pontuação é 0 ou null","category":"PONTUACAO","context":{"rowNumber":14925,"points":0,"cnpj":"35104274000105","saleId":"3426794A","executiveName":"Carlos Barbassa"}}
{"timestamp":"2026-03-16T14:30:38.371Z","importId":3,"level":"WARN","message":"Linha 14927: Pontuação é 0 ou null","category":"PONTUACAO","context":{"rowNumber":14927,"points":0,"cnpj":"03683159000146","saleId":"3426784A","executiveName":"Rafaela Soares"}}
{"timestamp":"2026-03-16T14:30:38.373Z","importId":3,"level":"WARN","message":"Linha 14928: Pontuação é 0 ou null","category":"PONTUACAO","context":{"rowNumber":14928,"points":0,"cnpj":"17351457000143","saleId":"3426477A","executiveName":"Ricardo Morais"}}
{"timestamp":"2026-03-16T14:30:38.374Z","importId":3,"level":"WARN","message":"Linha 14929: Pontuação é 0 ou null","category":"PONTUACAO","context":{"rowNumber":14929,"points":0,"cnpj":"17351457000143","saleId":"3426476A","executiveName":"Ricardo Morais"}}
{"timestamp":"2026-03-16T14:30:38.377Z","importId":3,"level":"WARN","message":"Linha 14930: Pontuação é 0 ou null","category":"PONTUACAO","context":{"rowNumber":14930,"points":0,"cnpj":"20929210000176","saleId":"3426475A","executiveName":"Gabriela Carvalho"}}
{"timestamp":"2026-03-16T14:30:38.379Z","importId":3,"level":"WARN","message":"Linha 14931: Pontuação é 0 ou null","category":"PONTUACAO","context":{"rowNumber":14931,"points":0,"cnpj":"40373092000170","saleId":"3426474A","executiveName":"Karla Reis"}}
{"timestamp":"2026-03-16T14:30:38.380Z","importId":3,"level":"WARN","message":"Linha 14932: Pontuação é 0 ou null","category":"PONTUACAO","context":{"rowNumber":14932,"points":0,"cnpj":"28845497000168","saleId":"3426473A","executiveName":"Karla Reis"}}
{"timestamp":"2026-03-16T14:30:38.383Z","importId":3,"level":"WARN","message":"Linha 14933: Pontuação é 0 ou null","category":"PONTUACAO","context":{"rowNumber":14933,"points":0,"cnpj":"28845497000168","saleId":"3426472A","executiveName":"Karla Reis"}}
{"timestamp":"2026-03-16T14:30:38.385Z","importId":3,"level":"WARN","message":"Linha 14934: Pontuação é 0 ou null","category":"PONTUACAO","context":{"rowNumber":14934,"points":0,"cnpj":"28845497000168","saleId":"3426471A","executiveName":"Karla Reis"}}
{"timestamp":"2026-03-16T14:30:38.387Z","importId":3,"level":"WARN","message":"Linha 14935: Pontuação é 0 ou null","category":"PONTUACAO","context":{"rowNumber":14935,"points":0,"cnpj":"28845497000168","saleId":"3426470A","executiveName":"Karla Reis"}}
{"timestamp":"2026-03-16T14:30:38.390Z","importId":3,"level":"WARN","message":"Linha 14936: Pontuação é 0 ou null","category":"PONTUACAO","context":{"rowNumber":14936,"points":0,"cnpj":"28845497000168","saleId":"3426469A","executiveName":"Karla Reis"}}
{"timestamp":"2026-03-16T14:30:38.392Z","importId":3,"level":"WARN","message":"Linha 14937: Pontuação é 0 ou null","category":"PONTUACAO","context":{"rowNumber":14937,"points":0,"cnpj":"28845497000168","saleId":"3426468A","executiveName":"Karla Reis"}}
{"timestamp":"2026-03-16T14:30:38.394Z","importId":3,"level":"WARN","message":"Linha 14938: Pontuação é 0 ou null","category":"PONTUACAO","context":{"rowNumber":14938,"points":0,"cnpj":"28845497000168","saleId":"3426467A","executiveName":"Karla Reis"}}
{"timestamp":"2026-03-16T14:30:38.396Z","importId":3,"level":"WARN","message":"Linha 14939: Pontuação é 0 ou null","category":"PONTUACAO","context":{"rowNumber":14939,"points":0,"cnpj":"28845497000168","saleId":"3426466A","executiveName":"Karla Reis"}}
{"timestamp":"2026-03-16T14:30:38.399Z","importId":3,"level":"WARN","message":"Linha 14940: Pontuação é 0 ou null","category":"PONTUACAO","context":{"rowNumber":14940,"points":0,"cnpj":"28845497000168","saleId":"3426465A","executiveName":"Karla Reis"}}
{"timestamp":"2026-03-16T14:30:38.401Z","importId":3,"level":"WARN","message":"Linha 14941: Pontuação é 0 ou null","category":"PONTUACAO","context":{"rowNumber":14941,"points":0,"cnpj":"28845497000168","saleId":"3426464A","executiveName":"Karla Reis"}}
{"timestamp":"2026-03-16T14:30:38.403Z","importId":3,"level":"WARN","message":"Linha 14942: Pontuação é 0 ou null","category":"PONTUACAO","context":{"rowNumber":14942,"points":0,"cnpj":"20536275000151","saleId":"3426451A","executiveName":"Elza Lara"}}
{"timestamp":"2026-03-16T14:30:38.407Z","importId":3,"level":"WARN","message":"Linha 14945: Pontuação é 0 ou null","category":"PONTUACAO","context":{"rowNumber":14945,"points":0,"cnpj":"10480372000116","saleId":"3423369A","executiveName":"Kelly Furno"}}
{"timestamp":"2026-03-16T14:30:38.410Z","importId":3,"level":"WARN","message":"Linha 14946: Pontuação é 0 ou null","category":"PONTUACAO","context":{"rowNumber":14946,"points":0,"cnpj":"03677175000126","saleId":"3421742A","executiveName":"Rafaela Soares"}}
{"timestamp":"2026-03-16T14:30:38.411Z","importId":3,"level":"WARN","message":"Linha 14947: Pontuação é 0 ou null","category":"PONTUACAO","context":{"rowNumber":14947,"points":0,"cnpj":"03677175000126","saleId":"3421741A","executiveName":"Rafaela Soares"}}
{"timestamp":"2026-03-16T14:30:38.413Z","importId":3,"level":"WARN","message":"Linha 14948: Pontuação é 0 ou null","category":"PONTUACAO","context":{"rowNumber":14948,"points":0,"cnpj":"18483090000184","saleId":"3421735A","executiveName":"Ricardo Morais"}}
{"timestamp":"2026-03-16T14:30:38.416Z","importId":3,"level":"WARN","message":"Linha 14949: Pontuação é 0 ou null","category":"PONTUACAO","context":{"rowNumber":14949,"points":0,"cnpj":"58758327000107","saleId":"3421731A","executiveName":"Pasquale Neto"}}
{"timestamp":"2026-03-16T14:30:38.418Z","importId":3,"level":"WARN","message":"Linha 14950: Pontuação é 0 ou null","category":"PONTUACAO","context":{"rowNumber":14950,"points":0,"cnpj":"46878674000194","saleId":"3421730A","executiveName":"Claudia Dias"}}
{"timestamp":"2026-03-16T14:30:38.420Z","importId":3,"level":"WARN","message":"Linha 14951: Pontuação é 0 ou null","category":"PONTUACAO","context":{"rowNumber":14951,"points":0,"cnpj":"57608093000159","saleId":"3421729A","executiveName":"Cristiano Dafre"}}
{"timestamp":"2026-03-16T14:30:38.422Z","importId":3,"level":"WARN","message":"Linha 14952: Pontuação é 0 ou null","category":"PONTUACAO","context":{"rowNumber":14952,"points":0,"cnpj":"57608093000159","saleId":"3421727A","executiveName":"Cristiano Dafre"}}
{"timestamp":"2026-03-16T14:30:38.425Z","importId":3,"level":"WARN","message":"Linha 14953: Pontuação é 0 ou null","category":"PONTUACAO","context":{"rowNumber":14953,"points":0,"cnpj":"59717926000145","saleId":"3421724A","executiveName":"Ronaldo Coelho"}}
{"timestamp":"2026-03-16T14:30:38.426Z","importId":3,"level":"WARN","message":"Linha 14954: Pontuação é 0 ou null","category":"PONTUACAO","context":{"rowNumber":14954,"points":0,"cnpj":"59717926000145","saleId":"3421723A","executiveName":"Ronaldo Coelho"}}
{"timestamp":"2026-03-16T14:30:38.433Z","importId":3,"level":"WARN","message":"Linha 14959: Pontuação é 0 ou null","category":"PONTUACAO","context":{"rowNumber":14959,"points":0,"cnpj":"22225061000190","saleId":"3421484A","executiveName":"Miguel Jenotti"}}
{"timestamp":"2026-03-16T14:30:38.436Z","importId":3,"level":"WARN","message":"Linha 14960: Pontuação é 0 ou null","category":"PONTUACAO","context":{"rowNumber":14960,"points":0,"cnpj":"02116253000150","saleId":"3421466A","executiveName":"Elza Lara"}}
{"timestamp":"2026-03-16T14:30:38.440Z","importId":3,"level":"WARN","message":"Linha 14963: Pontuação é 0 ou null","category":"PONTUACAO","context":{"rowNumber":14963,"points":0,"cnpj":"41434285000156","saleId":"3421179A","executiveName":"Claudia Dias"}}
{"timestamp":"2026-03-16T14:30:38.442Z","importId":3,"level":"WARN","message":"Linha 14964: Pontuação é 0 ou null","category":"PONTUACAO","context":{"rowNumber":14964,"points":0,"cnpj":"41434285000156","saleId":"3421158A","executiveName":"Claudia Dias"}}
{"timestamp":"2026-03-16T14:30:38.445Z","importId":3,"level":"WARN","message":"Linha 14965: Pontuação é 0 ou null","category":"PONTUACAO","context":{"rowNumber":14965,"points":0,"cnpj":"32896161000100","saleId":"3421106A","executiveName":"Cristiano Dafre"}}
{"timestamp":"2026-03-16T14:30:38.458Z","importId":3,"level":"WARN","message":"Linha 14973: Pontuação é 0 ou null","category":"PONTUACAO","context":{"rowNumber":14973,"points":0,"cnpj":"03677175000126","saleId":"3421743A","executiveName":"Rafaela Soares"}}
{"timestamp":"2026-03-16T14:30:38.460Z","importId":3,"level":"WARN","message":"Linha 14974: Pontuação é 0 ou null","category":"PONTUACAO","context":{"rowNumber":14974,"points":0,"cnpj":"19520078000165","saleId":"3423371A","executiveName":"Karla Reis"}}
{"timestamp":"2026-03-16T14:30:38.462Z","importId":3,"level":"WARN","message":"Linha 14975: Pontuação é 0 ou null","category":"PONTUACAO","context":{"rowNumber":14975,"points":0,"cnpj":"03677175000126","saleId":"3421744A","executiveName":"Rafaela Soares"}}
{"timestamp":"2026-03-16T14:30:38.464Z","importId":3,"level":"WARN","message":"Linha 14976: Pontuação é 0 ou null","category":"PONTUACAO","context":{"rowNumber":14976,"points":0,"cnpj":"04697484000120","saleId":"3421748A","executiveName":"Elza Lara"}}
{"timestamp":"2026-03-16T14:30:38.466Z","importId":3,"level":"WARN","message":"Linha 14977: Pontuação é 0 ou null","category":"PONTUACAO","context":{"rowNumber":14977,"points":0,"cnpj":"10972092000125","saleId":"3423365A","executiveName":"Marlon Wander"}}
{"timestamp":"2026-03-16T14:30:38.468Z","importId":3,"level":"WARN","message":"Linha 14978: Pontuação é 0 ou null","category":"PONTUACAO","context":{"rowNumber":14978,"points":0,"cnpj":"07389466000170","saleId":"3423355A","executiveName":"Armando Soares"}}
{"timestamp":"2026-03-16T14:30:38.469Z","importId":3,"level":"WARN","message":"Linha 14979: Pontuação é 0 ou null","category":"PONTUACAO","context":{"rowNumber":14979,"points":0,"cnpj":"07389466000170","saleId":"3423354A","executiveName":"Armando Soares"}}
{"timestamp":"2026-03-16T14:30:38.474Z","importId":3,"level":"WARN","message":"Linha 14982: Pontuação é 0 ou null","category":"PONTUACAO","context":{"rowNumber":14982,"points":0,"cnpj":"21432799000165","saleId":"3423349A","executiveName":"Andreza Lubatsch"}}
{"timestamp":"2026-03-16T14:30:38.476Z","importId":3,"level":"WARN","message":"Linha 14983: Pontuação é 0 ou null","category":"PONTUACAO","context":{"rowNumber":14983,"points":0,"cnpj":"24825865000155","saleId":"3423334A","executiveName":"Luana Fagundes"}}
{"timestamp":"2026-03-16T14:30:38.479Z","importId":3,"level":"WARN","message":"Linha 14984: Pontuação é 0 ou null","category":"PONTUACAO","context":{"rowNumber":14984,"points":0,"cnpj":"24825865000155","saleId":"3423333A","executiveName":"Luana Fagundes"}}
{"timestamp":"2026-03-16T14:30:38.483Z","importId":3,"level":"WARN","message":"Linha 14985: Pontuação é 0 ou null","category":"PONTUACAO","context":{"rowNumber":14985,"points":0,"cnpj":"15875000000102","saleId":"3423277A","executiveName":"Elza Lara"}}
{"timestamp":"2026-03-16T14:30:38.485Z","importId":3,"level":"WARN","message":"Linha 14986: Pontuação é 0 ou null","category":"PONTUACAO","context":{"rowNumber":14986,"points":0,"cnpj":"15875000000102","saleId":"3423276A","executiveName":"Elza Lara"}}
{"timestamp":"2026-03-16T14:30:38.487Z","importId":3,"level":"WARN","message":"Linha 14987: Pontuação é 0 ou null","category":"PONTUACAO","context":{"rowNumber":14987,"points":0,"cnpj":"05424761000194","saleId":"3423218A","executiveName":"Marlon Wander"}}
{"timestamp":"2026-03-16T14:30:38.488Z","importId":3,"level":"WARN","message":"Linha 14988: Pontuação é 0 ou null","category":"PONTUACAO","context":{"rowNumber":14988,"points":0,"cnpj":"05424761000194","saleId":"3423217A","executiveName":"Marlon Wander"}}
{"timestamp":"2026-03-16T14:30:38.491Z","importId":3,"level":"WARN","message":"Linha 14989: Pontuação é 0 ou null","category":"PONTUACAO","context":{"rowNumber":14989,"points":0,"cnpj":"05424761000194","saleId":"3423216A","executiveName":"Marlon Wander"}}
{"timestamp":"2026-03-16T14:30:38.501Z","importId":3,"level":"WARN","message":"Linha 14995: Pontuação é 0 ou null","category":"PONTUACAO","context":{"rowNumber":14995,"points":0,"cnpj":"41369871000164","saleId":"3421768A","executiveName":"Marlon Wander"}}
{"timestamp":"2026-03-16T14:30:38.503Z","importId":3,"level":"WARN","message":"Linha 14996: Pontuação é 0 ou null","category":"PONTUACAO","context":{"rowNumber":14996,"points":0,"cnpj":"41369871000164","saleId":"3421767A","executiveName":"Marlon Wander"}}
{"timestamp":"2026-03-16T14:30:38.505Z","importId":3,"level":"WARN","message":"Linha 14997: Pontuação é 0 ou null","category":"PONTUACAO","context":{"rowNumber":14997,"points":0,"cnpj":"41369871000164","saleId":"3421766A","executiveName":"Marlon Wander"}}
{"timestamp":"2026-03-16T14:30:38.507Z","importId":3,"level":"WARN","message":"Linha 14998: Pontuação é 0 ou null","category":"PONTUACAO","context":{"rowNumber":14998,"points":0,"cnpj":"41369871000164","saleId":"3421765A","executiveName":"Marlon Wander"}}
{"timestamp":"2026-03-16T14:30:38.509Z","importId":3,"level":"WARN","message":"Linha 14999: Pontuação é 0 ou null","category":"PONTUACAO","context":{"rowNumber":14999,"points":0,"cnpj":"18745572000165","saleId":"3421763A","executiveName":"Karla Reis"}}
{"timestamp":"2026-03-16T14:30:38.510Z","importId":3,"level":"WARN","message":"Linha 15000: Pontuação é 0 ou null","category":"PONTUACAO","context":{"rowNumber":15000,"points":0,"cnpj":"18745572000165","saleId":"3421762A","executiveName":"Karla Reis"}}
{"timestamp":"2026-03-16T14:30:38.512Z","importId":3,"level":"WARN","message":"Linha 15001: Pontuação é 0 ou null","category":"PONTUACAO","context":{"rowNumber":15001,"points":0,"cnpj":"18745572000165","saleId":"3421761A","executiveName":"Karla Reis"}}
{"timestamp":"2026-03-16T14:30:38.515Z","importId":3,"level":"WARN","message":"Linha 15002: Pontuação é 0 ou null","category":"PONTUACAO","context":{"rowNumber":15002,"points":0,"cnpj":"18745572000165","saleId":"3421760A","executiveName":"Karla Reis"}}
{"timestamp":"2026-03-16T14:30:38.517Z","importId":3,"level":"WARN","message":"Linha 15003: Pontuação é 0 ou null","category":"PONTUACAO","context":{"rowNumber":15003,"points":0,"cnpj":"04697484000120","saleId":"3421749A","executiveName":"Elza Lara"}}
{"timestamp":"2026-03-16T14:30:38.518Z","importId":3,"level":"WARN","message":"Linha 15004: Pontuação é 0 ou null","category":"PONTUACAO","context":{"rowNumber":15004,"points":0,"cnpj":"07304097000175","saleId":"3421747A","executiveName":"Miguel Jenotti"}}
{"timestamp":"2026-03-16T14:30:39.053Z","importId":3,"level":"WARN","message":"Linha 15410: Pontuação é 0 ou null","category":"PONTUACAO","context":{"rowNumber":15410,"points":0,"cnpj":"27060935000110","saleId":"3418849A","executiveName":"Elza Lara"}}
{"timestamp":"2026-03-16T14:30:39.056Z","importId":3,"level":"WARN","message":"Linha 15411: Pontuação é 0 ou null","category":"PONTUACAO","context":{"rowNumber":15411,"points":0,"cnpj":"26203213000104","saleId":"3418848A","executiveName":"Roberto Garbin"}}
{"timestamp":"2026-03-16T14:30:39.058Z","importId":3,"level":"WARN","message":"Linha 15412: Pontuação é 0 ou null","category":"PONTUACAO","context":{"rowNumber":15412,"points":0,"cnpj":"26203213000104","saleId":"3418847A","executiveName":"Roberto Garbin"}}
{"timestamp":"2026-03-16T14:30:39.061Z","importId":3,"level":"WARN","message":"Linha 15414: Pontuação é 0 ou null","category":"PONTUACAO","context":{"rowNumber":15414,"points":0,"cnpj":"19154219000173","saleId":"3418845A","executiveName":"Andrea Cordovil"}}
{"timestamp":"2026-03-16T14:30:39.065Z","importId":3,"level":"WARN","message":"Linha 15415: Pontuação é 0 ou null","category":"PONTUACAO","context":{"rowNumber":15415,"points":0,"cnpj":"15875000000102","saleId":"3418844A","executiveName":"Elza Lara"}}
{"timestamp":"2026-03-16T14:30:39.067Z","importId":3,"level":"WARN","message":"Linha 15416: Pontuação é 0 ou null","category":"PONTUACAO","context":{"rowNumber":15416,"points":0,"cnpj":"21667914000180","saleId":"3418842A","executiveName":"Armando Soares"}}
{"timestamp":"2026-03-16T14:30:39.070Z","importId":3,"level":"WARN","message":"Linha 15418: Pontuação é 0 ou null","category":"PONTUACAO","context":{"rowNumber":15418,"points":0,"cnpj":"10907957000170","saleId":"3418832A","executiveName":"Cristiano Dafre"}}
{"timestamp":"2026-03-16T14:30:39.072Z","importId":3,"level":"WARN","message":"Linha 15419: Pontuação é 0 ou null","category":"PONTUACAO","context":{"rowNumber":15419,"points":0,"cnpj":"10907957000170","saleId":"3418831A","executiveName":"Cristiano Dafre"}}
{"timestamp":"2026-03-16T14:30:39.074Z","importId":3,"level":"WARN","message":"Linha 15420: Pontuação é 0 ou null","category":"PONTUACAO","context":{"rowNumber":15420,"points":0,"cnpj":"10907957000170","saleId":"3418830A","executiveName":"Cristiano Dafre"}}
{"timestamp":"2026-03-16T14:30:39.076Z","importId":3,"level":"WARN","message":"Linha 15421: Pontuação é 0 ou null","category":"PONTUACAO","context":{"rowNumber":15421,"points":0,"cnpj":"07697910000114","saleId":"3418825A","executiveName":"Miguel Jenotti"}}
{"timestamp":"2026-03-16T14:30:39.077Z","importId":3,"level":"WARN","message":"Linha 15422: Pontuação é 0 ou null","category":"PONTUACAO","context":{"rowNumber":15422,"points":0,"cnpj":"07697910000114","saleId":"3418824A","executiveName":"Miguel Jenotti"}}
{"timestamp":"2026-03-16T14:30:39.078Z","importId":3,"level":"WARN","message":"Linha 15423: Pontuação é 0 ou null","category":"PONTUACAO","context":{"rowNumber":15423,"points":0,"cnpj":"07697910000114","saleId":"3418823A","executiveName":"Miguel Jenotti"}}
{"timestamp":"2026-03-16T14:30:39.081Z","importId":3,"level":"WARN","message":"Linha 15424: Pontuação é 0 ou null","category":"PONTUACAO","context":{"rowNumber":15424,"points":0,"cnpj":"07697910000114","saleId":"3418822A","executiveName":"Miguel Jenotti"}}
{"timestamp":"2026-03-16T14:30:39.083Z","importId":3,"level":"WARN","message":"Linha 15425: Pontuação é 0 ou null","category":"PONTUACAO","context":{"rowNumber":15425,"points":0,"cnpj":"02116253000150","saleId":"3418810A","executiveName":"Elza Lara"}}
{"timestamp":"2026-03-16T14:30:39.085Z","importId":3,"level":"WARN","message":"Linha 15426: Pontuação é 0 ou null","category":"PONTUACAO","context":{"rowNumber":15426,"points":0,"cnpj":"02116253000150","saleId":"3418809A","executiveName":"Elza Lara"}}
{"timestamp":"2026-03-16T14:30:39.155Z","importId":3,"level":"WARN","message":"Linha 15486: Pontuação é 0 ou null","category":"PONTUACAO","context":{"rowNumber":15486,"points":0,"cnpj":"08225995000109","saleId":"3418717A","executiveName":"Andrea Cordovil"}}
{"timestamp":"2026-03-16T14:30:39.159Z","importId":3,"level":"WARN","message":"Linha 15490: Pontuação é 0 ou null","category":"PONTUACAO","context":{"rowNumber":15490,"points":0,"cnpj":"03683159000146","saleId":"3418713A","executiveName":"Rafaela Soares"}}
{"timestamp":"2026-03-16T14:30:39.248Z","importId":3,"level":"WARN","message":"Linha 15566: Pontuação é 0 ou null","category":"PONTUACAO","context":{"rowNumber":15566,"points":0,"cnpj":"27645349000137","saleId":"3418066A","executiveName":"Cassia Shimabukuro"}}
{"timestamp":"2026-03-16T14:30:39.318Z","importId":3,"level":"WARN","message":"Linha 15624: Pontuação é 0 ou null","category":"PONTUACAO","context":{"rowNumber":15624,"points":0,"cnpj":"27060935000110","saleId":"3418850A","executiveName":"Elza Lara"}}
{"timestamp":"2026-03-16T14:30:39.470Z","importId":3,"level":"WARN","message":"Linha 15748: Pontuação é 0 ou null","category":"PONTUACAO","context":{"rowNumber":15748,"points":0,"cnpj":"27645349000137","saleId":"3418860A","executiveName":"Cassia Shimabukuro"}}
{"timestamp":"2026-03-16T14:30:39.474Z","importId":3,"level":"WARN","message":"Linha 15750: Pontuação é 0 ou null","category":"PONTUACAO","context":{"rowNumber":15750,"points":0,"cnpj":"52510684000175","saleId":"3418872A","executiveName":"Maira Vallim"}}
{"timestamp":"2026-03-16T14:30:39.556Z","importId":3,"level":"WARN","message":"Linha 15815: Pontuação é 0 ou null","category":"PONTUACAO","context":{"rowNumber":15815,"points":0,"cnpj":"04643629000100","saleId":"3419325A","executiveName":"Pasquale Neto"}}
{"timestamp":"2026-03-16T14:30:39.558Z","importId":3,"level":"WARN","message":"Linha 15816: Pontuação é 0 ou null","category":"PONTUACAO","context":{"rowNumber":15816,"points":0,"cnpj":"04643629000100","saleId":"3419324A","executiveName":"Pasquale Neto"}}
{"timestamp":"2026-03-16T14:30:39.563Z","importId":3,"level":"WARN","message":"Linha 15818: Pontuação é 0 ou null","category":"PONTUACAO","context":{"rowNumber":15818,"points":0,"cnpj":"00003058000199","saleId":"3419322A","executiveName":"Pasquale Neto"}}
{"timestamp":"2026-03-16T14:30:39.564Z","importId":3,"level":"WARN","message":"Linha 15819: Pontuação é 0 ou null","category":"PONTUACAO","context":{"rowNumber":15819,"points":0,"cnpj":"00003058000199","saleId":"3419321A","executiveName":"Pasquale Neto"}}
{"timestamp":"2026-03-16T14:30:39.588Z","importId":3,"level":"WARN","message":"Linha 15840: Pontuação é 0 ou null","category":"PONTUACAO","context":{"rowNumber":15840,"points":0,"cnpj":"68253921000108","saleId":"3419328A","executiveName":"Soraya Romano"}}
{"timestamp":"2026-03-16T14:30:39.591Z","importId":3,"level":"WARN","message":"Linha 15842: Pontuação é 0 ou null","category":"PONTUACAO","context":{"rowNumber":15842,"points":0,"cnpj":"04033961000153","saleId":"3419329A","executiveName":"Elza Lara"}}
{"timestamp":"2026-03-16T14:30:39.593Z","importId":3,"level":"WARN","message":"Linha 15843: Pontuação é 0 ou null","category":"PONTUACAO","context":{"rowNumber":15843,"points":0,"cnpj":"48415020000150","saleId":"3419331A","executiveName":"William Silva"}}
{"timestamp":"2026-03-16T14:30:39.606Z","importId":3,"level":"WARN","message":"Linha 15852: Pontuação é 0 ou null","category":"PONTUACAO","context":{"rowNumber":15852,"points":0,"cnpj":"14856315000140","saleId":"3419351A","executiveName":"Grasiele Nascimento"}}
{"timestamp":"2026-03-16T14:30:39.611Z","importId":3,"level":"WARN","message":"Linha 15855: Pontuação é 0 ou null","category":"PONTUACAO","context":{"rowNumber":15855,"points":0,"cnpj":"55519087000108","saleId":"3419348A","executiveName":"Kelly Furno"}}
{"timestamp":"2026-03-16T14:30:39.613Z","importId":3,"level":"WARN","message":"Linha 15856: Pontuação é 0 ou null","category":"PONTUACAO","context":{"rowNumber":15856,"points":0,"cnpj":"55519087000108","saleId":"3419347A","executiveName":"Kelly Furno"}}
{"timestamp":"2026-03-16T14:30:39.626Z","importId":3,"level":"WARN","message":"Linha 15865: Pontuação é 0 ou null","category":"PONTUACAO","context":{"rowNumber":15865,"points":0,"cnpj":"28545753000100","saleId":"3419337A","executiveName":"Grasiele Nascimento"}}
{"timestamp":"2026-03-16T14:30:39.627Z","importId":3,"level":"WARN","message":"Linha 15866: Pontuação é 0 ou null","category":"PONTUACAO","context":{"rowNumber":15866,"points":0,"cnpj":"28545753000100","saleId":"3419336A","executiveName":"Grasiele Nascimento"}}
{"timestamp":"2026-03-16T14:30:39.629Z","importId":3,"level":"WARN","message":"Linha 15867: Pontuação é 0 ou null","category":"PONTUACAO","context":{"rowNumber":15867,"points":0,"cnpj":"26203213000104","saleId":"3419335A","executiveName":"Roberto Garbin"}}
{"timestamp":"2026-03-16T14:30:39.631Z","importId":3,"level":"WARN","message":"Linha 15868: Pontuação é 0 ou null","category":"PONTUACAO","context":{"rowNumber":15868,"points":0,"cnpj":"26203213000104","saleId":"3419334A","executiveName":"Roberto Garbin"}}
{"timestamp":"2026-03-16T14:30:39.637Z","importId":3,"level":"WARN","message":"Linha 15871: Pontuação é 0 ou null","category":"PONTUACAO","context":{"rowNumber":15871,"points":0,"cnpj":"48415020000150","saleId":"3419330A","executiveName":"William Silva"}}
{"timestamp":"2026-03-16T14:30:39.795Z","importId":3,"level":"WARN","message":"Linha 16007: Pontuação é 0 ou null","category":"PONTUACAO","context":{"rowNumber":16007,"points":0,"cnpj":"65549586000193","saleId":"3419036A","executiveName":"Cristiano Dafre"}}
{"timestamp":"2026-03-16T14:30:39.867Z","importId":3,"level":"WARN","message":"Linha 16066: Pontuação é 0 ou null","category":"PONTUACAO","context":{"rowNumber":16066,"points":0,"cnpj":"13744379000196","saleId":"3418929A","executiveName":"Elza Lara"}}
{"timestamp":"2026-03-16T14:30:39.873Z","importId":3,"level":"WARN","message":"Linha 16071: Pontuação é 0 ou null","category":"PONTUACAO","context":{"rowNumber":16071,"points":0,"cnpj":"57608093000159","saleId":"3418924A","executiveName":"Cristiano Dafre"}}
{"timestamp":"2026-03-16T14:30:39.887Z","importId":3,"level":"WARN","message":"Linha 16081: Pontuação é 0 ou null","category":"PONTUACAO","context":{"rowNumber":16081,"points":0,"cnpj":"54235752000160","saleId":"3418877A","executiveName":"Elza Lara"}}
{"timestamp":"2026-03-16T14:30:39.895Z","importId":3,"level":"WARN","message":"Linha 16086: Pontuação é 0 ou null","category":"PONTUACAO","context":{"rowNumber":16086,"points":0,"cnpj":"52510684000175","saleId":"3418873A","executiveName":"Maira Vallim"}}
{"timestamp":"2026-03-16T14:30:39.956Z","importId":3,"level":"WARN","message":"Linha 16129: Pontuação é 0 ou null","category":"PONTUACAO","context":{"rowNumber":16129,"points":0,"cnpj":"57954299000211","saleId":"3419236A","executiveName":"Ricardo Bueno"}}
{"timestamp":"2026-03-16T14:30:40.017Z","importId":3,"level":"WARN","message":"Linha 16182: Pontuação é 0 ou null","category":"PONTUACAO","context":{"rowNumber":16182,"points":0,"cnpj":"57954299000211","saleId":"3419267A","executiveName":"Ricardo Bueno"}}
{"timestamp":"2026-03-16T14:30:40.091Z","importId":3,"level":"WARN","message":"Linha 16245: Pontuação é 0 ou null","category":"PONTUACAO","context":{"rowNumber":16245,"points":0,"cnpj":"07068285000141","saleId":"3422595A","executiveName":"Ricardo Bueno"}}
{"timestamp":"2026-03-16T14:30:41.038Z","importId":3,"level":"WARN","message":"Linha 17000: Pontuação é 0 ou null","category":"PONTUACAO","context":{"rowNumber":17000,"points":0,"cnpj":"10808506000185","saleId":"3423270A","executiveName":"Elza Lara"}}
{"timestamp":"2026-03-16T14:30:41.041Z","importId":3,"level":"WARN","message":"Linha 17001: Pontuação é 0 ou null","category":"PONTUACAO","context":{"rowNumber":17001,"points":0,"cnpj":"10808506000185","saleId":"3423269A","executiveName":"Elza Lara"}}
{"timestamp":"2026-03-16T14:30:41.048Z","importId":3,"level":"WARN","message":"Linha 17004: Pontuação é 0 ou null","category":"PONTUACAO","context":{"rowNumber":17004,"points":0,"cnpj":"20650638000185","saleId":"3423266A","executiveName":"Walter Junior"}}
{"timestamp":"2026-03-16T14:30:41.050Z","importId":3,"level":"WARN","message":"Linha 17005: Pontuação é 0 ou null","category":"PONTUACAO","context":{"rowNumber":17005,"points":0,"cnpj":"48186332000139","saleId":"3423250A","executiveName":"Ricardo Morais"}}
{"timestamp":"2026-03-16T14:30:41.055Z","importId":3,"level":"WARN","message":"Linha 17007: Pontuação é 0 ou null","category":"PONTUACAO","context":{"rowNumber":17007,"points":0,"cnpj":"04545594000177","saleId":"3423248A","executiveName":"Pasquale Neto"}}
{"timestamp":"2026-03-16T14:30:41.057Z","importId":3,"level":"WARN","message":"Linha 17008: Pontuação é 0 ou null","category":"PONTUACAO","context":{"rowNumber":17008,"points":0,"cnpj":"04545594000177","saleId":"3423247A","executiveName":"Pasquale Neto"}}
{"timestamp":"2026-03-16T14:30:41.059Z","importId":3,"level":"WARN","message":"Linha 17009: Pontuação é 0 ou null","category":"PONTUACAO","context":{"rowNumber":17009,"points":0,"cnpj":"04545594000177","saleId":"3423246A","executiveName":"Pasquale Neto"}}
{"timestamp":"2026-03-16T14:30:41.062Z","importId":3,"level":"WARN","message":"Linha 17010: Pontuação é 0 ou null","category":"PONTUACAO","context":{"rowNumber":17010,"points":0,"cnpj":"04545594000177","saleId":"3423245A","executiveName":"Pasquale Neto"}}
{"timestamp":"2026-03-16T14:30:41.064Z","importId":3,"level":"WARN","message":"Linha 17011: Pontuação é 0 ou null","category":"PONTUACAO","context":{"rowNumber":17011,"points":0,"cnpj":"06698980000124","saleId":"3423244A","executiveName":"Cristiano Dafre"}}
{"timestamp":"2026-03-16T14:30:41.066Z","importId":3,"level":"WARN","message":"Linha 17012: Pontuação é 0 ou null","category":"PONTUACAO","context":{"rowNumber":17012,"points":0,"cnpj":"09303245000162","saleId":"3423243A","executiveName":"William Silva"}}
{"timestamp":"2026-03-16T14:30:41.070Z","importId":3,"level":"WARN","message":"Linha 17014: Pontuação é 0 ou null","category":"PONTUACAO","context":{"rowNumber":17014,"points":0,"cnpj":"60496783000178","saleId":"3423241A","executiveName":"Ricardo Morais"}}
{"timestamp":"2026-03-16T14:30:41.079Z","importId":3,"level":"WARN","message":"Linha 17020: Pontuação é 0 ou null","category":"PONTUACAO","context":{"rowNumber":17020,"points":0,"cnpj":"13616531000155","saleId":"3423235A","executiveName":"Pasquale Neto"}}
{"timestamp":"2026-03-16T14:30:41.081Z","importId":3,"level":"WARN","message":"Linha 17021: Pontuação é 0 ou null","category":"PONTUACAO","context":{"rowNumber":17021,"points":0,"cnpj":"10808506000185","saleId":"3423271A","executiveName":"Elza Lara"}}
{"timestamp":"2026-03-16T14:30:41.083Z","importId":3,"level":"WARN","message":"Linha 17022: Pontuação é 0 ou null","category":"PONTUACAO","context":{"rowNumber":17022,"points":0,"cnpj":"10808506000185","saleId":"3423272A","executiveName":"Elza Lara"}}
{"timestamp":"2026-03-16T14:30:41.092Z","importId":3,"level":"WARN","message":"Linha 17027: Pontuação é 0 ou null","category":"PONTUACAO","context":{"rowNumber":17027,"points":0,"cnpj":"20536275000151","saleId":"3423296A","executiveName":"Elza Lara"}}
{"timestamp":"2026-03-16T14:30:41.098Z","importId":3,"level":"WARN","message":"Linha 17031: Pontuação é 0 ou null","category":"PONTUACAO","context":{"rowNumber":17031,"points":0,"cnpj":"28545753000100","saleId":"3423292A","executiveName":"Grasiele Nascimento"}}
{"timestamp":"2026-03-16T14:30:41.100Z","importId":3,"level":"WARN","message":"Linha 17032: Pontuação é 0 ou null","category":"PONTUACAO","context":{"rowNumber":17032,"points":0,"cnpj":"28545753000100","saleId":"3423291A","executiveName":"Grasiele Nascimento"}}
{"timestamp":"2026-03-16T14:30:41.102Z","importId":3,"level":"WARN","message":"Linha 17033: Pontuação é 0 ou null","category":"PONTUACAO","context":{"rowNumber":17033,"points":0,"cnpj":"09349924000172","saleId":"3423290A","executiveName":"Armando Soares"}}
{"timestamp":"2026-03-16T14:30:41.107Z","importId":3,"level":"WARN","message":"Linha 17035: Pontuação é 0 ou null","category":"PONTUACAO","context":{"rowNumber":17035,"points":0,"cnpj":"13616531000155","saleId":"3423234A","executiveName":"Pasquale Neto"}}
{"timestamp":"2026-03-16T14:30:41.120Z","importId":3,"level":"WARN","message":"Linha 17044: Pontuação é 0 ou null","category":"PONTUACAO","context":{"rowNumber":17044,"points":0,"cnpj":"15875000000102","saleId":"3423279A","executiveName":"Elza Lara"}}
{"timestamp":"2026-03-16T14:30:41.123Z","importId":3,"level":"WARN","message":"Linha 17045: Pontuação é 0 ou null","category":"PONTUACAO","context":{"rowNumber":17045,"points":0,"cnpj":"15875000000102","saleId":"3423278A","executiveName":"Elza Lara"}}
{"timestamp":"2026-03-16T14:30:41.126Z","importId":3,"level":"WARN","message":"Linha 17047: Pontuação é 0 ou null","category":"PONTUACAO","context":{"rowNumber":17047,"points":0,"cnpj":"01453971000150","saleId":"3423287A","executiveName":"Claudia Dias"}}
{"timestamp":"2026-03-16T14:30:41.132Z","importId":3,"level":"WARN","message":"Linha 17050: Pontuação é 0 ou null","category":"PONTUACAO","context":{"rowNumber":17050,"points":0,"cnpj":"12100779000104","saleId":"3423230A","executiveName":"Carlos Brito"}}
{"timestamp":"2026-03-16T14:30:41.172Z","importId":3,"level":"WARN","message":"Linha 17076: Pontuação é 0 ou null","category":"PONTUACAO","context":{"rowNumber":17076,"points":0,"cnpj":"10880027000170","saleId":"3423229A","executiveName":"Ricardo Morais"}}
{"timestamp":"2026-03-16T14:30:41.177Z","importId":3,"level":"WARN","message":"Linha 17079: Pontuação é 0 ou null","category":"PONTUACAO","context":{"rowNumber":17079,"points":0,"cnpj":"96682836000192","saleId":"3423226A","executiveName":"Marlon Wander"}}
{"timestamp":"2026-03-16T14:30:41.189Z","importId":3,"level":"WARN","message":"Linha 17086: Pontuação é 0 ou null","category":"PONTUACAO","context":{"rowNumber":17086,"points":0,"cnpj":"12100779000104","saleId":"3423231A","executiveName":"Carlos Brito"}}
{"timestamp":"2026-03-16T14:30:41.191Z","importId":3,"level":"WARN","message":"Linha 17087: Pontuação é 0 ou null","category":"PONTUACAO","context":{"rowNumber":17087,"points":0,"cnpj":"55915565000190","saleId":"3423214A","executiveName":"Pasquale Neto"}}
{"timestamp":"2026-03-16T14:30:41.194Z","importId":3,"level":"WARN","message":"Linha 17088: Pontuação é 0 ou null","category":"PONTUACAO","context":{"rowNumber":17088,"points":0,"cnpj":"07709889000120","saleId":"3423212A","executiveName":"Carlos Brito"}}
{"timestamp":"2026-03-16T14:30:41.201Z","importId":3,"level":"WARN","message":"Linha 17093: Pontuação é 0 ou null","category":"PONTUACAO","context":{"rowNumber":17093,"points":0,"cnpj":"28845497000168","saleId":"3423198A","executiveName":"Karla Reis"}}
{"timestamp":"2026-03-16T14:30:41.203Z","importId":3,"level":"WARN","message":"Linha 17094: Pontuação é 0 ou null","category":"PONTUACAO","context":{"rowNumber":17094,"points":0,"cnpj":"28845497000168","saleId":"3423197A","executiveName":"Karla Reis"}}
{"timestamp":"2026-03-16T14:30:41.207Z","importId":3,"level":"WARN","message":"Linha 17095: Pontuação é 0 ou null","category":"PONTUACAO","context":{"rowNumber":17095,"points":0,"cnpj":"28845497000168","saleId":"3423196A","executiveName":"Karla Reis"}}
{"timestamp":"2026-03-16T14:30:41.208Z","importId":3,"level":"WARN","message":"Linha 17096: Pontuação é 0 ou null","category":"PONTUACAO","context":{"rowNumber":17096,"points":0,"cnpj":"01004367000146","saleId":"3423192A","executiveName":"Marlon Wander"}}
{"timestamp":"2026-03-16T14:30:41.210Z","importId":3,"level":"WARN","message":"Linha 17097: Pontuação é 0 ou null","category":"PONTUACAO","context":{"rowNumber":17097,"points":0,"cnpj":"12100779000104","saleId":"3423191A","executiveName":"Carlos Brito"}}
{"timestamp":"2026-03-16T14:30:41.213Z","importId":3,"level":"WARN","message":"Linha 17098: Pontuação é 0 ou null","category":"PONTUACAO","context":{"rowNumber":17098,"points":0,"cnpj":"07709889000120","saleId":"3423213A","executiveName":"Carlos Brito"}}
{"timestamp":"2026-03-16T14:30:41.219Z","importId":3,"level":"WARN","message":"Linha 17102: Pontuação é 0 ou null","category":"PONTUACAO","context":{"rowNumber":17102,"points":0,"cnpj":"08305650000157","saleId":"3426318A","executiveName":"Carlos Brito"}}
{"timestamp":"2026-03-16T14:30:41.221Z","importId":3,"level":"WARN","message":"Linha 17103: Pontuação é 0 ou null","category":"PONTUACAO","context":{"rowNumber":17103,"points":0,"cnpj":"08305650000157","saleId":"3426317A","executiveName":"Carlos Brito"}}
{"timestamp":"2026-03-16T14:30:41.223Z","importId":3,"level":"WARN","message":"Linha 17104: Pontuação é 0 ou null","category":"PONTUACAO","context":{"rowNumber":17104,"points":0,"cnpj":"96194733000183","saleId":"3426229A","executiveName":"Ricardo Morais"}}
{"timestamp":"2026-03-16T14:30:41.227Z","importId":3,"level":"WARN","message":"Linha 17105: Pontuação é 0 ou null","category":"PONTUACAO","context":{"rowNumber":17105,"points":0,"cnpj":"96194733000183","saleId":"3426228A","executiveName":"Ricardo Morais"}}
{"timestamp":"2026-03-16T14:30:41.229Z","importId":3,"level":"WARN","message":"Linha 17106: Pontuação é 0 ou null","category":"PONTUACAO","context":{"rowNumber":17106,"points":0,"cnpj":"96194733000183","saleId":"3426227A","executiveName":"Ricardo Morais"}}
{"timestamp":"2026-03-16T14:30:41.231Z","importId":3,"level":"WARN","message":"Linha 17107: Pontuação é 0 ou null","category":"PONTUACAO","context":{"rowNumber":17107,"points":0,"cnpj":"96194733000183","saleId":"3426226A","executiveName":"Ricardo Morais"}}
{"timestamp":"2026-03-16T14:30:41.233Z","importId":3,"level":"WARN","message":"Linha 17108: Pontuação é 0 ou null","category":"PONTUACAO","context":{"rowNumber":17108,"points":0,"cnpj":"50592007000118","saleId":"3426171A","executiveName":"Marlon Wander"}}
{"timestamp":"2026-03-16T14:30:41.238Z","importId":3,"level":"WARN","message":"Linha 17111: Pontuação é 0 ou null","category":"PONTUACAO","context":{"rowNumber":17111,"points":0,"cnpj":"74237884000139","saleId":"3426164A","executiveName":"Walter Junior"}}
{"timestamp":"2026-03-16T14:30:41.240Z","importId":3,"level":"WARN","message":"Linha 17112: Pontuação é 0 ou null","category":"PONTUACAO","context":{"rowNumber":17112,"points":0,"cnpj":"74237884000139","saleId":"3426163A","executiveName":"Walter Junior"}}
{"timestamp":"2026-03-16T14:30:41.242Z","importId":3,"level":"WARN","message":"Linha 17113: Pontuação é 0 ou null","category":"PONTUACAO","context":{"rowNumber":17113,"points":0,"cnpj":"28209105000174","saleId":"3426137A","executiveName":"Ronaldo Coelho"}}
{"timestamp":"2026-03-16T14:30:41.246Z","importId":3,"level":"WARN","message":"Linha 17114: Pontuação é 0 ou null","category":"PONTUACAO","context":{"rowNumber":17114,"points":0,"cnpj":"28209105000174","saleId":"3426136A","executiveName":"Ronaldo Coelho"}}
{"timestamp":"2026-03-16T14:30:41.249Z","importId":3,"level":"WARN","message":"Linha 17115: Pontuação é 0 ou null","category":"PONTUACAO","context":{"rowNumber":17115,"points":0,"cnpj":"07868518000190","saleId":"3426065A","executiveName":"Luana Fagundes"}}
{"timestamp":"2026-03-16T14:30:41.251Z","importId":3,"level":"WARN","message":"Linha 17116: Pontuação é 0 ou null","category":"PONTUACAO","context":{"rowNumber":17116,"points":0,"cnpj":"07868518000190","saleId":"3426064A","executiveName":"Luana Fagundes"}}
{"timestamp":"2026-03-16T14:30:41.259Z","importId":3,"level":"WARN","message":"Linha 17122: Pontuação é 0 ou null","category":"PONTUACAO","context":{"rowNumber":17122,"points":0,"cnpj":"11327041000103","saleId":"3423922A","executiveName":"Marlon Wander"}}
{"timestamp":"2026-03-16T14:30:41.262Z","importId":3,"level":"WARN","message":"Linha 17123: Pontuação é 0 ou null","category":"PONTUACAO","context":{"rowNumber":17123,"points":0,"cnpj":"10879876000103","saleId":"3426319A","executiveName":"Carlos Barbassa"}}
{"timestamp":"2026-03-16T14:30:41.264Z","importId":3,"level":"WARN","message":"Linha 17124: Pontuação é 0 ou null","category":"PONTUACAO","context":{"rowNumber":17124,"points":0,"cnpj":"74557760000130","saleId":"3426328A","executiveName":"Claudia Dias"}}
{"timestamp":"2026-03-16T14:30:41.268Z","importId":3,"level":"WARN","message":"Linha 17125: Pontuação é 0 ou null","category":"PONTUACAO","context":{"rowNumber":17125,"points":0,"cnpj":"12100779000104","saleId":"3426383A","executiveName":"Carlos Brito"}}
{"timestamp":"2026-03-16T14:30:41.271Z","importId":3,"level":"WARN","message":"Linha 17126: Pontuação é 0 ou null","category":"PONTUACAO","context":{"rowNumber":17126,"points":0,"cnpj":"26273466000154","saleId":"3426403A","executiveName":"Marlon Wander"}}
{"timestamp":"2026-03-16T14:30:41.273Z","importId":3,"level":"WARN","message":"Linha 17128: Pontuação é 0 ou null","category":"PONTUACAO","context":{"rowNumber":17128,"points":0,"cnpj":"21211391000163","saleId":"3426482A","executiveName":"Maira Vallim"}}
{"timestamp":"2026-03-16T14:30:41.276Z","importId":3,"level":"WARN","message":"Linha 17129: Pontuação é 0 ou null","category":"PONTUACAO","context":{"rowNumber":17129,"points":0,"cnpj":"21211391000163","saleId":"3426481A","executiveName":"Maira Vallim"}}
{"timestamp":"2026-03-16T14:30:41.277Z","importId":3,"level":"WARN","message":"Linha 17130: Pontuação é 0 ou null","category":"PONTUACAO","context":{"rowNumber":17130,"points":0,"cnpj":"21211391000163","saleId":"3426480A","executiveName":"Maira Vallim"}}
{"timestamp":"2026-03-16T14:30:41.280Z","importId":3,"level":"WARN","message":"Linha 17131: Pontuação é 0 ou null","category":"PONTUACAO","context":{"rowNumber":17131,"points":0,"cnpj":"21211391000163","saleId":"3426479A","executiveName":"Maira Vallim"}}
{"timestamp":"2026-03-16T14:30:41.282Z","importId":3,"level":"WARN","message":"Linha 17132: Pontuação é 0 ou null","category":"PONTUACAO","context":{"rowNumber":17132,"points":0,"cnpj":"29871389000122","saleId":"3426461A","executiveName":"Kelly Furno"}}
{"timestamp":"2026-03-16T14:30:41.283Z","importId":3,"level":"WARN","message":"Linha 17133: Pontuação é 0 ou null","category":"PONTUACAO","context":{"rowNumber":17133,"points":0,"cnpj":"29871389000122","saleId":"3426460A","executiveName":"Kelly Furno"}}
{"timestamp":"2026-03-16T14:30:41.285Z","importId":3,"level":"WARN","message":"Linha 17134: Pontuação é 0 ou null","category":"PONTUACAO","context":{"rowNumber":17134,"points":0,"cnpj":"21500740000167","saleId":"3426449A","executiveName":"Marlon Wander"}}
{"timestamp":"2026-03-16T14:30:41.289Z","importId":3,"level":"WARN","message":"Linha 17135: Pontuação é 0 ou null","category":"PONTUACAO","context":{"rowNumber":17135,"points":0,"cnpj":"21500740000167","saleId":"3426448A","executiveName":"Marlon Wander"}}
{"timestamp":"2026-03-16T14:30:41.293Z","importId":3,"level":"WARN","message":"Linha 17136: Pontuação é 0 ou null","category":"PONTUACAO","context":{"rowNumber":17136,"points":0,"cnpj":"21500740000167","saleId":"3426447A","executiveName":"Marlon Wander"}}
{"timestamp":"2026-03-16T14:30:41.294Z","importId":3,"level":"WARN","message":"Linha 17137: Pontuação é 0 ou null","category":"PONTUACAO","context":{"rowNumber":17137,"points":0,"cnpj":"11327041000103","saleId":"3423921A","executiveName":"Marlon Wander"}}
{"timestamp":"2026-03-16T14:30:41.296Z","importId":3,"level":"WARN","message":"Linha 17138: Pontuação é 0 ou null","category":"PONTUACAO","context":{"rowNumber":17138,"points":0,"cnpj":"21500740000167","saleId":"3426446A","executiveName":"Marlon Wander"}}
{"timestamp":"2026-03-16T14:30:41.298Z","importId":3,"level":"WARN","message":"Linha 17139: Pontuação é 0 ou null","category":"PONTUACAO","context":{"rowNumber":17139,"points":0,"cnpj":"21500740000167","saleId":"3426444A","executiveName":"Marlon Wander"}}
{"timestamp":"2026-03-16T14:30:41.301Z","importId":3,"level":"WARN","message":"Linha 17140: Pontuação é 0 ou null","category":"PONTUACAO","context":{"rowNumber":17140,"points":0,"cnpj":"53107595000145","saleId":"3426438A","executiveName":"Walter Junior"}}
{"timestamp":"2026-03-16T14:30:41.303Z","importId":3,"level":"WARN","message":"Linha 17141: Pontuação é 0 ou null","category":"PONTUACAO","context":{"rowNumber":17141,"points":0,"cnpj":"01453971000150","saleId":"3426432A","executiveName":"Claudia Dias"}}
{"timestamp":"2026-03-16T14:30:41.304Z","importId":3,"level":"WARN","message":"Linha 17142: Pontuação é 0 ou null","category":"PONTUACAO","context":{"rowNumber":17142,"points":0,"cnpj":"01453971000150","saleId":"3426431A","executiveName":"Claudia Dias"}}
{"timestamp":"2026-03-16T14:30:41.307Z","importId":3,"level":"WARN","message":"Linha 17143: Pontuação é 0 ou null","category":"PONTUACAO","context":{"rowNumber":17143,"points":0,"cnpj":"01453971000150","saleId":"3426430A","executiveName":"Claudia Dias"}}
{"timestamp":"2026-03-16T14:30:41.309Z","importId":3,"level":"WARN","message":"Linha 17144: Pontuação é 0 ou null","category":"PONTUACAO","context":{"rowNumber":17144,"points":0,"cnpj":"01453971000150","saleId":"3426429A","executiveName":"Claudia Dias"}}
{"timestamp":"2026-03-16T14:30:41.311Z","importId":3,"level":"WARN","message":"Linha 17145: Pontuação é 0 ou null","category":"PONTUACAO","context":{"rowNumber":17145,"points":0,"cnpj":"11820109000191","saleId":"3426411A","executiveName":"Soraya Romano"}}
{"timestamp":"2026-03-16T14:30:41.315Z","importId":3,"level":"WARN","message":"Linha 17146: Pontuação é 0 ou null","category":"PONTUACAO","context":{"rowNumber":17146,"points":0,"cnpj":"26273466000154","saleId":"3426406A","executiveName":"Marlon Wander"}}
{"timestamp":"2026-03-16T14:30:41.317Z","importId":3,"level":"WARN","message":"Linha 17147: Pontuação é 0 ou null","category":"PONTUACAO","context":{"rowNumber":17147,"points":0,"cnpj":"26273466000154","saleId":"3426405A","executiveName":"Marlon Wander"}}
{"timestamp":"2026-03-16T14:30:41.320Z","importId":3,"level":"WARN","message":"Linha 17148: Pontuação é 0 ou null","category":"PONTUACAO","context":{"rowNumber":17148,"points":0,"cnpj":"26273466000154","saleId":"3426404A","executiveName":"Marlon Wander"}}
{"timestamp":"2026-03-16T14:30:41.323Z","importId":3,"level":"WARN","message":"Linha 17149: Pontuação é 0 ou null","category":"PONTUACAO","context":{"rowNumber":17149,"points":0,"cnpj":"21500740000167","saleId":"3426445A","executiveName":"Marlon Wander"}}
{"timestamp":"2026-03-16T14:30:41.327Z","importId":3,"level":"WARN","message":"Linha 17151: Pontuação é 0 ou null","category":"PONTUACAO","context":{"rowNumber":17151,"points":0,"cnpj":"15460950000176","saleId":"3423913A","executiveName":"Carlos Brito"}}
{"timestamp":"2026-03-16T14:30:41.329Z","importId":3,"level":"WARN","message":"Linha 17152: Pontuação é 0 ou null","category":"PONTUACAO","context":{"rowNumber":17152,"points":0,"cnpj":"15460950000176","saleId":"3423911A","executiveName":"Carlos Brito"}}
{"timestamp":"2026-03-16T14:30:41.332Z","importId":3,"level":"WARN","message":"Linha 17154: Pontuação é 0 ou null","category":"PONTUACAO","context":{"rowNumber":17154,"points":0,"cnpj":"32104770000170","saleId":"3423324A","executiveName":"Andrea Cordovil"}}
{"timestamp":"2026-03-16T14:30:41.335Z","importId":3,"level":"WARN","message":"Linha 17155: Pontuação é 0 ou null","category":"PONTUACAO","context":{"rowNumber":17155,"points":0,"cnpj":"41369871000164","saleId":"3423323A","executiveName":"Marlon Wander"}}
{"timestamp":"2026-03-16T14:30:41.337Z","importId":3,"level":"WARN","message":"Linha 17156: Pontuação é 0 ou null","category":"PONTUACAO","context":{"rowNumber":17156,"points":0,"cnpj":"41369871000164","saleId":"3423322A","executiveName":"Marlon Wander"}}
{"timestamp":"2026-03-16T14:30:41.339Z","importId":3,"level":"WARN","message":"Linha 17157: Pontuação é 0 ou null","category":"PONTUACAO","context":{"rowNumber":17157,"points":0,"cnpj":"41369871000164","saleId":"3423321A","executiveName":"Marlon Wander"}}
{"timestamp":"2026-03-16T14:30:41.345Z","importId":3,"level":"WARN","message":"Linha 17160: Pontuação é 0 ou null","category":"PONTUACAO","context":{"rowNumber":17160,"points":0,"cnpj":"43304326000115","saleId":"3423318A","executiveName":"Ricardo Bueno"}}
{"timestamp":"2026-03-16T14:30:41.354Z","importId":3,"level":"WARN","message":"Linha 17165: Pontuação é 0 ou null","category":"PONTUACAO","context":{"rowNumber":17165,"points":0,"cnpj":"03208191000170","saleId":"3423313A","executiveName":"Elza Lara"}}
{"timestamp":"2026-03-16T14:30:41.356Z","importId":3,"level":"WARN","message":"Linha 17166: Pontuação é 0 ou null","category":"PONTUACAO","context":{"rowNumber":17166,"points":0,"cnpj":"03208191000170","saleId":"3423312A","executiveName":"Elza Lara"}}
{"timestamp":"2026-03-16T14:30:41.360Z","importId":3,"level":"WARN","message":"Linha 17169: Pontuação é 0 ou null","category":"PONTUACAO","context":{"rowNumber":17169,"points":0,"cnpj":"36530292000111","saleId":"3423309A","executiveName":"Elza Lara"}}
{"timestamp":"2026-03-16T14:30:41.364Z","importId":3,"level":"WARN","message":"Linha 17171: Pontuação é 0 ou null","category":"PONTUACAO","context":{"rowNumber":17171,"points":0,"cnpj":"36530292000111","saleId":"3423307A","executiveName":"Elza Lara"}}
{"timestamp":"2026-03-16T14:30:41.373Z","importId":3,"level":"WARN","message":"Linha 17175: Pontuação é 0 ou null","category":"PONTUACAO","context":{"rowNumber":17175,"points":0,"cnpj":"29511890875","saleId":"3423327A","executiveName":"Soraya Romano"}}
{"timestamp":"2026-03-16T14:30:41.377Z","importId":3,"level":"WARN","message":"Linha 17177: Pontuação é 0 ou null","category":"PONTUACAO","context":{"rowNumber":17177,"points":0,"cnpj":"29511890875","saleId":"3423329A","executiveName":"Soraya Romano"}}
{"timestamp":"2026-03-16T14:30:41.379Z","importId":3,"level":"WARN","message":"Linha 17178: Pontuação é 0 ou null","category":"PONTUACAO","context":{"rowNumber":17178,"points":0,"cnpj":"15460950000176","saleId":"3423910A","executiveName":"Carlos Brito"}}
{"timestamp":"2026-03-16T14:30:41.381Z","importId":3,"level":"WARN","message":"Linha 17179: Pontuação é 0 ou null","category":"PONTUACAO","context":{"rowNumber":17179,"points":0,"cnpj":"15460950000176","saleId":"3423909A","executiveName":"Carlos Brito"}}
{"timestamp":"2026-03-16T14:30:41.384Z","importId":3,"level":"WARN","message":"Linha 17180: Pontuação é 0 ou null","category":"PONTUACAO","context":{"rowNumber":17180,"points":0,"cnpj":"15460950000176","saleId":"3423908A","executiveName":"Carlos Brito"}}
{"timestamp":"2026-03-16T14:30:41.385Z","importId":3,"level":"WARN","message":"Linha 17181: Pontuação é 0 ou null","category":"PONTUACAO","context":{"rowNumber":17181,"points":0,"cnpj":"15006080000160","saleId":"3423897A","executiveName":"Pasquale Neto"}}
{"timestamp":"2026-03-16T14:30:41.387Z","importId":3,"level":"WARN","message":"Linha 17182: Pontuação é 0 ou null","category":"PONTUACAO","context":{"rowNumber":17182,"points":0,"cnpj":"15006080000160","saleId":"3423896A","executiveName":"Pasquale Neto"}}
{"timestamp":"2026-03-16T14:30:41.395Z","importId":3,"level":"WARN","message":"Linha 17186: Pontuação é 0 ou null","category":"PONTUACAO","context":{"rowNumber":17186,"points":0,"cnpj":"11925927000159","saleId":"3423471A","executiveName":"Carlos Barbassa"}}
{"timestamp":"2026-03-16T14:30:41.397Z","importId":3,"level":"WARN","message":"Linha 17187: Pontuação é 0 ou null","category":"PONTUACAO","context":{"rowNumber":17187,"points":0,"cnpj":"15006080000160","saleId":"3423467A","executiveName":"Pasquale Neto"}}
{"timestamp":"2026-03-16T14:30:41.399Z","importId":3,"level":"WARN","message":"Linha 17188: Pontuação é 0 ou null","category":"PONTUACAO","context":{"rowNumber":17188,"points":0,"cnpj":"15460950000176","saleId":"3423912A","executiveName":"Carlos Brito"}}
{"timestamp":"2026-03-16T14:30:41.401Z","importId":3,"level":"WARN","message":"Linha 17189: Pontuação é 0 ou null","category":"PONTUACAO","context":{"rowNumber":17189,"points":0,"cnpj":"20470627000113","saleId":"3423455A","executiveName":"Andrea Cordovil"}}
{"timestamp":"2026-03-16T14:30:41.406Z","importId":3,"level":"WARN","message":"Linha 17191: Pontuação é 0 ou null","category":"PONTUACAO","context":{"rowNumber":17191,"points":0,"cnpj":"32734735000135","saleId":"3423402A","executiveName":"Cristiano Dafre"}}
{"timestamp":"2026-03-16T14:30:41.408Z","importId":3,"level":"WARN","message":"Linha 17192: Pontuação é 0 ou null","category":"PONTUACAO","context":{"rowNumber":17192,"points":0,"cnpj":"57608093000159","saleId":"3423400A","executiveName":"Cristiano Dafre"}}
{"timestamp":"2026-03-16T14:30:41.414Z","importId":3,"level":"WARN","message":"Linha 17195: Pontuação é 0 ou null","category":"PONTUACAO","context":{"rowNumber":17195,"points":0,"cnpj":"42873669000138","saleId":"3423336A","executiveName":"Karla Reis"}}
{"timestamp":"2026-03-16T14:30:41.415Z","importId":3,"level":"WARN","message":"Linha 17196: Pontuação é 0 ou null","category":"PONTUACAO","context":{"rowNumber":17196,"points":0,"cnpj":"42873669000138","saleId":"3423335A","executiveName":"Karla Reis"}}
{"timestamp":"2026-03-16T14:30:41.418Z","importId":3,"level":"WARN","message":"Linha 17197: Pontuação é 0 ou null","category":"PONTUACAO","context":{"rowNumber":17197,"points":0,"cnpj":"35756339000105","saleId":"3423332A","executiveName":"Marlon Wander"}}
{"timestamp":"2026-03-16T14:30:41.420Z","importId":3,"level":"WARN","message":"Linha 17198: Pontuação é 0 ou null","category":"PONTUACAO","context":{"rowNumber":17198,"points":0,"cnpj":"35756339000105","saleId":"3423331A","executiveName":"Marlon Wander"}}
{"timestamp":"2026-03-16T14:30:41.423Z","importId":3,"level":"WARN","message":"Linha 17200: Pontuação é 0 ou null","category":"PONTUACAO","context":{"rowNumber":17200,"points":0,"cnpj":"03677175000126","saleId":"3423443A","executiveName":"Rafaela Soares"}}
{"timestamp":"2026-03-16T14:30:41.732Z","importId":3,"level":"WARN","message":"Linha 17423: Pontuação é 0 ou null","category":"PONTUACAO","context":{"rowNumber":17423,"points":0,"cnpj":"79379491000183","saleId":"3421322A","executiveName":"Marlon Wander"}}
{"timestamp":"2026-03-16T14:30:41.845Z","importId":3,"level":"WARN","message":"Linha 17510: Pontuação é 0 ou null","category":"PONTUACAO","context":{"rowNumber":17510,"points":0,"cnpj":"24117034000129","saleId":"3421489A","executiveName":"Miguel Jenotti"}}
{"timestamp":"2026-03-16T14:30:41.847Z","importId":3,"level":"WARN","message":"Linha 17511: Pontuação é 0 ou null","category":"PONTUACAO","context":{"rowNumber":17511,"points":0,"cnpj":"24117034000129","saleId":"3421488A","executiveName":"Miguel Jenotti"}}
{"timestamp":"2026-03-16T14:30:41.852Z","importId":3,"level":"WARN","message":"Linha 17514: Pontuação é 0 ou null","category":"PONTUACAO","context":{"rowNumber":17514,"points":0,"cnpj":"04885442000113","saleId":"3421485A","executiveName":"Carlos Barbassa"}}
{"timestamp":"2026-03-16T14:30:41.858Z","importId":3,"level":"WARN","message":"Linha 17517: Pontuação é 0 ou null","category":"PONTUACAO","context":{"rowNumber":17517,"points":0,"cnpj":"11820109000191","saleId":"3421481A","executiveName":"Soraya Romano"}}
{"timestamp":"2026-03-16T14:30:41.861Z","importId":3,"level":"WARN","message":"Linha 17518: Pontuação é 0 ou null","category":"PONTUACAO","context":{"rowNumber":17518,"points":0,"cnpj":"11820109000191","saleId":"3421480A","executiveName":"Soraya Romano"}}
{"timestamp":"2026-03-16T14:30:41.863Z","importId":3,"level":"WARN","message":"Linha 17519: Pontuação é 0 ou null","category":"PONTUACAO","context":{"rowNumber":17519,"points":0,"cnpj":"66346800000177","saleId":"3421479A","executiveName":"Carlos Brito"}}
{"timestamp":"2026-03-16T14:30:41.869Z","importId":3,"level":"WARN","message":"Linha 17523: Pontuação é 0 ou null","category":"PONTUACAO","context":{"rowNumber":17523,"points":0,"cnpj":"40304172000173","saleId":"3421469A","executiveName":"Elza Lara"}}
{"timestamp":"2026-03-16T14:30:41.872Z","importId":3,"level":"WARN","message":"Linha 17524: Pontuação é 0 ou null","category":"PONTUACAO","context":{"rowNumber":17524,"points":0,"cnpj":"40304172000173","saleId":"3421468A","executiveName":"Elza Lara"}}
{"timestamp":"2026-03-16T14:30:41.880Z","importId":3,"level":"WARN","message":"Linha 17531: Pontuação é 0 ou null","category":"PONTUACAO","context":{"rowNumber":17531,"points":0,"cnpj":"24117034000129","saleId":"3421490A","executiveName":"Miguel Jenotti"}}
{"timestamp":"2026-03-16T14:30:41.884Z","importId":3,"level":"WARN","message":"Linha 17533: Pontuação é 0 ou null","category":"PONTUACAO","context":{"rowNumber":17533,"points":0,"cnpj":"31300477000116","saleId":"3421492A","executiveName":"Kelly Furno"}}
{"timestamp":"2026-03-16T14:30:41.886Z","importId":3,"level":"WARN","message":"Linha 17534: Pontuação é 0 ou null","category":"PONTUACAO","context":{"rowNumber":17534,"points":0,"cnpj":"31300477000116","saleId":"3421493A","executiveName":"Kelly Furno"}}
{"timestamp":"2026-03-16T14:30:41.892Z","importId":3,"level":"WARN","message":"Linha 17537: Pontuação é 0 ou null","category":"PONTUACAO","context":{"rowNumber":17537,"points":0,"cnpj":"53699400000101","saleId":"3421513A","executiveName":"Ricardo Morais"}}
{"timestamp":"2026-03-16T14:30:41.894Z","importId":3,"level":"WARN","message":"Linha 17538: Pontuação é 0 ou null","category":"PONTUACAO","context":{"rowNumber":17538,"points":0,"cnpj":"53699400000101","saleId":"3421512A","executiveName":"Ricardo Morais"}}
{"timestamp":"2026-03-16T14:30:41.911Z","importId":3,"level":"WARN","message":"Linha 17547: Pontuação é 0 ou null","category":"PONTUACAO","context":{"rowNumber":17547,"points":0,"cnpj":"30291107000105","saleId":"3421503A","executiveName":"Karla Reis"}}
{"timestamp":"2026-03-16T14:30:41.914Z","importId":3,"level":"WARN","message":"Linha 17548: Pontuação é 0 ou null","category":"PONTUACAO","context":{"rowNumber":17548,"points":0,"cnpj":"30291107000105","saleId":"3421502A","executiveName":"Karla Reis"}}
{"timestamp":"2026-03-16T14:30:41.916Z","importId":3,"level":"WARN","message":"Linha 17549: Pontuação é 0 ou null","category":"PONTUACAO","context":{"rowNumber":17549,"points":0,"cnpj":"30291107000105","saleId":"3421501A","executiveName":"Karla Reis"}}
{"timestamp":"2026-03-16T14:30:41.932Z","importId":3,"level":"WARN","message":"Linha 17556: Pontuação é 0 ou null","category":"PONTUACAO","context":{"rowNumber":17556,"points":0,"cnpj":"31300477000116","saleId":"3421494A","executiveName":"Kelly Furno"}}
{"timestamp":"2026-03-16T14:30:41.941Z","importId":3,"level":"WARN","message":"Linha 17563: Registro pulado - CNPJ/CPF é obrigatório","category":"VALIDACAO","context":{"rowNumber":17563,"reason":"Erro de validação","error":"CNPJ/CPF é obrigatório","rowData":null}}
{"timestamp":"2026-03-16T14:30:41.943Z","importId":3,"level":"ERROR","message":"Erro na linha 17563: CNPJ/CPF é obrigatório","category":"OUTROS","context":{"rowNumber":17563,"reason":"CNPJ/CPF é obrigatório"}}
{"timestamp":"2026-03-16T14:30:42.050Z","importId":3,"level":"WARN","message":"Linha 17646: Pontuação é 0 ou null","category":"PONTUACAO","context":{"rowNumber":17646,"points":0,"cnpj":"43304326000115","saleId":"3421002A","executiveName":"Ricardo Bueno"}}
{"timestamp":"2026-03-16T14:30:42.055Z","importId":3,"level":"WARN","message":"Linha 17649: Pontuação é 0 ou null","category":"PONTUACAO","context":{"rowNumber":17649,"points":0,"cnpj":"64787883000104","saleId":"3420997A","executiveName":"Andrea Cordovil"}}
{"timestamp":"2026-03-16T14:30:42.096Z","importId":3,"level":"WARN","message":"Linha 17680: Pontuação é 0 ou null","category":"PONTUACAO","context":{"rowNumber":17680,"points":0,"cnpj":"57608093000159","saleId":"3423215A","executiveName":"Cristiano Dafre"}}
{"timestamp":"2026-03-16T14:30:42.166Z","importId":3,"level":"WARN","message":"Linha 17733: Pontuação é 0 ou null","category":"PONTUACAO","context":{"rowNumber":17733,"points":0,"cnpj":"29028738000149","saleId":"3421131A","executiveName":"Carlos Barbassa"}}
{"timestamp":"2026-03-16T14:30:42.606Z","importId":3,"level":"WARN","message":"Linha 18070: Pontuação é 0 ou null","category":"PONTUACAO","context":{"rowNumber":18070,"points":0,"cnpj":"26203213000104","saleId":"3421603A","executiveName":"Roberto Garbin"}}
{"timestamp":"2026-03-16T14:30:42.655Z","importId":3,"level":"WARN","message":"Linha 18106: Pontuação é 0 ou null","category":"PONTUACAO","context":{"rowNumber":18106,"points":0,"cnpj":"26203213000104","saleId":"3421604A","executiveName":"Roberto Garbin"}}
{"timestamp":"2026-03-16T14:30:42.684Z","importId":3,"level":"WARN","message":"Linha 18128: Pontuação é 0 ou null","category":"PONTUACAO","context":{"rowNumber":18128,"points":0,"cnpj":"15505790000487","saleId":"3421888A","executiveName":"Carlos Brito"}}
{"timestamp":"2026-03-16T14:30:42.690Z","importId":3,"level":"WARN","message":"Linha 18133: Pontuação é 0 ou null","category":"PONTUACAO","context":{"rowNumber":18133,"points":0,"cnpj":"60963550000138","saleId":"3421883A","executiveName":"Marlon Wander"}}
{"timestamp":"2026-03-16T14:30:42.697Z","importId":3,"level":"WARN","message":"Linha 18136: Pontuação é 0 ou null","category":"PONTUACAO","context":{"rowNumber":18136,"points":0,"cnpj":"12100779000104","saleId":"3421879A","executiveName":"Carlos Brito"}}
{"timestamp":"2026-03-16T14:30:43.216Z","importId":3,"level":"WARN","message":"Linha 18551: Pontuação é 0 ou null","category":"PONTUACAO","context":{"rowNumber":18551,"points":0,"cnpj":"03022734000160","saleId":"206583M1703302","executiveName":"JUNIA CLEMENTE"}}
{"timestamp":"2026-03-16T14:30:43.531Z","importId":3,"level":"WARN","message":"Linha 18806: Pontuação é 0 ou null","category":"PONTUACAO","context":{"rowNumber":18806,"points":0,"cnpj":"46652376000181","saleId":"3424908A","executiveName":"Cristiano Dafre"}}
{"timestamp":"2026-03-16T14:30:43.539Z","importId":3,"level":"WARN","message":"Linha 18810: Pontuação é 0 ou null","category":"PONTUACAO","context":{"rowNumber":18810,"points":0,"cnpj":"46652376000181","saleId":"3424906A","executiveName":"Cristiano Dafre"}}
{"timestamp":"2026-03-16T14:30:43.585Z","importId":3,"level":"WARN","message":"Linha 18842: Pontuação é 0 ou null","category":"PONTUACAO","context":{"rowNumber":18842,"points":0,"cnpj":"12100779000104","saleId":"3424965A","executiveName":"Carlos Brito"}}
{"timestamp":"2026-03-16T14:30:43.948Z","importId":3,"level":"WARN","message":"Linha 19113: Pontuação é 0 ou null","category":"PONTUACAO","context":{"rowNumber":19113,"points":0,"cnpj":"57608093000159","saleId":"3426764A","executiveName":"Cristiano Dafre"}}
{"timestamp":"2026-03-16T14:30:43.956Z","importId":3,"level":"WARN","message":"Linha 19117: Pontuação é 0 ou null","category":"PONTUACAO","context":{"rowNumber":19117,"points":0,"cnpj":"36417780000117","saleId":"3425925A","executiveName":"Kelly Furno"}}
{"timestamp":"2026-03-16T14:30:43.961Z","importId":3,"level":"WARN","message":"Linha 19119: Pontuação é 0 ou null","category":"PONTUACAO","context":{"rowNumber":19119,"points":0,"cnpj":"27412036000139","saleId":"3425874A","executiveName":"Elza Lara"}}
{"timestamp":"2026-03-16T14:30:43.962Z","importId":3,"level":"WARN","message":"Linha 19120: Pontuação é 0 ou null","category":"PONTUACAO","context":{"rowNumber":19120,"points":0,"cnpj":"27412036000139","saleId":"3425859A","executiveName":"Elza Lara"}}
{"timestamp":"2026-03-16T14:30:43.964Z","importId":3,"level":"WARN","message":"Linha 19121: Pontuação é 0 ou null","category":"PONTUACAO","context":{"rowNumber":19121,"points":0,"cnpj":"10880027000170","saleId":"3425843A","executiveName":"Ricardo Morais"}}
{"timestamp":"2026-03-16T14:30:43.976Z","importId":3,"level":"WARN","message":"Linha 19128: Pontuação é 0 ou null","category":"PONTUACAO","context":{"rowNumber":19128,"points":0,"cnpj":"12627877000196","saleId":"3425831A","executiveName":"Karla Reis"}}
{"timestamp":"2026-03-16T14:30:43.980Z","importId":3,"level":"WARN","message":"Linha 19129: Pontuação é 0 ou null","category":"PONTUACAO","context":{"rowNumber":19129,"points":0,"cnpj":"12627877000196","saleId":"3425830A","executiveName":"Karla Reis"}}
{"timestamp":"2026-03-16T14:30:43.981Z","importId":3,"level":"WARN","message":"Linha 19130: Pontuação é 0 ou null","category":"PONTUACAO","context":{"rowNumber":19130,"points":0,"cnpj":"41731303000161","saleId":"3425829A","executiveName":"Cristiano Dafre"}}
{"timestamp":"2026-03-16T14:30:43.984Z","importId":3,"level":"WARN","message":"Linha 19131: Pontuação é 0 ou null","category":"PONTUACAO","context":{"rowNumber":19131,"points":0,"cnpj":"41731303000161","saleId":"3425828A","executiveName":"Cristiano Dafre"}}
{"timestamp":"2026-03-16T14:30:43.986Z","importId":3,"level":"WARN","message":"Linha 19132: Pontuação é 0 ou null","category":"PONTUACAO","context":{"rowNumber":19132,"points":0,"cnpj":"41731303000161","saleId":"3425827A","executiveName":"Cristiano Dafre"}}
{"timestamp":"2026-03-16T14:30:43.988Z","importId":3,"level":"WARN","message":"Linha 19133: Pontuação é 0 ou null","category":"PONTUACAO","context":{"rowNumber":19133,"points":0,"cnpj":"41731303000161","saleId":"3425826A","executiveName":"Cristiano Dafre"}}
{"timestamp":"2026-03-16T14:30:43.991Z","importId":3,"level":"WARN","message":"Linha 19134: Pontuação é 0 ou null","category":"PONTUACAO","context":{"rowNumber":19134,"points":0,"cnpj":"41731303000161","saleId":"3425825A","executiveName":"Cristiano Dafre"}}
{"timestamp":"2026-03-16T14:30:43.993Z","importId":3,"level":"WARN","message":"Linha 19135: Pontuação é 0 ou null","category":"PONTUACAO","context":{"rowNumber":19135,"points":0,"cnpj":"41731303000161","saleId":"3425824A","executiveName":"Cristiano Dafre"}}
{"timestamp":"2026-03-16T14:30:43.995Z","importId":3,"level":"WARN","message":"Linha 19136: Pontuação é 0 ou null","category":"PONTUACAO","context":{"rowNumber":19136,"points":0,"cnpj":"10530736000125","saleId":"3425823A","executiveName":"Elza Lara"}}
{"timestamp":"2026-03-16T14:30:43.998Z","importId":3,"level":"WARN","message":"Linha 19137: Pontuação é 0 ou null","category":"PONTUACAO","context":{"rowNumber":19137,"points":0,"cnpj":"10530736000125","saleId":"3425822A","executiveName":"Elza Lara"}}
{"timestamp":"2026-03-16T14:30:44.001Z","importId":3,"level":"WARN","message":"Linha 19139: Pontuação é 0 ou null","category":"PONTUACAO","context":{"rowNumber":19139,"points":0,"cnpj":"46878674000194","saleId":"3426380A","executiveName":"Claudia Dias"}}
{"timestamp":"2026-03-16T14:30:44.006Z","importId":3,"level":"WARN","message":"Linha 19140: Pontuação é 0 ou null","category":"PONTUACAO","context":{"rowNumber":19140,"points":0,"cnpj":"46878674000194","saleId":"3426381A","executiveName":"Claudia Dias"}}
{"timestamp":"2026-03-16T14:30:44.007Z","importId":3,"level":"WARN","message":"Linha 19141: Pontuação é 0 ou null","category":"PONTUACAO","context":{"rowNumber":19141,"points":0,"cnpj":"46878674000194","saleId":"3426382A","executiveName":"Claudia Dias"}}
{"timestamp":"2026-03-16T14:30:44.028Z","importId":3,"level":"WARN","message":"Linha 19155: Pontuação é 0 ou null","category":"PONTUACAO","context":{"rowNumber":19155,"points":0,"cnpj":"12164730000107","saleId":"3426437A","executiveName":"Andrea Cordovil"}}
{"timestamp":"2026-03-16T14:30:44.030Z","importId":3,"level":"WARN","message":"Linha 19156: Pontuação é 0 ou null","category":"PONTUACAO","context":{"rowNumber":19156,"points":0,"cnpj":"12164730000107","saleId":"3426436A","executiveName":"Andrea Cordovil"}}
{"timestamp":"2026-03-16T14:30:44.032Z","importId":3,"level":"WARN","message":"Linha 19157: Pontuação é 0 ou null","category":"PONTUACAO","context":{"rowNumber":19157,"points":0,"cnpj":"12164730000107","saleId":"3426435A","executiveName":"Andrea Cordovil"}}
{"timestamp":"2026-03-16T14:30:44.033Z","importId":3,"level":"WARN","message":"Linha 19158: Pontuação é 0 ou null","category":"PONTUACAO","context":{"rowNumber":19158,"points":0,"cnpj":"12164730000107","saleId":"3426434A","executiveName":"Andrea Cordovil"}}
{"timestamp":"2026-03-16T14:30:44.036Z","importId":3,"level":"WARN","message":"Linha 19159: Pontuação é 0 ou null","category":"PONTUACAO","context":{"rowNumber":19159,"points":0,"cnpj":"20470627000113","saleId":"3426425A","executiveName":"Andrea Cordovil"}}
{"timestamp":"2026-03-16T14:30:44.038Z","importId":3,"level":"WARN","message":"Linha 19160: Pontuação é 0 ou null","category":"PONTUACAO","context":{"rowNumber":19160,"points":0,"cnpj":"01335651000103","saleId":"3426420A","executiveName":"Elza Lara"}}
{"timestamp":"2026-03-16T14:30:44.040Z","importId":3,"level":"WARN","message":"Linha 19161: Pontuação é 0 ou null","category":"PONTUACAO","context":{"rowNumber":19161,"points":0,"cnpj":"01335651000103","saleId":"3426419A","executiveName":"Elza Lara"}}
{"timestamp":"2026-03-16T14:30:44.043Z","importId":3,"level":"WARN","message":"Linha 19162: Pontuação é 0 ou null","category":"PONTUACAO","context":{"rowNumber":19162,"points":0,"cnpj":"01335651000103","saleId":"3426418A","executiveName":"Elza Lara"}}
{"timestamp":"2026-03-16T14:30:44.045Z","importId":3,"level":"WARN","message":"Linha 19163: Pontuação é 0 ou null","category":"PONTUACAO","context":{"rowNumber":19163,"points":0,"cnpj":"01335651000103","saleId":"3426417A","executiveName":"Elza Lara"}}
{"timestamp":"2026-03-16T14:30:44.047Z","importId":3,"level":"WARN","message":"Linha 19164: Pontuação é 0 ou null","category":"PONTUACAO","context":{"rowNumber":19164,"points":0,"cnpj":"67318634000168","saleId":"3426402A","executiveName":"Carlos Brito"}}
{"timestamp":"2026-03-16T14:30:44.051Z","importId":3,"level":"WARN","message":"Linha 19165: Pontuação é 0 ou null","category":"PONTUACAO","context":{"rowNumber":19165,"points":0,"cnpj":"16849620000130","saleId":"3426393A","executiveName":"Rafaela Soares"}}
{"timestamp":"2026-03-16T14:30:44.053Z","importId":3,"level":"WARN","message":"Linha 19166: Pontuação é 0 ou null","category":"PONTUACAO","context":{"rowNumber":19166,"points":0,"cnpj":"22490805000101","saleId":"3426462A","executiveName":"Marlon Wander"}}
{"timestamp":"2026-03-16T14:30:44.062Z","importId":3,"level":"WARN","message":"Linha 19169: Pontuação é 0 ou null","category":"PONTUACAO","context":{"rowNumber":19169,"points":0,"cnpj":"24839282000183","saleId":"3425818A","executiveName":"Karla Reis"}}
{"timestamp":"2026-03-16T14:30:44.072Z","importId":3,"level":"WARN","message":"Linha 19174: Pontuação é 0 ou null","category":"PONTUACAO","context":{"rowNumber":19174,"points":0,"cnpj":"15875000000102","saleId":"3425785A","executiveName":"Elza Lara"}}
{"timestamp":"2026-03-16T14:30:44.075Z","importId":3,"level":"WARN","message":"Linha 19175: Pontuação é 0 ou null","category":"PONTUACAO","context":{"rowNumber":19175,"points":0,"cnpj":"15875000000102","saleId":"3425784A","executiveName":"Elza Lara"}}
{"timestamp":"2026-03-16T14:30:44.077Z","importId":3,"level":"WARN","message":"Linha 19176: Pontuação é 0 ou null","category":"PONTUACAO","context":{"rowNumber":19176,"points":0,"cnpj":"20606282000182","saleId":"3425783A","executiveName":"Armando Soares"}}
{"timestamp":"2026-03-16T14:30:44.079Z","importId":3,"level":"WARN","message":"Linha 19177: Pontuação é 0 ou null","category":"PONTUACAO","context":{"rowNumber":19177,"points":0,"cnpj":"48186332000139","saleId":"3425774A","executiveName":"Ricardo Morais"}}
{"timestamp":"2026-03-16T14:30:44.081Z","importId":3,"level":"WARN","message":"Linha 19178: Pontuação é 0 ou null","category":"PONTUACAO","context":{"rowNumber":19178,"points":0,"cnpj":"48186332000139","saleId":"3425773A","executiveName":"Ricardo Morais"}}
{"timestamp":"2026-03-16T14:30:44.084Z","importId":3,"level":"WARN","message":"Linha 19179: Pontuação é 0 ou null","category":"PONTUACAO","context":{"rowNumber":19179,"points":0,"cnpj":"48186332000139","saleId":"3425772A","executiveName":"Ricardo Morais"}}
{"timestamp":"2026-03-16T14:30:44.086Z","importId":3,"level":"WARN","message":"Linha 19180: Pontuação é 0 ou null","category":"PONTUACAO","context":{"rowNumber":19180,"points":0,"cnpj":"02903484000104","saleId":"3425771A","executiveName":"Cristiano Dafre"}}
{"timestamp":"2026-03-16T14:30:44.088Z","importId":3,"level":"WARN","message":"Linha 19181: Pontuação é 0 ou null","category":"PONTUACAO","context":{"rowNumber":19181,"points":0,"cnpj":"02903484000104","saleId":"3425770A","executiveName":"Cristiano Dafre"}}
{"timestamp":"2026-03-16T14:30:44.098Z","importId":3,"level":"WARN","message":"Linha 19186: Pontuação é 0 ou null","category":"PONTUACAO","context":{"rowNumber":19186,"points":0,"cnpj":"28551518000132","saleId":"3425765A","executiveName":"Karla Reis"}}
{"timestamp":"2026-03-16T14:30:44.100Z","importId":3,"level":"WARN","message":"Linha 19187: Pontuação é 0 ou null","category":"PONTUACAO","context":{"rowNumber":19187,"points":0,"cnpj":"28551518000132","saleId":"3425764A","executiveName":"Karla Reis"}}
{"timestamp":"2026-03-16T14:30:44.103Z","importId":3,"level":"WARN","message":"Linha 19188: Pontuação é 0 ou null","category":"PONTUACAO","context":{"rowNumber":19188,"points":0,"cnpj":"00645801000104","saleId":"3425762A","executiveName":"Ricardo Morais"}}
{"timestamp":"2026-03-16T14:30:44.105Z","importId":3,"level":"WARN","message":"Linha 19189: Pontuação é 0 ou null","category":"PONTUACAO","context":{"rowNumber":19189,"points":0,"cnpj":"00645801000104","saleId":"3425761A","executiveName":"Ricardo Morais"}}
{"timestamp":"2026-03-16T14:30:44.107Z","importId":3,"level":"WARN","message":"Linha 19190: Pontuação é 0 ou null","category":"PONTUACAO","context":{"rowNumber":19190,"points":0,"cnpj":"00645801000104","saleId":"3425760A","executiveName":"Ricardo Morais"}}
{"timestamp":"2026-03-16T14:30:44.109Z","importId":3,"level":"WARN","message":"Linha 19191: Pontuação é 0 ou null","category":"PONTUACAO","context":{"rowNumber":19191,"points":0,"cnpj":"46652376000181","saleId":"3425759A","executiveName":"Cristiano Dafre"}}
{"timestamp":"2026-03-16T14:30:44.112Z","importId":3,"level":"WARN","message":"Linha 19192: Pontuação é 0 ou null","category":"PONTUACAO","context":{"rowNumber":19192,"points":0,"cnpj":"46652376000181","saleId":"3425758A","executiveName":"Cristiano Dafre"}}
{"timestamp":"2026-03-16T14:30:44.121Z","importId":3,"level":"WARN","message":"Linha 19197: Pontuação é 0 ou null","category":"PONTUACAO","context":{"rowNumber":19197,"points":0,"cnpj":"24839282000183","saleId":"3425817A","executiveName":"Karla Reis"}}
{"timestamp":"2026-03-16T14:30:44.123Z","importId":3,"level":"WARN","message":"Linha 19198: Pontuação é 0 ou null","category":"PONTUACAO","context":{"rowNumber":19198,"points":0,"cnpj":"03208191000170","saleId":"3425816A","executiveName":"Elza Lara"}}
{"timestamp":"2026-03-16T14:30:44.125Z","importId":3,"level":"WARN","message":"Linha 19199: Pontuação é 0 ou null","category":"PONTUACAO","context":{"rowNumber":19199,"points":0,"cnpj":"03208191000170","saleId":"3425815A","executiveName":"Elza Lara"}}
{"timestamp":"2026-03-16T14:30:44.128Z","importId":3,"level":"WARN","message":"Linha 19200: Pontuação é 0 ou null","category":"PONTUACAO","context":{"rowNumber":19200,"points":0,"cnpj":"39708084000158","saleId":"3425814A","executiveName":"Ricardo Morais"}}
{"timestamp":"2026-03-16T14:30:44.130Z","importId":3,"level":"WARN","message":"Linha 19201: Pontuação é 0 ou null","category":"PONTUACAO","context":{"rowNumber":19201,"points":0,"cnpj":"39708084000158","saleId":"3425813A","executiveName":"Ricardo Morais"}}
{"timestamp":"2026-03-16T14:30:44.131Z","importId":3,"level":"WARN","message":"Linha 19202: Pontuação é 0 ou null","category":"PONTUACAO","context":{"rowNumber":19202,"points":0,"cnpj":"39708084000158","saleId":"3425812A","executiveName":"Ricardo Morais"}}
{"timestamp":"2026-03-16T14:30:44.133Z","importId":3,"level":"WARN","message":"Linha 19203: Pontuação é 0 ou null","category":"PONTUACAO","context":{"rowNumber":19203,"points":0,"cnpj":"39708084000158","saleId":"3425811A","executiveName":"Ricardo Morais"}}
{"timestamp":"2026-03-16T14:30:44.135Z","importId":3,"level":"WARN","message":"Linha 19204: Pontuação é 0 ou null","category":"PONTUACAO","context":{"rowNumber":19204,"points":0,"cnpj":"39708084000158","saleId":"3425810A","executiveName":"Ricardo Morais"}}
{"timestamp":"2026-03-16T14:30:44.138Z","importId":3,"level":"WARN","message":"Linha 19205: Pontuação é 0 ou null","category":"PONTUACAO","context":{"rowNumber":19205,"points":0,"cnpj":"39708084000158","saleId":"3425809A","executiveName":"Ricardo Morais"}}
{"timestamp":"2026-03-16T14:30:44.143Z","importId":3,"level":"WARN","message":"Linha 19207: Pontuação é 0 ou null","category":"PONTUACAO","context":{"rowNumber":19207,"points":0,"cnpj":"29871389000122","saleId":"3425807A","executiveName":"Kelly Furno"}}
{"timestamp":"2026-03-16T14:30:44.146Z","importId":3,"level":"WARN","message":"Linha 19209: Pontuação é 0 ou null","category":"PONTUACAO","context":{"rowNumber":19209,"points":0,"cnpj":"29871389000122","saleId":"3425806A","executiveName":"Kelly Furno"}}
{"timestamp":"2026-03-16T14:30:44.171Z","importId":3,"level":"WARN","message":"Linha 19225: Pontuação é 0 ou null","category":"PONTUACAO","context":{"rowNumber":19225,"points":0,"cnpj":"03208191000170","saleId":"3426802A","executiveName":"Elza Lara"}}
{"timestamp":"2026-03-16T14:30:44.173Z","importId":3,"level":"WARN","message":"Linha 19226: Pontuação é 0 ou null","category":"PONTUACAO","context":{"rowNumber":19226,"points":0,"cnpj":"03208191000170","saleId":"3426801A","executiveName":"Elza Lara"}}
{"timestamp":"2026-03-16T14:30:44.177Z","importId":3,"level":"WARN","message":"Linha 19228: Pontuação é 0 ou null","category":"PONTUACAO","context":{"rowNumber":19228,"points":0,"cnpj":"19851484000100","saleId":"3426786A","executiveName":"Carlos Brito"}}
{"timestamp":"2026-03-16T14:30:44.179Z","importId":3,"level":"WARN","message":"Linha 19230: Pontuação é 0 ou null","category":"PONTUACAO","context":{"rowNumber":19230,"points":0,"cnpj":"09306166000105","saleId":"3426771A","executiveName":"Ricardo Morais"}}
{"timestamp":"2026-03-16T14:30:44.182Z","importId":3,"level":"WARN","message":"Linha 19232: Pontuação é 0 ou null","category":"PONTUACAO","context":{"rowNumber":19232,"points":0,"cnpj":"57608093000159","saleId":"3426763A","executiveName":"Cristiano Dafre"}}
{"timestamp":"2026-03-16T14:30:44.206Z","importId":3,"level":"WARN","message":"Linha 19248: Pontuação é 0 ou null","category":"PONTUACAO","context":{"rowNumber":19248,"points":0,"cnpj":"54091467000113","saleId":"3426805A","executiveName":"Pasquale Neto"}}
{"timestamp":"2026-03-16T14:30:44.208Z","importId":3,"level":"WARN","message":"Linha 19249: Pontuação é 0 ou null","category":"PONTUACAO","context":{"rowNumber":19249,"points":0,"cnpj":"32109367000134","saleId":"3426809A","executiveName":"Armando Soares"}}
{"timestamp":"2026-03-16T14:30:44.212Z","importId":3,"level":"WARN","message":"Linha 19252: Pontuação é 0 ou null","category":"PONTUACAO","context":{"rowNumber":19252,"points":0,"cnpj":"00578109000100","saleId":"3427622A","executiveName":"Elzo Nogueira"}}
{"timestamp":"2026-03-16T14:30:44.215Z","importId":3,"level":"WARN","message":"Linha 19253: Pontuação é 0 ou null","category":"PONTUACAO","context":{"rowNumber":19253,"points":0,"cnpj":"00578109000100","saleId":"3427609A","executiveName":"Elzo Nogueira"}}
{"timestamp":"2026-03-16T14:30:44.216Z","importId":3,"level":"WARN","message":"Linha 19254: Pontuação é 0 ou null","category":"PONTUACAO","context":{"rowNumber":19254,"points":0,"cnpj":"00578109000100","saleId":"3427494A","executiveName":"Elzo Nogueira"}}
{"timestamp":"2026-03-16T14:30:44.220Z","importId":3,"level":"WARN","message":"Linha 19256: Pontuação é 0 ou null","category":"PONTUACAO","context":{"rowNumber":19256,"points":0,"cnpj":"00578109000100","saleId":"3427098A","executiveName":"Elzo Nogueira"}}
{"timestamp":"2026-03-16T14:30:44.236Z","importId":3,"level":"WARN","message":"Linha 19267: Pontuação é 0 ou null","category":"PONTUACAO","context":{"rowNumber":19267,"points":0,"cnpj":"00578109000100","saleId":"3426946A","executiveName":"Elzo Nogueira"}}
{"timestamp":"2026-03-16T14:30:44.238Z","importId":3,"level":"WARN","message":"Linha 19268: Pontuação é 0 ou null","category":"PONTUACAO","context":{"rowNumber":19268,"points":0,"cnpj":"51956360000100","saleId":"3426833A","executiveName":"Ricardo Morais"}}
{"timestamp":"2026-03-16T14:30:44.241Z","importId":3,"level":"WARN","message":"Linha 19269: Pontuação é 0 ou null","category":"PONTUACAO","context":{"rowNumber":19269,"points":0,"cnpj":"51956360000100","saleId":"3426830A","executiveName":"Ricardo Morais"}}
{"timestamp":"2026-03-16T14:30:44.243Z","importId":3,"level":"WARN","message":"Linha 19270: Pontuação é 0 ou null","category":"PONTUACAO","context":{"rowNumber":19270,"points":0,"cnpj":"41731303000161","saleId":"3426829A","executiveName":"Cristiano Dafre"}}
{"timestamp":"2026-03-16T14:30:44.244Z","importId":3,"level":"WARN","message":"Linha 19271: Pontuação é 0 ou null","category":"PONTUACAO","context":{"rowNumber":19271,"points":0,"cnpj":"21667914000180","saleId":"3426825A","executiveName":"Armando Soares"}}
{"timestamp":"2026-03-16T14:30:44.246Z","importId":3,"level":"WARN","message":"Linha 19272: Pontuação é 0 ou null","category":"PONTUACAO","context":{"rowNumber":19272,"points":0,"cnpj":"57608093000159","saleId":"3426821A","executiveName":"Cristiano Dafre"}}
{"timestamp":"2026-03-16T14:30:44.249Z","importId":3,"level":"WARN","message":"Linha 19273: Pontuação é 0 ou null","category":"PONTUACAO","context":{"rowNumber":19273,"points":0,"cnpj":"57608093000159","saleId":"3426820A","executiveName":"Cristiano Dafre"}}
{"timestamp":"2026-03-16T14:30:44.254Z","importId":3,"level":"WARN","message":"Linha 19276: Pontuação é 0 ou null","category":"PONTUACAO","context":{"rowNumber":19276,"points":0,"cnpj":"00578109000100","saleId":"3426970A","executiveName":"Elzo Nogueira"}}
{"timestamp":"2026-03-16T14:30:44.291Z","importId":3,"level":"WARN","message":"Linha 19305: Pontuação é 0 ou null","category":"PONTUACAO","context":{"rowNumber":19305,"points":0,"cnpj":"12100779000104","saleId":"3425756A","executiveName":"Carlos Brito"}}
{"timestamp":"2026-03-16T14:30:44.633Z","importId":3,"level":"WARN","message":"Linha 19568: Pontuação é 0 ou null","category":"PONTUACAO","context":{"rowNumber":19568,"points":0,"cnpj":"46652376000181","saleId":"3423808A","executiveName":"Cristiano Dafre"}}
{"timestamp":"2026-03-16T14:30:44.635Z","importId":3,"level":"WARN","message":"Linha 19569: Pontuação é 0 ou null","category":"PONTUACAO","context":{"rowNumber":19569,"points":0,"cnpj":"46652376000181","saleId":"3423807A","executiveName":"Cristiano Dafre"}}
{"timestamp":"2026-03-16T14:30:44.639Z","importId":3,"level":"WARN","message":"Linha 19571: Pontuação é 0 ou null","category":"PONTUACAO","context":{"rowNumber":19571,"points":0,"cnpj":"47854410000163","saleId":"3423804A","executiveName":"Leonardo Ligabo"}}
{"timestamp":"2026-03-16T14:30:44.641Z","importId":3,"level":"WARN","message":"Linha 19572: Pontuação é 0 ou null","category":"PONTUACAO","context":{"rowNumber":19572,"points":0,"cnpj":"47854410000163","saleId":"3423803A","executiveName":"Leonardo Ligabo"}}
{"timestamp":"2026-03-16T14:30:44.647Z","importId":3,"level":"WARN","message":"Linha 19576: Pontuação é 0 ou null","category":"PONTUACAO","context":{"rowNumber":19576,"points":0,"cnpj":"45206060000101","saleId":"3423799A","executiveName":"Elza Lara"}}
{"timestamp":"2026-03-16T14:30:44.703Z","importId":3,"level":"WARN","message":"Linha 19624: Pontuação é 0 ou null","category":"PONTUACAO","context":{"rowNumber":19624,"points":0,"cnpj":"23943727000108","saleId":"3423732A","executiveName":"Ricardo Bueno"}}
{"timestamp":"2026-03-16T14:30:44.737Z","importId":3,"level":"WARN","message":"Linha 19642: Pontuação é 0 ou null","category":"PONTUACAO","context":{"rowNumber":19642,"points":0,"cnpj":"04033961000153","saleId":"3423788A","executiveName":"Elza Lara"}}
{"timestamp":"2026-03-16T14:30:44.744Z","importId":3,"level":"WARN","message":"Linha 19645: Pontuação é 0 ou null","category":"PONTUACAO","context":{"rowNumber":19645,"points":0,"cnpj":"19851484000100","saleId":"3423785A","executiveName":"Carlos Brito"}}
{"timestamp":"2026-03-16T14:30:44.747Z","importId":3,"level":"WARN","message":"Linha 19646: Pontuação é 0 ou null","category":"PONTUACAO","context":{"rowNumber":19646,"points":0,"cnpj":"00558808000199","saleId":"3423784A","executiveName":"Cristiano Dafre"}}
{"timestamp":"2026-03-16T14:30:44.748Z","importId":3,"level":"WARN","message":"Linha 19647: Pontuação é 0 ou null","category":"PONTUACAO","context":{"rowNumber":19647,"points":0,"cnpj":"00558808000199","saleId":"3423783A","executiveName":"Cristiano Dafre"}}
{"timestamp":"2026-03-16T14:30:44.751Z","importId":3,"level":"WARN","message":"Linha 19648: Pontuação é 0 ou null","category":"PONTUACAO","context":{"rowNumber":19648,"points":0,"cnpj":"00558808000199","saleId":"3423782A","executiveName":"Cristiano Dafre"}}
{"timestamp":"2026-03-16T14:30:44.752Z","importId":3,"level":"WARN","message":"Linha 19649: Pontuação é 0 ou null","category":"PONTUACAO","context":{"rowNumber":19649,"points":0,"cnpj":"00558808000199","saleId":"3423781A","executiveName":"Cristiano Dafre"}}
{"timestamp":"2026-03-16T14:30:44.757Z","importId":3,"level":"WARN","message":"Linha 19652: Pontuação é 0 ou null","category":"PONTUACAO","context":{"rowNumber":19652,"points":0,"cnpj":"12100779000104","saleId":"3423777A","executiveName":"Carlos Brito"}}
{"timestamp":"2026-03-16T14:30:44.759Z","importId":3,"level":"WARN","message":"Linha 19653: Pontuação é 0 ou null","category":"PONTUACAO","context":{"rowNumber":19653,"points":0,"cnpj":"57040461000105","saleId":"3423776A","executiveName":"Carlos Barbassa"}}
{"timestamp":"2026-03-16T14:30:44.762Z","importId":3,"level":"WARN","message":"Linha 19655: Pontuação é 0 ou null","category":"PONTUACAO","context":{"rowNumber":19655,"points":0,"cnpj":"79379491000183","saleId":"3423774A","executiveName":"Marlon Wander"}}
{"timestamp":"2026-03-16T14:30:44.778Z","importId":3,"level":"WARN","message":"Linha 19667: Pontuação é 0 ou null","category":"PONTUACAO","context":{"rowNumber":19667,"points":0,"cnpj":"15006080000160","saleId":"3424046A","executiveName":"Pasquale Neto"}}
{"timestamp":"2026-03-16T14:30:44.781Z","importId":3,"level":"WARN","message":"Linha 19668: Pontuação é 0 ou null","category":"PONTUACAO","context":{"rowNumber":19668,"points":0,"cnpj":"15006080000160","saleId":"3424045A","executiveName":"Pasquale Neto"}}
{"timestamp":"2026-03-16T14:30:44.783Z","importId":3,"level":"WARN","message":"Linha 19669: Pontuação é 0 ou null","category":"PONTUACAO","context":{"rowNumber":19669,"points":0,"cnpj":"15006080000160","saleId":"3424044A","executiveName":"Pasquale Neto"}}
{"timestamp":"2026-03-16T14:30:44.785Z","importId":3,"level":"WARN","message":"Linha 19670: Pontuação é 0 ou null","category":"PONTUACAO","context":{"rowNumber":19670,"points":0,"cnpj":"15006080000160","saleId":"3424043A","executiveName":"Pasquale Neto"}}
{"timestamp":"2026-03-16T14:30:44.788Z","importId":3,"level":"WARN","message":"Linha 19671: Pontuação é 0 ou null","category":"PONTUACAO","context":{"rowNumber":19671,"points":0,"cnpj":"15006080000160","saleId":"3424042A","executiveName":"Pasquale Neto"}}
{"timestamp":"2026-03-16T14:30:44.789Z","importId":3,"level":"WARN","message":"Linha 19672: Pontuação é 0 ou null","category":"PONTUACAO","context":{"rowNumber":19672,"points":0,"cnpj":"15006080000160","saleId":"3424041A","executiveName":"Pasquale Neto"}}
{"timestamp":"2026-03-16T14:30:44.792Z","importId":3,"level":"WARN","message":"Linha 19674: Pontuação é 0 ou null","category":"PONTUACAO","context":{"rowNumber":19674,"points":0,"cnpj":"07709889000120","saleId":"3424039A","executiveName":"Carlos Brito"}}
{"timestamp":"2026-03-16T14:30:44.815Z","importId":3,"level":"WARN","message":"Linha 19690: Pontuação é 0 ou null","category":"PONTUACAO","context":{"rowNumber":19690,"points":0,"cnpj":"15006080000160","saleId":"3424047A","executiveName":"Pasquale Neto"}}
{"timestamp":"2026-03-16T14:30:44.817Z","importId":3,"level":"WARN","message":"Linha 19691: Pontuação é 0 ou null","category":"PONTUACAO","context":{"rowNumber":19691,"points":0,"cnpj":"15006080000160","saleId":"3424048A","executiveName":"Pasquale Neto"}}
{"timestamp":"2026-03-16T14:30:44.820Z","importId":3,"level":"WARN","message":"Linha 19692: Pontuação é 0 ou null","category":"PONTUACAO","context":{"rowNumber":19692,"points":0,"cnpj":"15006080000160","saleId":"3424049A","executiveName":"Pasquale Neto"}}
{"timestamp":"2026-03-16T14:30:44.850Z","importId":3,"level":"WARN","message":"Linha 19714: Pontuação é 0 ou null","category":"PONTUACAO","context":{"rowNumber":19714,"points":0,"cnpj":"21432799000165","saleId":"3424056A","executiveName":"Andreza Lubatsch"}}
{"timestamp":"2026-03-16T14:30:44.952Z","importId":3,"level":"WARN","message":"Linha 19784: Pontuação é 0 ou null","category":"PONTUACAO","context":{"rowNumber":19784,"points":0,"cnpj":"28845497000168","saleId":"3423475A","executiveName":"Karla Reis"}}
{"timestamp":"2026-03-16T14:30:44.955Z","importId":3,"level":"WARN","message":"Linha 19785: Pontuação é 0 ou null","category":"PONTUACAO","context":{"rowNumber":19785,"points":0,"cnpj":"28845497000168","saleId":"3423474A","executiveName":"Karla Reis"}}
{"timestamp":"2026-03-16T14:30:44.957Z","importId":3,"level":"WARN","message":"Linha 19786: Pontuação é 0 ou null","category":"PONTUACAO","context":{"rowNumber":19786,"points":0,"cnpj":"28845497000168","saleId":"3423473A","executiveName":"Karla Reis"}}
{"timestamp":"2026-03-16T14:30:44.959Z","importId":3,"level":"WARN","message":"Linha 19787: Pontuação é 0 ou null","category":"PONTUACAO","context":{"rowNumber":19787,"points":0,"cnpj":"28845497000168","saleId":"3423472A","executiveName":"Karla Reis"}}
{"timestamp":"2026-03-16T14:30:44.961Z","importId":3,"level":"WARN","message":"Linha 19788: Pontuação é 0 ou null","category":"PONTUACAO","context":{"rowNumber":19788,"points":0,"cnpj":"12100779000104","saleId":"3423468A","executiveName":"Carlos Brito"}}
{"timestamp":"2026-03-16T14:30:44.989Z","importId":3,"level":"WARN","message":"Linha 19810: Pontuação é 0 ou null","category":"PONTUACAO","context":{"rowNumber":19810,"points":0,"cnpj":"79379491000183","saleId":"3423533A","executiveName":"Marlon Wander"}}
{"timestamp":"2026-03-16T14:30:45.089Z","importId":3,"level":"WARN","message":"Linha 19886: Pontuação é 0 ou null","category":"PONTUACAO","context":{"rowNumber":19886,"points":0,"cnpj":"49127493000114","saleId":"3423541A","executiveName":"Leonardo Ligabo"}}
{"timestamp":"2026-03-16T14:30:45.122Z","importId":3,"level":"WARN","message":"Linha 19911: Pontuação é 0 ou null","category":"PONTUACAO","context":{"rowNumber":19911,"points":0,"cnpj":"12100779000104","saleId":"3423654A","executiveName":"Carlos Brito"}}
{"timestamp":"2026-03-16T14:30:45.391Z","importId":3,"level":"WARN","message":"Linha 20127: Pontuação é 0 ou null","category":"PONTUACAO","context":{"rowNumber":20127,"points":0,"cnpj":"12320711000122","saleId":"3424745A","executiveName":"Walter Junior"}}
{"timestamp":"2026-03-16T14:30:45.394Z","importId":3,"level":"WARN","message":"Linha 20128: Pontuação é 0 ou null","category":"PONTUACAO","context":{"rowNumber":20128,"points":0,"cnpj":"34229543000105","saleId":"3424742A","executiveName":"Walter Junior"}}
{"timestamp":"2026-03-16T14:30:45.397Z","importId":3,"level":"WARN","message":"Linha 20130: Pontuação é 0 ou null","category":"PONTUACAO","context":{"rowNumber":20130,"points":0,"cnpj":"30607677000153","saleId":"3424740A","executiveName":"Rafaela Soares"}}
{"timestamp":"2026-03-16T14:30:45.400Z","importId":3,"level":"WARN","message":"Linha 20131: Pontuação é 0 ou null","category":"PONTUACAO","context":{"rowNumber":20131,"points":0,"cnpj":"15505790000215","saleId":"3424739A","executiveName":"Pasquale Neto"}}
{"timestamp":"2026-03-16T14:30:45.424Z","importId":3,"level":"WARN","message":"Linha 20147: Pontuação é 0 ou null","category":"PONTUACAO","context":{"rowNumber":20147,"points":0,"cnpj":"15505790000215","saleId":"3424738A","executiveName":"Pasquale Neto"}}
{"timestamp":"2026-03-16T14:30:45.447Z","importId":3,"level":"WARN","message":"Linha 20161: Pontuação é 0 ou null","category":"PONTUACAO","context":{"rowNumber":20161,"points":0,"cnpj":"15117936000174","saleId":"3424737A","executiveName":"Ronaldo Coelho"}}
{"timestamp":"2026-03-16T14:30:45.449Z","importId":3,"level":"WARN","message":"Linha 20162: Pontuação é 0 ou null","category":"PONTUACAO","context":{"rowNumber":20162,"points":0,"cnpj":"03292119863","saleId":"3424736A","executiveName":"Armando Soares"}}
{"timestamp":"2026-03-16T14:30:45.451Z","importId":3,"level":"WARN","message":"Linha 20163: Pontuação é 0 ou null","category":"PONTUACAO","context":{"rowNumber":20163,"points":0,"cnpj":"57429862000151","saleId":"3424735A","executiveName":"Pasquale Neto"}}
{"timestamp":"2026-03-16T14:30:45.467Z","importId":3,"level":"WARN","message":"Linha 20175: Pontuação é 0 ou null","category":"PONTUACAO","context":{"rowNumber":20175,"points":0,"cnpj":"10953332000144","saleId":"3424707A","executiveName":"Elzo Nogueira"}}
{"timestamp":"2026-03-16T14:30:45.486Z","importId":3,"level":"WARN","message":"Linha 20190: Pontuação é 0 ou null","category":"PONTUACAO","context":{"rowNumber":20190,"points":0,"cnpj":"10953332000144","saleId":"3424708A","executiveName":"Elzo Nogueira"}}
{"timestamp":"2026-03-16T14:30:45.487Z","importId":3,"level":"WARN","message":"Linha 20191: Pontuação é 0 ou null","category":"PONTUACAO","context":{"rowNumber":20191,"points":0,"cnpj":"10953332000144","saleId":"3424710A","executiveName":"Elzo Nogueira"}}
{"timestamp":"2026-03-16T14:30:45.489Z","importId":3,"level":"WARN","message":"Linha 20192: Pontuação é 0 ou null","category":"PONTUACAO","context":{"rowNumber":20192,"points":0,"cnpj":"17467460000127","saleId":"3424734A","executiveName":"Pasquale Neto"}}
{"timestamp":"2026-03-16T14:30:45.491Z","importId":3,"level":"WARN","message":"Linha 20193: Pontuação é 0 ou null","category":"PONTUACAO","context":{"rowNumber":20193,"points":0,"cnpj":"17467460000127","saleId":"3424733A","executiveName":"Pasquale Neto"}}
{"timestamp":"2026-03-16T14:30:45.494Z","importId":3,"level":"WARN","message":"Linha 20194: Pontuação é 0 ou null","category":"PONTUACAO","context":{"rowNumber":20194,"points":0,"cnpj":"18483090000184","saleId":"3424732A","executiveName":"Ricardo Morais"}}
{"timestamp":"2026-03-16T14:30:45.505Z","importId":3,"level":"WARN","message":"Linha 20202: Pontuação é 0 ou null","category":"PONTUACAO","context":{"rowNumber":20202,"points":0,"cnpj":"10953332000144","saleId":"3424724A","executiveName":"Elzo Nogueira"}}
{"timestamp":"2026-03-16T14:30:45.507Z","importId":3,"level":"WARN","message":"Linha 20203: Pontuação é 0 ou null","category":"PONTUACAO","context":{"rowNumber":20203,"points":0,"cnpj":"10953332000144","saleId":"3424709A","executiveName":"Elzo Nogueira"}}
{"timestamp":"2026-03-16T14:30:45.510Z","importId":3,"level":"WARN","message":"Linha 20204: Pontuação é 0 ou null","category":"PONTUACAO","context":{"rowNumber":20204,"points":0,"cnpj":"10953332000144","saleId":"3424723A","executiveName":"Elzo Nogueira"}}
{"timestamp":"2026-03-16T14:30:45.512Z","importId":3,"level":"WARN","message":"Linha 20205: Pontuação é 0 ou null","category":"PONTUACAO","context":{"rowNumber":20205,"points":0,"cnpj":"10953332000144","saleId":"3424721A","executiveName":"Elzo Nogueira"}}
{"timestamp":"2026-03-16T14:30:45.515Z","importId":3,"level":"WARN","message":"Linha 20206: Pontuação é 0 ou null","category":"PONTUACAO","context":{"rowNumber":20206,"points":0,"cnpj":"10953332000144","saleId":"3424720A","executiveName":"Elzo Nogueira"}}
{"timestamp":"2026-03-16T14:30:45.517Z","importId":3,"level":"WARN","message":"Linha 20207: Pontuação é 0 ou null","category":"PONTUACAO","context":{"rowNumber":20207,"points":0,"cnpj":"10953332000144","saleId":"3424719A","executiveName":"Elzo Nogueira"}}
{"timestamp":"2026-03-16T14:30:45.519Z","importId":3,"level":"WARN","message":"Linha 20208: Pontuação é 0 ou null","category":"PONTUACAO","context":{"rowNumber":20208,"points":0,"cnpj":"10953332000144","saleId":"3424718A","executiveName":"Elzo Nogueira"}}
{"timestamp":"2026-03-16T14:30:45.522Z","importId":3,"level":"WARN","message":"Linha 20209: Pontuação é 0 ou null","category":"PONTUACAO","context":{"rowNumber":20209,"points":0,"cnpj":"10953332000144","saleId":"3424717A","executiveName":"Elzo Nogueira"}}
{"timestamp":"2026-03-16T14:30:45.523Z","importId":3,"level":"WARN","message":"Linha 20210: Pontuação é 0 ou null","category":"PONTUACAO","context":{"rowNumber":20210,"points":0,"cnpj":"10953332000144","saleId":"3424716A","executiveName":"Elzo Nogueira"}}
{"timestamp":"2026-03-16T14:30:45.525Z","importId":3,"level":"WARN","message":"Linha 20211: Pontuação é 0 ou null","category":"PONTUACAO","context":{"rowNumber":20211,"points":0,"cnpj":"10953332000144","saleId":"3424715A","executiveName":"Elzo Nogueira"}}
{"timestamp":"2026-03-16T14:30:45.526Z","importId":3,"level":"WARN","message":"Linha 20212: Pontuação é 0 ou null","category":"PONTUACAO","context":{"rowNumber":20212,"points":0,"cnpj":"10953332000144","saleId":"3424714A","executiveName":"Elzo Nogueira"}}
{"timestamp":"2026-03-16T14:30:45.528Z","importId":3,"level":"WARN","message":"Linha 20213: Pontuação é 0 ou null","category":"PONTUACAO","context":{"rowNumber":20213,"points":0,"cnpj":"10953332000144","saleId":"3424713A","executiveName":"Elzo Nogueira"}}
{"timestamp":"2026-03-16T14:30:45.532Z","importId":3,"level":"WARN","message":"Linha 20214: Pontuação é 0 ou null","category":"PONTUACAO","context":{"rowNumber":20214,"points":0,"cnpj":"10953332000144","saleId":"3424712A","executiveName":"Elzo Nogueira"}}
{"timestamp":"2026-03-16T14:30:45.534Z","importId":3,"level":"WARN","message":"Linha 20215: Pontuação é 0 ou null","category":"PONTUACAO","context":{"rowNumber":20215,"points":0,"cnpj":"10953332000144","saleId":"3424711A","executiveName":"Elzo Nogueira"}}
{"timestamp":"2026-03-16T14:30:45.537Z","importId":3,"level":"WARN","message":"Linha 20216: Pontuação é 0 ou null","category":"PONTUACAO","context":{"rowNumber":20216,"points":0,"cnpj":"10953332000144","saleId":"3424722A","executiveName":"Elzo Nogueira"}}
{"timestamp":"2026-03-16T14:30:45.665Z","importId":3,"level":"WARN","message":"Linha 20310: Pontuação é 0 ou null","category":"PONTUACAO","context":{"rowNumber":20310,"points":0,"cnpj":"03208191000170","saleId":"3424172A","executiveName":"Elza Lara"}}
{"timestamp":"2026-03-16T14:30:45.668Z","importId":3,"level":"WARN","message":"Linha 20311: Pontuação é 0 ou null","category":"PONTUACAO","context":{"rowNumber":20311,"points":0,"cnpj":"03208191000170","saleId":"3424171A","executiveName":"Elza Lara"}}
{"timestamp":"2026-03-16T14:30:45.697Z","importId":3,"level":"WARN","message":"Linha 20333: Pontuação é 0 ou null","category":"PONTUACAO","context":{"rowNumber":20333,"points":0,"cnpj":"12350272000109","saleId":"3424473A","executiveName":"Carlos Brito"}}
{"timestamp":"2026-03-16T14:30:45.904Z","importId":3,"level":"WARN","message":"Linha 20506: Pontuação é 0 ou null","category":"PONTUACAO","context":{"rowNumber":20506,"points":0,"cnpj":"40304172000173","saleId":"3428153A","executiveName":"Elza Lara"}}
{"timestamp":"2026-03-16T14:30:45.908Z","importId":3,"level":"WARN","message":"Linha 20509: Pontuação é 0 ou null","category":"PONTUACAO","context":{"rowNumber":20509,"points":0,"cnpj":"40304172000173","saleId":"3428152A","executiveName":"Elza Lara"}}
{"timestamp":"2026-03-16T14:30:45.991Z","importId":3,"level":"WARN","message":"Linha 20566: Pontuação é 0 ou null","category":"PONTUACAO","context":{"rowNumber":20566,"points":0,"cnpj":"40304172000173","saleId":"3428151A","executiveName":"Elza Lara"}}
{"timestamp":"2026-03-16T14:30:46.111Z","importId":3,"level":"WARN","message":"Linha 20662: Pontuação é 0 ou null","category":"PONTUACAO","context":{"rowNumber":20662,"points":0,"cnpj":"03683159000146","saleId":"3428089A","executiveName":"Rafaela Soares"}}
{"timestamp":"2026-03-16T14:30:46.206Z","importId":3,"level":"WARN","message":"Linha 20741: Pontuação é 0 ou null","category":"PONTUACAO","context":{"rowNumber":20741,"points":0,"cnpj":"40304172000173","saleId":"3428149A","executiveName":"Elza Lara"}}
{"timestamp":"2026-03-16T14:30:46.541Z","importId":3,"level":"WARN","message":"Linha 21003: Pontuação é 0 ou null","category":"PONTUACAO","context":{"rowNumber":21003,"points":0,"cnpj":"03366331000138","saleId":"3427911A","executiveName":"Carlos Barbassa"}}
{"timestamp":"2026-03-16T14:30:46.577Z","importId":3,"level":"WARN","message":"Linha 21031: Pontuação é 0 ou null","category":"PONTUACAO","context":{"rowNumber":21031,"points":0,"cnpj":"03366331000138","saleId":"3427912A","executiveName":"Carlos Barbassa"}}
{"timestamp":"2026-03-16T14:30:46.580Z","importId":3,"level":"WARN","message":"Linha 21033: Pontuação é 0 ou null","category":"PONTUACAO","context":{"rowNumber":21033,"points":0,"cnpj":"03366331000138","saleId":"3427913A","executiveName":"Carlos Barbassa"}}
{"timestamp":"2026-03-16T14:30:46.585Z","importId":3,"level":"WARN","message":"Linha 21035: Pontuação é 0 ou null","category":"PONTUACAO","context":{"rowNumber":21035,"points":0,"cnpj":"03366331000138","saleId":"3427914A","executiveName":"Carlos Barbassa"}}
{"timestamp":"2026-03-16T14:30:46.588Z","importId":3,"level":"WARN","message":"Linha 21037: Pontuação é 0 ou null","category":"PONTUACAO","context":{"rowNumber":21037,"points":0,"cnpj":"39128210000103","saleId":"3427941A","executiveName":"Elza Lara"}}
{"timestamp":"2026-03-16T14:30:46.592Z","importId":3,"level":"WARN","message":"Linha 21039: Pontuação é 0 ou null","category":"PONTUACAO","context":{"rowNumber":21039,"points":0,"cnpj":"39128210000103","saleId":"3427940A","executiveName":"Elza Lara"}}
{"timestamp":"2026-03-16T14:30:46.594Z","importId":3,"level":"WARN","message":"Linha 21041: Pontuação é 0 ou null","category":"PONTUACAO","context":{"rowNumber":21041,"points":0,"cnpj":"39128210000103","saleId":"3427939A","executiveName":"Elza Lara"}}
{"timestamp":"2026-03-16T14:30:46.598Z","importId":3,"level":"WARN","message":"Linha 21043: Pontuação é 0 ou null","category":"PONTUACAO","context":{"rowNumber":21043,"points":0,"cnpj":"39128210000103","saleId":"3427938A","executiveName":"Elza Lara"}}
{"timestamp":"2026-03-16T14:30:46.616Z","importId":3,"level":"WARN","message":"Linha 21055: Pontuação é 0 ou null","category":"PONTUACAO","context":{"rowNumber":21055,"points":0,"cnpj":"05946137000157","saleId":"3427932A","executiveName":"Elza Lara"}}
{"timestamp":"2026-03-16T14:30:46.641Z","importId":3,"level":"WARN","message":"Linha 21075: Pontuação é 0 ou null","category":"PONTUACAO","context":{"rowNumber":21075,"points":0,"cnpj":"26473755772","saleId":"3427920A","executiveName":"Elza Lara"}}
{"timestamp":"2026-03-16T14:30:46.646Z","importId":3,"level":"WARN","message":"Linha 21079: Pontuação é 0 ou null","category":"PONTUACAO","context":{"rowNumber":21079,"points":0,"cnpj":"26473755772","saleId":"3427918A","executiveName":"Elza Lara"}}
{"timestamp":"2026-03-16T14:30:46.735Z","importId":3,"level":"WARN","message":"Linha 21147: Pontuação é 0 ou null","category":"PONTUACAO","context":{"rowNumber":21147,"points":0,"cnpj":"39128210000103","saleId":"3427942A","executiveName":"Elza Lara"}}
{"timestamp":"2026-03-16T14:30:46.775Z","importId":3,"level":"WARN","message":"Linha 21179: Pontuação é 0 ou null","category":"PONTUACAO","context":{"rowNumber":21179,"points":0,"cnpj":"57211765000198","saleId":"3427862A","executiveName":"Pasquale Neto"}}
{"timestamp":"2026-03-16T14:30:46.781Z","importId":3,"level":"WARN","message":"Linha 21183: Pontuação é 0 ou null","category":"PONTUACAO","context":{"rowNumber":21183,"points":0,"cnpj":"57211765000198","saleId":"3427860A","executiveName":"Pasquale Neto"}}
{"timestamp":"2026-03-16T14:30:46.790Z","importId":3,"level":"WARN","message":"Linha 21187: Pontuação é 0 ou null","category":"PONTUACAO","context":{"rowNumber":21187,"points":0,"cnpj":"57211765000198","saleId":"3427858A","executiveName":"Pasquale Neto"}}
{"timestamp":"2026-03-16T14:30:46.796Z","importId":3,"level":"WARN","message":"Linha 21191: Pontuação é 0 ou null","category":"PONTUACAO","context":{"rowNumber":21191,"points":0,"cnpj":"57211765000198","saleId":"3427856A","executiveName":"Pasquale Neto"}}
{"timestamp":"2026-03-16T14:30:46.818Z","importId":3,"level":"WARN","message":"Linha 21205: Pontuação é 0 ou null","category":"PONTUACAO","context":{"rowNumber":21205,"points":0,"cnpj":"39128210000103","saleId":"3427943A","executiveName":"Elza Lara"}}
{"timestamp":"2026-03-16T14:30:46.957Z","importId":3,"level":"WARN","message":"Linha 21297: Pontuação é 0 ou null","category":"PONTUACAO","context":{"rowNumber":21297,"points":0,"cnpj":"75527804000142","saleId":"3427971A","executiveName":"Clarissa Cavalheiro"}}
{"timestamp":"2026-03-16T14:30:47.177Z","importId":3,"level":"WARN","message":"Linha 21472: Pontuação é 0 ou null","category":"PONTUACAO","context":{"rowNumber":21472,"points":0,"cnpj":"07868518000190","saleId":"3430313A","executiveName":"Luana Fagundes"}}
{"timestamp":"2026-03-16T14:30:47.181Z","importId":3,"level":"WARN","message":"Linha 21474: Pontuação é 0 ou null","category":"PONTUACAO","context":{"rowNumber":21474,"points":0,"cnpj":"74557760000130","saleId":"3430311A","executiveName":"Claudia Dias"}}
{"timestamp":"2026-03-16T14:30:47.184Z","importId":3,"level":"WARN","message":"Linha 21475: Pontuação é 0 ou null","category":"PONTUACAO","context":{"rowNumber":21475,"points":0,"cnpj":"01335651000103","saleId":"3430310A","executiveName":"Elza Lara"}}
{"timestamp":"2026-03-16T14:30:47.186Z","importId":3,"level":"WARN","message":"Linha 21476: Pontuação é 0 ou null","category":"PONTUACAO","context":{"rowNumber":21476,"points":0,"cnpj":"01335651000103","saleId":"3430309A","executiveName":"Elza Lara"}}
{"timestamp":"2026-03-16T14:30:47.189Z","importId":3,"level":"WARN","message":"Linha 21477: Pontuação é 0 ou null","category":"PONTUACAO","context":{"rowNumber":21477,"points":0,"cnpj":"01335651000103","saleId":"3430308A","executiveName":"Elza Lara"}}
{"timestamp":"2026-03-16T14:30:47.194Z","importId":3,"level":"WARN","message":"Linha 21480: Pontuação é 0 ou null","category":"PONTUACAO","context":{"rowNumber":21480,"points":0,"cnpj":"11820109000191","saleId":"3430303A","executiveName":"Soraya Romano"}}
{"timestamp":"2026-03-16T14:30:47.195Z","importId":3,"level":"WARN","message":"Linha 21481: Pontuação é 0 ou null","category":"PONTUACAO","context":{"rowNumber":21481,"points":0,"cnpj":"10443597000100","saleId":"3430302A","executiveName":"Elza Lara"}}
{"timestamp":"2026-03-16T14:30:47.200Z","importId":3,"level":"WARN","message":"Linha 21484: Pontuação é 0 ou null","category":"PONTUACAO","context":{"rowNumber":21484,"points":0,"cnpj":"40304172000173","saleId":"3430298A","executiveName":"Elza Lara"}}
{"timestamp":"2026-03-16T14:30:47.202Z","importId":3,"level":"WARN","message":"Linha 21485: Pontuação é 0 ou null","category":"PONTUACAO","context":{"rowNumber":21485,"points":0,"cnpj":"40304172000173","saleId":"3430297A","executiveName":"Elza Lara"}}
{"timestamp":"2026-03-16T14:30:47.223Z","importId":3,"level":"WARN","message":"Linha 21499: Pontuação é 0 ou null","category":"PONTUACAO","context":{"rowNumber":21499,"points":0,"cnpj":"17581465000186","saleId":"3430372A","executiveName":"Clarissa Cavalheiro"}}
{"timestamp":"2026-03-16T14:30:47.226Z","importId":3,"level":"WARN","message":"Linha 21500: Pontuação é 0 ou null","category":"PONTUACAO","context":{"rowNumber":21500,"points":0,"cnpj":"61360615000113","saleId":"3430354A","executiveName":"Carlos Brito"}}
{"timestamp":"2026-03-16T14:30:47.255Z","importId":3,"level":"WARN","message":"Linha 21523: Pontuação é 0 ou null","category":"PONTUACAO","context":{"rowNumber":21523,"points":0,"cnpj":"17352278000120","saleId":"3430320A","executiveName":"Carlos Brito"}}
{"timestamp":"2026-03-16T14:30:47.634Z","importId":3,"level":"WARN","message":"Linha 21818: Pontuação é 0 ou null","category":"PONTUACAO","context":{"rowNumber":21818,"points":0,"cnpj":"22151899000186","saleId":"3426827A","executiveName":"Gabriela Carvalho"}}
{"timestamp":"2026-03-16T14:30:47.637Z","importId":3,"level":"WARN","message":"Linha 21819: Pontuação é 0 ou null","category":"PONTUACAO","context":{"rowNumber":21819,"points":0,"cnpj":"21667914000180","saleId":"3426824A","executiveName":"Armando Soares"}}
{"timestamp":"2026-03-16T14:30:47.639Z","importId":3,"level":"WARN","message":"Linha 21820: Pontuação é 0 ou null","category":"PONTUACAO","context":{"rowNumber":21820,"points":0,"cnpj":"57608093000159","saleId":"3426823A","executiveName":"Cristiano Dafre"}}
{"timestamp":"2026-03-16T14:30:47.641Z","importId":3,"level":"WARN","message":"Linha 21821: Pontuação é 0 ou null","category":"PONTUACAO","context":{"rowNumber":21821,"points":0,"cnpj":"57608093000159","saleId":"3426822A","executiveName":"Cristiano Dafre"}}
{"timestamp":"2026-03-16T14:30:47.644Z","importId":3,"level":"WARN","message":"Linha 21822: Pontuação é 0 ou null","category":"PONTUACAO","context":{"rowNumber":21822,"points":0,"cnpj":"55915565000190","saleId":"3426819A","executiveName":"Pasquale Neto"}}
{"timestamp":"2026-03-16T14:30:47.649Z","importId":3,"level":"WARN","message":"Linha 21825: Pontuação é 0 ou null","category":"PONTUACAO","context":{"rowNumber":21825,"points":0,"cnpj":"10530736000125","saleId":"3426804A","executiveName":"Elza Lara"}}
{"timestamp":"2026-03-16T14:30:47.651Z","importId":3,"level":"WARN","message":"Linha 21826: Pontuação é 0 ou null","category":"PONTUACAO","context":{"rowNumber":21826,"points":0,"cnpj":"10530736000125","saleId":"3426803A","executiveName":"Elza Lara"}}
{"timestamp":"2026-03-16T14:30:47.653Z","importId":3,"level":"WARN","message":"Linha 21827: Pontuação é 0 ou null","category":"PONTUACAO","context":{"rowNumber":21827,"points":0,"cnpj":"04420274000190","saleId":"3426800A","executiveName":"Elza Lara"}}
{"timestamp":"2026-03-16T14:30:47.655Z","importId":3,"level":"WARN","message":"Linha 21829: Pontuação é 0 ou null","category":"PONTUACAO","context":{"rowNumber":21829,"points":0,"cnpj":"53699400000101","saleId":"3426831A","executiveName":"Ricardo Morais"}}
{"timestamp":"2026-03-16T14:30:47.660Z","importId":3,"level":"WARN","message":"Linha 21831: Pontuação é 0 ou null","category":"PONTUACAO","context":{"rowNumber":21831,"points":0,"cnpj":"26203213000104","saleId":"3426792A","executiveName":"Roberto Garbin"}}
{"timestamp":"2026-03-16T14:30:47.662Z","importId":3,"level":"WARN","message":"Linha 21832: Pontuação é 0 ou null","category":"PONTUACAO","context":{"rowNumber":21832,"points":0,"cnpj":"26203213000104","saleId":"3426791A","executiveName":"Roberto Garbin"}}
{"timestamp":"2026-03-16T14:30:47.665Z","importId":3,"level":"WARN","message":"Linha 21833: Pontuação é 0 ou null","category":"PONTUACAO","context":{"rowNumber":21833,"points":0,"cnpj":"24194791000104","saleId":"3426790A","executiveName":"Elzo Nogueira"}}
{"timestamp":"2026-03-16T14:30:47.676Z","importId":3,"level":"WARN","message":"Linha 21840: Pontuação é 0 ou null","category":"PONTUACAO","context":{"rowNumber":21840,"points":0,"cnpj":"60496783000178","saleId":"3426769A","executiveName":"Ricardo Morais"}}
{"timestamp":"2026-03-16T14:30:47.677Z","importId":3,"level":"WARN","message":"Linha 21841: Pontuação é 0 ou null","category":"PONTUACAO","context":{"rowNumber":21841,"points":0,"cnpj":"60496783000178","saleId":"3426768A","executiveName":"Ricardo Morais"}}
{"timestamp":"2026-03-16T14:30:47.685Z","importId":3,"level":"WARN","message":"Linha 21846: Pontuação é 0 ou null","category":"PONTUACAO","context":{"rowNumber":21846,"points":0,"cnpj":"26203213000104","saleId":"3426937A","executiveName":"Roberto Garbin"}}
{"timestamp":"2026-03-16T14:30:47.719Z","importId":3,"level":"WARN","message":"Linha 21871: Pontuação é 0 ou null","category":"PONTUACAO","context":{"rowNumber":21871,"points":0,"cnpj":"60496783000178","saleId":"3426767A","executiveName":"Ricardo Morais"}}
{"timestamp":"2026-03-16T14:30:47.721Z","importId":3,"level":"WARN","message":"Linha 21872: Pontuação é 0 ou null","category":"PONTUACAO","context":{"rowNumber":21872,"points":0,"cnpj":"60496783000178","saleId":"3426766A","executiveName":"Ricardo Morais"}}
{"timestamp":"2026-03-16T14:30:47.724Z","importId":3,"level":"WARN","message":"Linha 21873: Pontuação é 0 ou null","category":"PONTUACAO","context":{"rowNumber":21873,"points":0,"cnpj":"00253135000169","saleId":"3426765A","executiveName":"Marlon Wander"}}
{"timestamp":"2026-03-16T14:30:47.763Z","importId":3,"level":"WARN","message":"Linha 21901: Pontuação é 0 ou null","category":"PONTUACAO","context":{"rowNumber":21901,"points":0,"cnpj":"26203213000104","saleId":"3426938A","executiveName":"Roberto Garbin"}}
{"timestamp":"2026-03-16T14:30:48.190Z","importId":3,"level":"WARN","message":"Linha 22224: Pontuação é 0 ou null","category":"PONTUACAO","context":{"rowNumber":22224,"points":0,"cnpj":"26203213000104","saleId":"3426305A","executiveName":"Roberto Garbin"}}
{"timestamp":"2026-03-16T14:30:48.193Z","importId":3,"level":"WARN","message":"Linha 22225: Pontuação é 0 ou null","category":"PONTUACAO","context":{"rowNumber":22225,"points":0,"cnpj":"26203213000104","saleId":"3426304A","executiveName":"Roberto Garbin"}}
{"timestamp":"2026-03-16T14:30:48.203Z","importId":3,"level":"WARN","message":"Linha 22232: Pontuação é 0 ou null","category":"PONTUACAO","context":{"rowNumber":22232,"points":0,"cnpj":"57608093000159","saleId":"3426297A","executiveName":"Cristiano Dafre"}}
{"timestamp":"2026-03-16T14:30:48.204Z","importId":3,"level":"WARN","message":"Linha 22233: Pontuação é 0 ou null","category":"PONTUACAO","context":{"rowNumber":22233,"points":0,"cnpj":"57608093000159","saleId":"3426296A","executiveName":"Cristiano Dafre"}}
{"timestamp":"2026-03-16T14:30:48.253Z","importId":3,"level":"WARN","message":"Linha 22273: Pontuação é 0 ou null","category":"PONTUACAO","context":{"rowNumber":22273,"points":0,"cnpj":"82524232000103","saleId":"3426314A","executiveName":"Cassia Shimabukuro"}}
{"timestamp":"2026-03-16T14:30:48.299Z","importId":3,"level":"WARN","message":"Linha 22312: Pontuação é 0 ou null","category":"PONTUACAO","context":{"rowNumber":22312,"points":0,"cnpj":"96682836000192","saleId":"3427626A","executiveName":"Marlon Wander"}}
{"timestamp":"2026-03-16T14:30:48.315Z","importId":3,"level":"WARN","message":"Linha 22324: Pontuação é 0 ou null","category":"PONTUACAO","context":{"rowNumber":22324,"points":0,"cnpj":"28551518000132","saleId":"3427603A","executiveName":"Karla Reis"}}
{"timestamp":"2026-03-16T14:30:48.319Z","importId":3,"level":"WARN","message":"Linha 22325: Pontuação é 0 ou null","category":"PONTUACAO","context":{"rowNumber":22325,"points":0,"cnpj":"28551518000132","saleId":"3427602A","executiveName":"Karla Reis"}}
{"timestamp":"2026-03-16T14:30:48.423Z","importId":3,"level":"WARN","message":"Linha 22417: Pontuação é 0 ou null","category":"PONTUACAO","context":{"rowNumber":22417,"points":0,"cnpj":"42323806000160","saleId":"3427737A","executiveName":"Luana Fagundes"}}
{"timestamp":"2026-03-16T14:30:48.528Z","importId":3,"level":"WARN","message":"Linha 22504: Pontuação é 0 ou null","category":"PONTUACAO","context":{"rowNumber":22504,"points":0,"cnpj":"75527804000142","saleId":"3427697A","executiveName":"Clarissa Cavalheiro"}}
{"timestamp":"2026-03-16T14:30:48.567Z","importId":3,"level":"WARN","message":"Linha 22537: Pontuação é 0 ou null","category":"PONTUACAO","context":{"rowNumber":22537,"points":0,"cnpj":"69156404000175","saleId":"3427289A","executiveName":"Leonardo Ligabo"}}
{"timestamp":"2026-03-16T14:30:48.569Z","importId":3,"level":"WARN","message":"Linha 22538: Pontuação é 0 ou null","category":"PONTUACAO","context":{"rowNumber":22538,"points":0,"cnpj":"69156404000175","saleId":"3427291A","executiveName":"Leonardo Ligabo"}}
{"timestamp":"2026-03-16T14:30:48.592Z","importId":3,"level":"WARN","message":"Linha 22550: Pontuação é 0 ou null","category":"PONTUACAO","context":{"rowNumber":22550,"points":0,"cnpj":"26203213000104","saleId":"3427305A","executiveName":"Roberto Garbin"}}
{"timestamp":"2026-03-16T14:30:48.597Z","importId":3,"level":"WARN","message":"Linha 22551: Pontuação é 0 ou null","category":"PONTUACAO","context":{"rowNumber":22551,"points":0,"cnpj":"26203213000104","saleId":"3427304A","executiveName":"Roberto Garbin"}}
{"timestamp":"2026-03-16T14:30:48.599Z","importId":3,"level":"WARN","message":"Linha 22552: Pontuação é 0 ou null","category":"PONTUACAO","context":{"rowNumber":22552,"points":0,"cnpj":"36417780000117","saleId":"3427303A","executiveName":"Kelly Furno"}}
{"timestamp":"2026-03-16T14:30:48.602Z","importId":3,"level":"WARN","message":"Linha 22553: Pontuação é 0 ou null","category":"PONTUACAO","context":{"rowNumber":22553,"points":0,"cnpj":"36417780000117","saleId":"3427302A","executiveName":"Kelly Furno"}}
{"timestamp":"2026-03-16T14:30:48.604Z","importId":3,"level":"WARN","message":"Linha 22554: Pontuação é 0 ou null","category":"PONTUACAO","context":{"rowNumber":22554,"points":0,"cnpj":"36417780000117","saleId":"3427301A","executiveName":"Kelly Furno"}}
{"timestamp":"2026-03-16T14:30:48.607Z","importId":3,"level":"WARN","message":"Linha 22555: Pontuação é 0 ou null","category":"PONTUACAO","context":{"rowNumber":22555,"points":0,"cnpj":"36417780000117","saleId":"3427300A","executiveName":"Kelly Furno"}}
{"timestamp":"2026-03-16T14:30:48.608Z","importId":3,"level":"WARN","message":"Linha 22556: Pontuação é 0 ou null","category":"PONTUACAO","context":{"rowNumber":22556,"points":0,"cnpj":"36417780000117","saleId":"3427299A","executiveName":"Kelly Furno"}}
{"timestamp":"2026-03-16T14:30:48.610Z","importId":3,"level":"WARN","message":"Linha 22557: Pontuação é 0 ou null","category":"PONTUACAO","context":{"rowNumber":22557,"points":0,"cnpj":"36417780000117","saleId":"3427298A","executiveName":"Kelly Furno"}}
{"timestamp":"2026-03-16T14:30:48.613Z","importId":3,"level":"WARN","message":"Linha 22558: Pontuação é 0 ou null","category":"PONTUACAO","context":{"rowNumber":22558,"points":0,"cnpj":"36417780000117","saleId":"3427297A","executiveName":"Kelly Furno"}}
{"timestamp":"2026-03-16T14:30:48.615Z","importId":3,"level":"WARN","message":"Linha 22559: Pontuação é 0 ou null","category":"PONTUACAO","context":{"rowNumber":22559,"points":0,"cnpj":"36417780000117","saleId":"3427296A","executiveName":"Kelly Furno"}}
{"timestamp":"2026-03-16T14:30:48.616Z","importId":3,"level":"WARN","message":"Linha 22560: Pontuação é 0 ou null","category":"PONTUACAO","context":{"rowNumber":22560,"points":0,"cnpj":"36417780000117","saleId":"3427295A","executiveName":"Kelly Furno"}}
{"timestamp":"2026-03-16T14:30:48.621Z","importId":3,"level":"WARN","message":"Linha 22563: Pontuação é 0 ou null","category":"PONTUACAO","context":{"rowNumber":22563,"points":0,"cnpj":"69156404000175","saleId":"3427292A","executiveName":"Leonardo Ligabo"}}
{"timestamp":"2026-03-16T14:30:48.623Z","importId":3,"level":"WARN","message":"Linha 22564: Pontuação é 0 ou null","category":"PONTUACAO","context":{"rowNumber":22564,"points":0,"cnpj":"69156404000175","saleId":"3427290A","executiveName":"Leonardo Ligabo"}}
{"timestamp":"2026-03-16T14:30:48.634Z","importId":3,"level":"WARN","message":"Linha 22574: Pontuação é 0 ou null","category":"PONTUACAO","context":{"rowNumber":22574,"points":0,"cnpj":"02708513000187","saleId":"3427170A","executiveName":"Pasquale Neto"}}
{"timestamp":"2026-03-16T14:30:48.638Z","importId":3,"level":"WARN","message":"Linha 22575: Pontuação é 0 ou null","category":"PONTUACAO","context":{"rowNumber":22575,"points":0,"cnpj":"02708513000187","saleId":"3427169A","executiveName":"Pasquale Neto"}}
{"timestamp":"2026-03-16T14:30:48.720Z","importId":3,"level":"WARN","message":"Linha 22648: Pontuação é 0 ou null","category":"PONTUACAO","context":{"rowNumber":22648,"points":0,"cnpj":"40304172000173","saleId":"3427405A","executiveName":"Elza Lara"}}
{"timestamp":"2026-03-16T14:30:48.724Z","importId":3,"level":"WARN","message":"Linha 22649: Pontuação é 0 ou null","category":"PONTUACAO","context":{"rowNumber":22649,"points":0,"cnpj":"40304172000173","saleId":"3427404A","executiveName":"Elza Lara"}}
{"timestamp":"2026-03-16T14:30:48.727Z","importId":3,"level":"WARN","message":"Linha 22652: Pontuação é 0 ou null","category":"PONTUACAO","context":{"rowNumber":22652,"points":0,"cnpj":"40304172000173","saleId":"3427402A","executiveName":"Elza Lara"}}
{"timestamp":"2026-03-16T14:30:48.739Z","importId":3,"level":"WARN","message":"Linha 22660: Pontuação é 0 ou null","category":"PONTUACAO","context":{"rowNumber":22660,"points":0,"cnpj":"45840019000184","saleId":"3427468A","executiveName":"Maira Vallim"}}
{"timestamp":"2026-03-16T14:30:48.763Z","importId":3,"level":"WARN","message":"Linha 22681: Pontuação é 0 ou null","category":"PONTUACAO","context":{"rowNumber":22681,"points":0,"cnpj":"40304172000173","saleId":"3427401A","executiveName":"Elza Lara"}}
{"timestamp":"2026-03-16T14:30:48.800Z","importId":3,"level":"WARN","message":"Linha 22710: Pontuação é 0 ou null","category":"PONTUACAO","context":{"rowNumber":22710,"points":0,"cnpj":"02884465000188","saleId":"3427333A","executiveName":"Pasquale Neto"}}
{"timestamp":"2026-03-16T14:30:48.836Z","importId":3,"level":"WARN","message":"Linha 22737: Pontuação é 0 ou null","category":"PONTUACAO","context":{"rowNumber":22737,"points":0,"cnpj":"02884465000188","saleId":"3427363A","executiveName":"Pasquale Neto"}}
{"timestamp":"2026-03-16T14:30:49.123Z","importId":3,"level":"WARN","message":"Linha 22978: Pontuação é 0 ou null","category":"PONTUACAO","context":{"rowNumber":22978,"points":0,"cnpj":"15097613000166","saleId":"3430353A","executiveName":"Luana Fagundes"}}
{"timestamp":"2026-03-16T14:30:49.146Z","importId":3,"level":"WARN","message":"Linha 22996: Pontuação é 0 ou null","category":"PONTUACAO","context":{"rowNumber":22996,"points":0,"cnpj":"07941928000110","saleId":"3430307A","executiveName":"William Silva"}}
{"timestamp":"2026-03-16T14:30:49.164Z","importId":3,"level":"WARN","message":"Linha 23012: Pontuação é 0 ou null","category":"PONTUACAO","context":{"rowNumber":23012,"points":0,"cnpj":"07941928000110","saleId":"3430306A","executiveName":"William Silva"}}
{"timestamp":"2026-03-16T14:30:49.662Z","importId":3,"level":"INFO","message":"Sincronizando import items com ledger para agências existentes","category":"OUTROS","context":{}}
{"timestamp":"2026-03-16T14:30:49.993Z","importId":3,"level":"INFO","message":"Sincronização concluída: 114 entradas criadas no ledger para agências existentes","category":"OUTROS","context":{"syncedCount":114}}
{"timestamp":"2026-03-16T14:30:49.996Z","importId":3,"level":"INFO","message":"Importação concluída: 23443 inseridos, 0 pulados, 1 erros","category":"OUTROS","context":{"inserted":23443,"skipped":0,"totalErrors":1,"skippedByReason":{"CNPJ/CPF é obrigatório":1},"totalRows":23444}}
{"timestamp":"2026-03-16T19:43:23.011Z","importId":3,"level":"INFO","message":"Iniciando processamento em background","category":"OUTROS","context":{"filePath":"/src/assets/spreadsheets/01a16-1773690202858-894690584.xlsx"}}
{"timestamp":"2026-03-16T19:43:24.170Z","importId":3,"level":"INFO","message":"Planilha processada: 23443 linhas válidas, 1 com erro","category":"OUTROS","context":{"totalRows":23444,"validRows":23443,"errorRows":1}}
{"timestamp":"2026-03-16T19:43:24.344Z","importId":3,"level":"WARN","message":"Linha 118: Pontuação é 0 ou null","category":"PONTUACAO","context":{"rowNumber":118,"points":0,"cnpj":"22418050000126","saleId":"3400715A","executiveName":"Cristiano Dafre"}}
{"timestamp":"2026-03-16T19:43:24.368Z","importId":3,"level":"WARN","message":"Linha 134: Pontuação é 0 ou null","category":"PONTUACAO","context":{"rowNumber":134,"points":0,"cnpj":"15006080000160","saleId":"3400749A","executiveName":"Pasquale Neto"}}
{"timestamp":"2026-03-16T19:43:24.373Z","importId":3,"level":"WARN","message":"Linha 136: Pontuação é 0 ou null","category":"PONTUACAO","context":{"rowNumber":136,"points":0,"cnpj":"20606282000182","saleId":"3400769A","executiveName":"Armando Soares"}}
{"timestamp":"2026-03-16T19:43:24.394Z","importId":3,"level":"WARN","message":"Linha 149: Pontuação é 0 ou null","category":"PONTUACAO","context":{"rowNumber":149,"points":0,"cnpj":"15875000000102","saleId":"3400777A","executiveName":"Elza Lara"}}
{"timestamp":"2026-03-16T19:43:24.402Z","importId":3,"level":"WARN","message":"Linha 153: Pontuação é 0 ou null","category":"PONTUACAO","context":{"rowNumber":153,"points":0,"cnpj":"16860367000115","saleId":"3403907A","executiveName":"Andreza Lubatsch"}}
{"timestamp":"2026-03-16T19:43:24.405Z","importId":3,"level":"WARN","message":"Linha 154: Pontuação é 0 ou null","category":"PONTUACAO","context":{"rowNumber":154,"points":0,"cnpj":"30607677000153","saleId":"3404082A","executiveName":"Rafaela Soares"}}
{"timestamp":"2026-03-16T19:43:24.409Z","importId":3,"level":"WARN","message":"Linha 155: Pontuação é 0 ou null","category":"PONTUACAO","context":{"rowNumber":155,"points":0,"cnpj":"20606282000182","saleId":"3400767A","executiveName":"Armando Soares"}}
{"timestamp":"2026-03-16T19:43:24.413Z","importId":3,"level":"WARN","message":"Linha 158: Pontuação é 0 ou null","category":"PONTUACAO","context":{"rowNumber":158,"points":0,"cnpj":"28209105000174","saleId":"3400808A","executiveName":"Ronaldo Coelho"}}
{"timestamp":"2026-03-16T19:43:24.414Z","importId":3,"level":"WARN","message":"Linha 159: Pontuação é 0 ou null","category":"PONTUACAO","context":{"rowNumber":159,"points":0,"cnpj":"12100779000104","saleId":"3400752A","executiveName":"Carlos Brito"}}
{"timestamp":"2026-03-16T19:43:24.453Z","importId":3,"level":"WARN","message":"Linha 186: Pontuação é 0 ou null","category":"PONTUACAO","context":{"rowNumber":186,"points":0,"cnpj":"28209105000174","saleId":"3400807A","executiveName":"Ronaldo Coelho"}}
{"timestamp":"2026-03-16T19:43:24.455Z","importId":3,"level":"WARN","message":"Linha 187: Pontuação é 0 ou null","category":"PONTUACAO","context":{"rowNumber":187,"points":0,"cnpj":"20890330000107","saleId":"3400766A","executiveName":"Ricardo Morais"}}
{"timestamp":"2026-03-16T19:43:24.458Z","importId":3,"level":"WARN","message":"Linha 189: Pontuação é 0 ou null","category":"PONTUACAO","context":{"rowNumber":189,"points":0,"cnpj":"20890330000107","saleId":"3400764A","executiveName":"Ricardo Morais"}}
{"timestamp":"2026-03-16T19:43:24.461Z","importId":3,"level":"WARN","message":"Linha 190: Pontuação é 0 ou null","category":"PONTUACAO","context":{"rowNumber":190,"points":0,"cnpj":"20606282000182","saleId":"3400776A","executiveName":"Armando Soares"}}
{"timestamp":"2026-03-16T19:43:24.463Z","importId":3,"level":"WARN","message":"Linha 191: Pontuação é 0 ou null","category":"PONTUACAO","context":{"rowNumber":191,"points":0,"cnpj":"20606282000182","saleId":"3400775A","executiveName":"Armando Soares"}}
{"timestamp":"2026-03-16T19:43:24.465Z","importId":3,"level":"WARN","message":"Linha 192: Pontuação é 0 ou null","category":"PONTUACAO","context":{"rowNumber":192,"points":0,"cnpj":"20606282000182","saleId":"3400774A","executiveName":"Armando Soares"}}
{"timestamp":"2026-03-16T19:43:24.466Z","importId":3,"level":"WARN","message":"Linha 193: Pontuação é 0 ou null","category":"PONTUACAO","context":{"rowNumber":193,"points":0,"cnpj":"20606282000182","saleId":"3400773A","executiveName":"Armando Soares"}}
{"timestamp":"2026-03-16T19:43:24.470Z","importId":3,"level":"WARN","message":"Linha 194: Pontuação é 0 ou null","category":"PONTUACAO","context":{"rowNumber":194,"points":0,"cnpj":"20606282000182","saleId":"3400772A","executiveName":"Armando Soares"}}
{"timestamp":"2026-03-16T19:43:24.472Z","importId":3,"level":"WARN","message":"Linha 195: Pontuação é 0 ou null","category":"PONTUACAO","context":{"rowNumber":195,"points":0,"cnpj":"20606282000182","saleId":"3400771A","executiveName":"Armando Soares"}}
{"timestamp":"2026-03-16T19:43:24.476Z","importId":3,"level":"WARN","message":"Linha 196: Pontuação é 0 ou null","category":"PONTUACAO","context":{"rowNumber":196,"points":0,"cnpj":"20890330000107","saleId":"3400765A","executiveName":"Ricardo Morais"}}
{"timestamp":"2026-03-16T19:43:24.478Z","importId":3,"level":"WARN","message":"Linha 197: Pontuação é 0 ou null","category":"PONTUACAO","context":{"rowNumber":197,"points":0,"cnpj":"20606282000182","saleId":"3400770A","executiveName":"Armando Soares"}}
{"timestamp":"2026-03-16T19:43:24.479Z","importId":3,"level":"WARN","message":"Linha 198: Pontuação é 0 ou null","category":"PONTUACAO","context":{"rowNumber":198,"points":0,"cnpj":"20890330000107","saleId":"3400763A","executiveName":"Ricardo Morais"}}
{"timestamp":"2026-03-16T19:43:24.769Z","importId":3,"level":"WARN","message":"Linha 406: Pontuação é 0 ou null","category":"PONTUACAO","context":{"rowNumber":406,"points":0,"cnpj":"20929210000176","saleId":"3402493A","executiveName":"Gabriela Carvalho"}}
{"timestamp":"2026-03-16T19:43:24.983Z","importId":3,"level":"WARN","message":"Linha 566: Pontuação é 0 ou null","category":"PONTUACAO","context":{"rowNumber":566,"points":0,"cnpj":"03022734000160","saleId":"3402581A","executiveName":"Ricardo Morais"}}
{"timestamp":"2026-03-16T19:43:25.160Z","importId":3,"level":"WARN","message":"Linha 696: Pontuação é 0 ou null","category":"PONTUACAO","context":{"rowNumber":696,"points":0,"cnpj":"03022734000160","saleId":"3402569A","executiveName":"Ricardo Morais"}}
{"timestamp":"2026-03-16T19:43:25.460Z","importId":3,"level":"WARN","message":"Linha 926: Pontuação é 0 ou null","category":"PONTUACAO","context":{"rowNumber":926,"points":0,"cnpj":"24030446000127","saleId":"3403901A","executiveName":"Ricardo Bueno"}}
{"timestamp":"2026-03-16T19:43:25.463Z","importId":3,"level":"WARN","message":"Linha 927: Pontuação é 0 ou null","category":"PONTUACAO","context":{"rowNumber":927,"points":0,"cnpj":"27588973000140","saleId":"3403900A","executiveName":"Marlon Wander"}}
{"timestamp":"2026-03-16T19:43:25.465Z","importId":3,"level":"WARN","message":"Linha 928: Pontuação é 0 ou null","category":"PONTUACAO","context":{"rowNumber":928,"points":0,"cnpj":"74538836000180","saleId":"3403896A","executiveName":"Rafaela Soares"}}
{"timestamp":"2026-03-16T19:43:25.469Z","importId":3,"level":"WARN","message":"Linha 929: Pontuação é 0 ou null","category":"PONTUACAO","context":{"rowNumber":929,"points":0,"cnpj":"74538836000180","saleId":"3403895A","executiveName":"Rafaela Soares"}}
{"timestamp":"2026-03-16T19:43:25.471Z","importId":3,"level":"WARN","message":"Linha 930: Pontuação é 0 ou null","category":"PONTUACAO","context":{"rowNumber":930,"points":0,"cnpj":"06577931836","saleId":"3403893A","executiveName":"Miguel Jenotti"}}
{"timestamp":"2026-03-16T19:43:25.472Z","importId":3,"level":"WARN","message":"Linha 931: Pontuação é 0 ou null","category":"PONTUACAO","context":{"rowNumber":931,"points":0,"cnpj":"06577931836","saleId":"3403892A","executiveName":"Miguel Jenotti"}}
{"timestamp":"2026-03-16T19:43:25.475Z","importId":3,"level":"WARN","message":"Linha 932: Pontuação é 0 ou null","category":"PONTUACAO","context":{"rowNumber":932,"points":0,"cnpj":"00824865000172","saleId":"3403891A","executiveName":"Carlos Brito"}}
{"timestamp":"2026-03-16T19:43:25.477Z","importId":3,"level":"WARN","message":"Linha 933: Pontuação é 0 ou null","category":"PONTUACAO","context":{"rowNumber":933,"points":0,"cnpj":"00824865000172","saleId":"3403890A","executiveName":"Carlos Brito"}}
{"timestamp":"2026-03-16T19:43:25.480Z","importId":3,"level":"WARN","message":"Linha 934: Pontuação é 0 ou null","category":"PONTUACAO","context":{"rowNumber":934,"points":0,"cnpj":"00824865000172","saleId":"3403889A","executiveName":"Carlos Brito"}}
{"timestamp":"2026-03-16T19:43:25.483Z","importId":3,"level":"WARN","message":"Linha 935: Pontuação é 0 ou null","category":"PONTUACAO","context":{"rowNumber":935,"points":0,"cnpj":"00824865000172","saleId":"3403888A","executiveName":"Carlos Brito"}}
{"timestamp":"2026-03-16T19:43:25.487Z","importId":3,"level":"WARN","message":"Linha 936: Pontuação é 0 ou null","category":"PONTUACAO","context":{"rowNumber":936,"points":0,"cnpj":"11136185000182","saleId":"3403887A","executiveName":"Marlon Wander"}}
{"timestamp":"2026-03-16T19:43:25.490Z","importId":3,"level":"WARN","message":"Linha 937: Pontuação é 0 ou null","category":"PONTUACAO","context":{"rowNumber":937,"points":0,"cnpj":"07697910000114","saleId":"3403879A","executiveName":"Miguel Jenotti"}}
{"timestamp":"2026-03-16T19:43:25.494Z","importId":3,"level":"WARN","message":"Linha 938: Pontuação é 0 ou null","category":"PONTUACAO","context":{"rowNumber":938,"points":0,"cnpj":"06256161000127","saleId":"3403876A","executiveName":"Pasquale Neto"}}
{"timestamp":"2026-03-16T19:43:25.496Z","importId":3,"level":"WARN","message":"Linha 939: Pontuação é 0 ou null","category":"PONTUACAO","context":{"rowNumber":939,"points":0,"cnpj":"06256161000127","saleId":"3403875A","executiveName":"Pasquale Neto"}}
{"timestamp":"2026-03-16T19:43:25.499Z","importId":3,"level":"WARN","message":"Linha 940: Pontuação é 0 ou null","category":"PONTUACAO","context":{"rowNumber":940,"points":0,"cnpj":"06256161000127","saleId":"3403874A","executiveName":"Pasquale Neto"}}
{"timestamp":"2026-03-16T19:43:25.501Z","importId":3,"level":"WARN","message":"Linha 941: Pontuação é 0 ou null","category":"PONTUACAO","context":{"rowNumber":941,"points":0,"cnpj":"06256161000127","saleId":"3403873A","executiveName":"Pasquale Neto"}}
{"timestamp":"2026-03-16T19:43:25.504Z","importId":3,"level":"WARN","message":"Linha 942: Pontuação é 0 ou null","category":"PONTUACAO","context":{"rowNumber":942,"points":0,"cnpj":"06256161000127","saleId":"3403872A","executiveName":"Pasquale Neto"}}
{"timestamp":"2026-03-16T19:43:25.506Z","importId":3,"level":"WARN","message":"Linha 943: Pontuação é 0 ou null","category":"PONTUACAO","context":{"rowNumber":943,"points":0,"cnpj":"06256161000127","saleId":"3403870A","executiveName":"Pasquale Neto"}}
{"timestamp":"2026-03-16T19:43:25.537Z","importId":3,"level":"WARN","message":"Linha 962: Pontuação é 0 ou null","category":"PONTUACAO","context":{"rowNumber":962,"points":0,"cnpj":"02884465000188","saleId":"3403453A","executiveName":"Pasquale Neto"}}
{"timestamp":"2026-03-16T19:43:25.539Z","importId":3,"level":"WARN","message":"Linha 963: Pontuação é 0 ou null","category":"PONTUACAO","context":{"rowNumber":963,"points":0,"cnpj":"02884465000188","saleId":"3403452A","executiveName":"Pasquale Neto"}}
{"timestamp":"2026-03-16T19:43:25.579Z","importId":3,"level":"WARN","message":"Linha 991: Pontuação é 0 ou null","category":"PONTUACAO","context":{"rowNumber":991,"points":0,"cnpj":"24030446000127","saleId":"3403902A","executiveName":"Ricardo Bueno"}}
{"timestamp":"2026-03-16T19:43:25.592Z","importId":3,"level":"WARN","message":"Linha 997: Pontuação é 0 ou null","category":"PONTUACAO","context":{"rowNumber":997,"points":0,"cnpj":"32143132000169","saleId":"3403639A","executiveName":"Pasquale Neto"}}
{"timestamp":"2026-03-16T19:43:25.606Z","importId":3,"level":"WARN","message":"Linha 1005: Pontuação é 0 ou null","category":"PONTUACAO","context":{"rowNumber":1005,"points":0,"cnpj":"24030446000127","saleId":"3403903A","executiveName":"Ricardo Bueno"}}
{"timestamp":"2026-03-16T19:43:25.608Z","importId":3,"level":"WARN","message":"Linha 1006: Pontuação é 0 ou null","category":"PONTUACAO","context":{"rowNumber":1006,"points":0,"cnpj":"32351158000100","saleId":"3403905A","executiveName":"Roberto Garbin"}}
{"timestamp":"2026-03-16T19:43:25.610Z","importId":3,"level":"WARN","message":"Linha 1007: Pontuação é 0 ou null","category":"PONTUACAO","context":{"rowNumber":1007,"points":0,"cnpj":"41886096000114","saleId":"3403906A","executiveName":"Elza Lara"}}
{"timestamp":"2026-03-16T19:43:25.613Z","importId":3,"level":"WARN","message":"Linha 1009: Pontuação é 0 ou null","category":"PONTUACAO","context":{"rowNumber":1009,"points":0,"cnpj":"18240475000110","saleId":"3408930A","executiveName":"Leonardo Ligabo"}}
{"timestamp":"2026-03-16T19:43:25.616Z","importId":3,"level":"WARN","message":"Linha 1010: Pontuação é 0 ou null","category":"PONTUACAO","context":{"rowNumber":1010,"points":0,"cnpj":"58758327000107","saleId":"3408887A","executiveName":"Pasquale Neto"}}
{"timestamp":"2026-03-16T19:43:25.618Z","importId":3,"level":"WARN","message":"Linha 1011: Pontuação é 0 ou null","category":"PONTUACAO","context":{"rowNumber":1011,"points":0,"cnpj":"69897824715","saleId":"3408884A","executiveName":"Elza Lara"}}
{"timestamp":"2026-03-16T19:43:25.623Z","importId":3,"level":"WARN","message":"Linha 1014: Pontuação é 0 ou null","category":"PONTUACAO","context":{"rowNumber":1014,"points":0,"cnpj":"36417780000117","saleId":"3407586A","executiveName":"Kelly Furno"}}
{"timestamp":"2026-03-16T19:43:25.626Z","importId":3,"level":"WARN","message":"Linha 1016: Pontuação é 0 ou null","category":"PONTUACAO","context":{"rowNumber":1016,"points":0,"cnpj":"36417780000117","saleId":"3407544A","executiveName":"Kelly Furno"}}
{"timestamp":"2026-03-16T19:43:25.630Z","importId":3,"level":"WARN","message":"Linha 1018: Pontuação é 0 ou null","category":"PONTUACAO","context":{"rowNumber":1018,"points":0,"cnpj":"36417780000117","saleId":"3407432A","executiveName":"Kelly Furno"}}
{"timestamp":"2026-03-16T19:43:25.632Z","importId":3,"level":"WARN","message":"Linha 1019: Pontuação é 0 ou null","category":"PONTUACAO","context":{"rowNumber":1019,"points":0,"cnpj":"36417780000117","saleId":"3407423A","executiveName":"Kelly Furno"}}
{"timestamp":"2026-03-16T19:43:25.645Z","importId":3,"level":"WARN","message":"Linha 1028: Pontuação é 0 ou null","category":"PONTUACAO","context":{"rowNumber":1028,"points":0,"cnpj":"39861693000142","saleId":"3406537A","executiveName":"Karla Reis"}}
{"timestamp":"2026-03-16T19:43:25.647Z","importId":3,"level":"WARN","message":"Linha 1029: Pontuação é 0 ou null","category":"PONTUACAO","context":{"rowNumber":1029,"points":0,"cnpj":"95171119000133","saleId":"3406535A","executiveName":"Carlos Brito"}}
{"timestamp":"2026-03-16T19:43:25.649Z","importId":3,"level":"WARN","message":"Linha 1030: Pontuação é 0 ou null","category":"PONTUACAO","context":{"rowNumber":1030,"points":0,"cnpj":"95171119000133","saleId":"3406534A","executiveName":"Carlos Brito"}}
{"timestamp":"2026-03-16T19:43:25.654Z","importId":3,"level":"WARN","message":"Linha 1032: Pontuação é 0 ou null","category":"PONTUACAO","context":{"rowNumber":1032,"points":0,"cnpj":"08624247000190","saleId":"3409894A","executiveName":"Carlos Barbassa"}}
{"timestamp":"2026-03-16T19:43:25.656Z","importId":3,"level":"WARN","message":"Linha 1033: Pontuação é 0 ou null","category":"PONTUACAO","context":{"rowNumber":1033,"points":0,"cnpj":"55343181000140","saleId":"3411615A","executiveName":"Elza Lara"}}
{"timestamp":"2026-03-16T19:43:25.657Z","importId":3,"level":"WARN","message":"Linha 1034: Pontuação é 0 ou null","category":"PONTUACAO","context":{"rowNumber":1034,"points":0,"cnpj":"57426975000101","saleId":"3411644A","executiveName":"Miguel Jenotti"}}
{"timestamp":"2026-03-16T19:43:25.665Z","importId":3,"level":"WARN","message":"Linha 1038: Pontuação é 0 ou null","category":"PONTUACAO","context":{"rowNumber":1038,"points":0,"cnpj":"08624247000190","saleId":"3424118A","executiveName":"Carlos Barbassa"}}
{"timestamp":"2026-03-16T19:43:25.674Z","importId":3,"level":"WARN","message":"Linha 1044: Pontuação é 0 ou null","category":"PONTUACAO","context":{"rowNumber":1044,"points":0,"cnpj":"44247693000197","saleId":"3421159A","executiveName":"Cristiano Dafre"}}
{"timestamp":"2026-03-16T19:43:25.678Z","importId":3,"level":"WARN","message":"Linha 1045: Pontuação é 0 ou null","category":"PONTUACAO","context":{"rowNumber":1045,"points":0,"cnpj":"55915565000190","saleId":"3421156A","executiveName":"Pasquale Neto"}}
{"timestamp":"2026-03-16T19:43:25.681Z","importId":3,"level":"WARN","message":"Linha 1046: Pontuação é 0 ou null","category":"PONTUACAO","context":{"rowNumber":1046,"points":0,"cnpj":"10340598000111","saleId":"3406532A","executiveName":"Armando Soares"}}
{"timestamp":"2026-03-16T19:43:25.683Z","importId":3,"level":"WARN","message":"Linha 1047: Pontuação é 0 ou null","category":"PONTUACAO","context":{"rowNumber":1047,"points":0,"cnpj":"08624247000190","saleId":"3420944A","executiveName":"Carlos Barbassa"}}
{"timestamp":"2026-03-16T19:43:25.685Z","importId":3,"level":"WARN","message":"Linha 1048: Pontuação é 0 ou null","category":"PONTUACAO","context":{"rowNumber":1048,"points":0,"cnpj":"59717926000145","saleId":"3419132A","executiveName":"Ronaldo Coelho"}}
{"timestamp":"2026-03-16T19:43:25.687Z","importId":3,"level":"WARN","message":"Linha 1049: Pontuação é 0 ou null","category":"PONTUACAO","context":{"rowNumber":1049,"points":0,"cnpj":"23157294000165","saleId":"3415734A","executiveName":"Ricardo Morais"}}
{"timestamp":"2026-03-16T19:43:25.688Z","importId":3,"level":"WARN","message":"Linha 1050: Pontuação é 0 ou null","category":"PONTUACAO","context":{"rowNumber":1050,"points":0,"cnpj":"23157294000165","saleId":"3415733A","executiveName":"Ricardo Morais"}}
{"timestamp":"2026-03-16T19:43:25.692Z","importId":3,"level":"WARN","message":"Linha 1051: Pontuação é 0 ou null","category":"PONTUACAO","context":{"rowNumber":1051,"points":0,"cnpj":"20591878000156","saleId":"3415497A","executiveName":"William Silva"}}
{"timestamp":"2026-03-16T19:43:25.693Z","importId":3,"level":"WARN","message":"Linha 1052: Pontuação é 0 ou null","category":"PONTUACAO","context":{"rowNumber":1052,"points":0,"cnpj":"20591878000156","saleId":"3415496A","executiveName":"William Silva"}}
{"timestamp":"2026-03-16T19:43:25.695Z","importId":3,"level":"WARN","message":"Linha 1053: Pontuação é 0 ou null","category":"PONTUACAO","context":{"rowNumber":1053,"points":0,"cnpj":"23157294000165","saleId":"3415453A","executiveName":"Ricardo Morais"}}
{"timestamp":"2026-03-16T19:43:25.697Z","importId":3,"level":"WARN","message":"Linha 1054: Pontuação é 0 ou null","category":"PONTUACAO","context":{"rowNumber":1054,"points":0,"cnpj":"23157294000165","saleId":"3415452A","executiveName":"Ricardo Morais"}}
{"timestamp":"2026-03-16T19:43:25.701Z","importId":3,"level":"WARN","message":"Linha 1055: Pontuação é 0 ou null","category":"PONTUACAO","context":{"rowNumber":1055,"points":0,"cnpj":"02884465000188","saleId":"3415385A","executiveName":"Pasquale Neto"}}
{"timestamp":"2026-03-16T19:43:25.703Z","importId":3,"level":"WARN","message":"Linha 1056: Pontuação é 0 ou null","category":"PONTUACAO","context":{"rowNumber":1056,"points":0,"cnpj":"18096686000121","saleId":"3412155A","executiveName":"Pasquale Neto"}}
{"timestamp":"2026-03-16T19:43:25.707Z","importId":3,"level":"WARN","message":"Linha 1058: Pontuação é 0 ou null","category":"PONTUACAO","context":{"rowNumber":1058,"points":0,"cnpj":"57426975000101","saleId":"3411645A","executiveName":"Miguel Jenotti"}}
{"timestamp":"2026-03-16T19:43:25.712Z","importId":3,"level":"WARN","message":"Linha 1061: Pontuação é 0 ou null","category":"PONTUACAO","context":{"rowNumber":1061,"points":0,"cnpj":"44247693000197","saleId":"3406529A","executiveName":"Cristiano Dafre"}}
{"timestamp":"2026-03-16T19:43:25.714Z","importId":3,"level":"WARN","message":"Linha 1062: Pontuação é 0 ou null","category":"PONTUACAO","context":{"rowNumber":1062,"points":0,"cnpj":"29416586000151","saleId":"3406517A","executiveName":"Pasquale Neto"}}
{"timestamp":"2026-03-16T19:43:25.716Z","importId":3,"level":"WARN","message":"Linha 1063: Pontuação é 0 ou null","category":"PONTUACAO","context":{"rowNumber":1063,"points":0,"cnpj":"43304326000115","saleId":"3406408A","executiveName":"Ricardo Bueno"}}
{"timestamp":"2026-03-16T19:43:25.717Z","importId":3,"level":"WARN","message":"Linha 1064: Pontuação é 0 ou null","category":"PONTUACAO","context":{"rowNumber":1064,"points":0,"cnpj":"31325699000193","saleId":"3406407A","executiveName":"Elza Lara"}}
{"timestamp":"2026-03-16T19:43:25.723Z","importId":3,"level":"WARN","message":"Linha 1066: Pontuação é 0 ou null","category":"PONTUACAO","context":{"rowNumber":1066,"points":0,"cnpj":"44580085000108","saleId":"3406351A","executiveName":"Cristiano Dafre"}}
{"timestamp":"2026-03-16T19:43:25.725Z","importId":3,"level":"WARN","message":"Linha 1067: Pontuação é 0 ou null","category":"PONTUACAO","context":{"rowNumber":1067,"points":0,"cnpj":"44580085000108","saleId":"3406350A","executiveName":"Cristiano Dafre"}}
{"timestamp":"2026-03-16T19:43:25.727Z","importId":3,"level":"WARN","message":"Linha 1068: Pontuação é 0 ou null","category":"PONTUACAO","context":{"rowNumber":1068,"points":0,"cnpj":"21301696000166","saleId":"3406344A","executiveName":"Luana Fagundes"}}
{"timestamp":"2026-03-16T19:43:25.744Z","importId":3,"level":"WARN","message":"Linha 1079: Pontuação é 0 ou null","category":"PONTUACAO","context":{"rowNumber":1079,"points":0,"cnpj":"00234363000191","saleId":"3405033A","executiveName":"Miguel Jenotti"}}
{"timestamp":"2026-03-16T19:43:25.753Z","importId":3,"level":"WARN","message":"Linha 1083: Pontuação é 0 ou null","category":"PONTUACAO","context":{"rowNumber":1083,"points":0,"cnpj":"10654543000186","saleId":"3404086A","executiveName":"Karla Reis"}}
{"timestamp":"2026-03-16T19:43:25.754Z","importId":3,"level":"WARN","message":"Linha 1084: Pontuação é 0 ou null","category":"PONTUACAO","context":{"rowNumber":1084,"points":0,"cnpj":"08109839000174","saleId":"3404053A","executiveName":"Carlos Brito"}}
{"timestamp":"2026-03-16T19:43:25.757Z","importId":3,"level":"WARN","message":"Linha 1085: Pontuação é 0 ou null","category":"PONTUACAO","context":{"rowNumber":1085,"points":0,"cnpj":"08109839000174","saleId":"3404052A","executiveName":"Carlos Brito"}}
{"timestamp":"2026-03-16T19:43:25.762Z","importId":3,"level":"WARN","message":"Linha 1086: Pontuação é 0 ou null","category":"PONTUACAO","context":{"rowNumber":1086,"points":0,"cnpj":"16436845000164","saleId":"3406410A","executiveName":"Pasquale Neto"}}
{"timestamp":"2026-03-16T19:43:25.764Z","importId":3,"level":"WARN","message":"Linha 1087: Pontuação é 0 ou null","category":"PONTUACAO","context":{"rowNumber":1087,"points":0,"cnpj":"24194791000104","saleId":"3406415A","executiveName":"Elzo Nogueira"}}
{"timestamp":"2026-03-16T19:43:25.767Z","importId":3,"level":"WARN","message":"Linha 1088: Pontuação é 0 ou null","category":"PONTUACAO","context":{"rowNumber":1088,"points":0,"cnpj":"27150845000110","saleId":"3406416A","executiveName":"Gabriela Carvalho"}}
{"timestamp":"2026-03-16T19:43:25.770Z","importId":3,"level":"WARN","message":"Linha 1089: Pontuação é 0 ou null","category":"PONTUACAO","context":{"rowNumber":1089,"points":0,"cnpj":"27150845000110","saleId":"3406434A","executiveName":"Gabriela Carvalho"}}
{"timestamp":"2026-03-16T19:43:25.773Z","importId":3,"level":"WARN","message":"Linha 1091: Pontuação é 0 ou null","category":"PONTUACAO","context":{"rowNumber":1091,"points":0,"cnpj":"03329746000131","saleId":"3406508A","executiveName":"Luana Fagundes"}}
{"timestamp":"2026-03-16T19:43:25.776Z","importId":3,"level":"WARN","message":"Linha 1092: Pontuação é 0 ou null","category":"PONTUACAO","context":{"rowNumber":1092,"points":0,"cnpj":"07868518000190","saleId":"3406507A","executiveName":"Luana Fagundes"}}
{"timestamp":"2026-03-16T19:43:25.778Z","importId":3,"level":"WARN","message":"Linha 1093: Pontuação é 0 ou null","category":"PONTUACAO","context":{"rowNumber":1093,"points":0,"cnpj":"67889741000146","saleId":"3406506A","executiveName":"Armando Soares"}}
{"timestamp":"2026-03-16T19:43:25.780Z","importId":3,"level":"WARN","message":"Linha 1094: Pontuação é 0 ou null","category":"PONTUACAO","context":{"rowNumber":1094,"points":0,"cnpj":"12416622000184","saleId":"3406498A","executiveName":"Elza Lara"}}
{"timestamp":"2026-03-16T19:43:25.783Z","importId":3,"level":"WARN","message":"Linha 1095: Pontuação é 0 ou null","category":"PONTUACAO","context":{"rowNumber":1095,"points":0,"cnpj":"03383967000198","saleId":"3406497A","executiveName":"Elza Lara"}}
{"timestamp":"2026-03-16T19:43:25.785Z","importId":3,"level":"WARN","message":"Linha 1096: Pontuação é 0 ou null","category":"PONTUACAO","context":{"rowNumber":1096,"points":0,"cnpj":"21432799000165","saleId":"3406496A","executiveName":"Andreza Lubatsch"}}
{"timestamp":"2026-03-16T19:43:25.786Z","importId":3,"level":"WARN","message":"Linha 1097: Pontuação é 0 ou null","category":"PONTUACAO","context":{"rowNumber":1097,"points":0,"cnpj":"08937466000120","saleId":"3406487A","executiveName":"Pasquale Neto"}}
{"timestamp":"2026-03-16T19:43:25.791Z","importId":3,"level":"WARN","message":"Linha 1099: Pontuação é 0 ou null","category":"PONTUACAO","context":{"rowNumber":1099,"points":0,"cnpj":"02116253000150","saleId":"3406471A","executiveName":"Elza Lara"}}
{"timestamp":"2026-03-16T19:43:25.792Z","importId":3,"level":"WARN","message":"Linha 1100: Pontuação é 0 ou null","category":"PONTUACAO","context":{"rowNumber":1100,"points":0,"cnpj":"57608093000159","saleId":"3406469A","executiveName":"Cristiano Dafre"}}
{"timestamp":"2026-03-16T19:43:25.794Z","importId":3,"level":"WARN","message":"Linha 1101: Pontuação é 0 ou null","category":"PONTUACAO","context":{"rowNumber":1101,"points":0,"cnpj":"44247693000197","saleId":"3406528A","executiveName":"Cristiano Dafre"}}
{"timestamp":"2026-03-16T19:43:25.796Z","importId":3,"level":"WARN","message":"Linha 1102: Pontuação é 0 ou null","category":"PONTUACAO","context":{"rowNumber":1102,"points":0,"cnpj":"57608093000159","saleId":"3406468A","executiveName":"Cristiano Dafre"}}
{"timestamp":"2026-03-16T19:43:25.797Z","importId":3,"level":"WARN","message":"Linha 1103: Pontuação é 0 ou null","category":"PONTUACAO","context":{"rowNumber":1103,"points":0,"cnpj":"57608093000159","saleId":"3406466A","executiveName":"Cristiano Dafre"}}
{"timestamp":"2026-03-16T19:43:25.800Z","importId":3,"level":"WARN","message":"Linha 1104: Pontuação é 0 ou null","category":"PONTUACAO","context":{"rowNumber":1104,"points":0,"cnpj":"07709889000120","saleId":"3406465A","executiveName":"Carlos Brito"}}
{"timestamp":"2026-03-16T19:43:25.803Z","importId":3,"level":"WARN","message":"Linha 1105: Pontuação é 0 ou null","category":"PONTUACAO","context":{"rowNumber":1105,"points":0,"cnpj":"07709889000120","saleId":"3406464A","executiveName":"Carlos Brito"}}
{"timestamp":"2026-03-16T19:43:25.805Z","importId":3,"level":"WARN","message":"Linha 1106: Pontuação é 0 ou null","category":"PONTUACAO","context":{"rowNumber":1106,"points":0,"cnpj":"82524232000103","saleId":"3406461A","executiveName":"Cassia Shimabukuro"}}
{"timestamp":"2026-03-16T19:43:25.807Z","importId":3,"level":"WARN","message":"Linha 1107: Pontuação é 0 ou null","category":"PONTUACAO","context":{"rowNumber":1107,"points":0,"cnpj":"82524232000103","saleId":"3406460A","executiveName":"Cassia Shimabukuro"}}
{"timestamp":"2026-03-16T19:43:25.809Z","importId":3,"level":"WARN","message":"Linha 1108: Pontuação é 0 ou null","category":"PONTUACAO","context":{"rowNumber":1108,"points":0,"cnpj":"82524232000103","saleId":"3406459A","executiveName":"Cassia Shimabukuro"}}
{"timestamp":"2026-03-16T19:43:25.812Z","importId":3,"level":"WARN","message":"Linha 1109: Pontuação é 0 ou null","category":"PONTUACAO","context":{"rowNumber":1109,"points":0,"cnpj":"04515852000172","saleId":"3406458A","executiveName":"Gabriela Carvalho"}}
{"timestamp":"2026-03-16T19:43:25.814Z","importId":3,"level":"WARN","message":"Linha 1110: Pontuação é 0 ou null","category":"PONTUACAO","context":{"rowNumber":1110,"points":0,"cnpj":"04515852000172","saleId":"3406457A","executiveName":"Gabriela Carvalho"}}
{"timestamp":"2026-03-16T19:43:25.818Z","importId":3,"level":"WARN","message":"Linha 1111: Pontuação é 0 ou null","category":"PONTUACAO","context":{"rowNumber":1111,"points":0,"cnpj":"04515852000172","saleId":"3406437A","executiveName":"Gabriela Carvalho"}}
{"timestamp":"2026-03-16T19:43:25.821Z","importId":3,"level":"WARN","message":"Linha 1112: Pontuação é 0 ou null","category":"PONTUACAO","context":{"rowNumber":1112,"points":0,"cnpj":"27150845000110","saleId":"3406436A","executiveName":"Gabriela Carvalho"}}
{"timestamp":"2026-03-16T19:43:25.822Z","importId":3,"level":"WARN","message":"Linha 1113: Pontuação é 0 ou null","category":"PONTUACAO","context":{"rowNumber":1113,"points":0,"cnpj":"27150845000110","saleId":"3406435A","executiveName":"Gabriela Carvalho"}}
{"timestamp":"2026-03-16T19:43:25.824Z","importId":3,"level":"WARN","message":"Linha 1114: Pontuação é 0 ou null","category":"PONTUACAO","context":{"rowNumber":1114,"points":0,"cnpj":"57608093000159","saleId":"3406467A","executiveName":"Cristiano Dafre"}}
{"timestamp":"2026-03-16T19:43:25.829Z","importId":3,"level":"WARN","message":"Linha 1115: Pontuação é 0 ou null","category":"PONTUACAO","context":{"rowNumber":1115,"points":0,"cnpj":"20929210000176","saleId":"3403301A","executiveName":"Gabriela Carvalho"}}
{"timestamp":"2026-03-16T19:43:25.831Z","importId":3,"level":"WARN","message":"Linha 1116: Pontuação é 0 ou null","category":"PONTUACAO","context":{"rowNumber":1116,"points":0,"cnpj":"20929210000176","saleId":"3403300A","executiveName":"Gabriela Carvalho"}}
{"timestamp":"2026-03-16T19:43:25.987Z","importId":3,"level":"WARN","message":"Linha 1232: Pontuação é 0 ou null","category":"PONTUACAO","context":{"rowNumber":1232,"points":0,"cnpj":"02116253000150","saleId":"3403239A","executiveName":"Elza Lara"}}
{"timestamp":"2026-03-16T19:43:26.015Z","importId":3,"level":"WARN","message":"Linha 1252: Pontuação é 0 ou null","category":"PONTUACAO","context":{"rowNumber":1252,"points":0,"cnpj":"26605232000167","saleId":"3403249A","executiveName":"Ricardo Bueno"}}
{"timestamp":"2026-03-16T19:43:26.023Z","importId":3,"level":"WARN","message":"Linha 1256: Pontuação é 0 ou null","category":"PONTUACAO","context":{"rowNumber":1256,"points":0,"cnpj":"01453971000150","saleId":"3403291A","executiveName":"Claudia Dias"}}
{"timestamp":"2026-03-16T19:43:26.027Z","importId":3,"level":"WARN","message":"Linha 1257: Pontuação é 0 ou null","category":"PONTUACAO","context":{"rowNumber":1257,"points":0,"cnpj":"74538836000180","saleId":"3403290A","executiveName":"Rafaela Soares"}}
{"timestamp":"2026-03-16T19:43:26.035Z","importId":3,"level":"WARN","message":"Linha 1262: Pontuação é 0 ou null","category":"PONTUACAO","context":{"rowNumber":1262,"points":0,"cnpj":"59176995000199","saleId":"3403270A","executiveName":"Grasiele Nascimento"}}
{"timestamp":"2026-03-16T19:43:26.039Z","importId":3,"level":"WARN","message":"Linha 1264: Pontuação é 0 ou null","category":"PONTUACAO","context":{"rowNumber":1264,"points":0,"cnpj":"24869123000121","saleId":"3403268A","executiveName":"Elza Lara"}}
{"timestamp":"2026-03-16T19:43:26.045Z","importId":3,"level":"WARN","message":"Linha 1268: Pontuação é 0 ou null","category":"PONTUACAO","context":{"rowNumber":1268,"points":0,"cnpj":"28021120000194","saleId":"3403263A","executiveName":"Ricardo Morais"}}
{"timestamp":"2026-03-16T19:43:26.047Z","importId":3,"level":"WARN","message":"Linha 1269: Pontuação é 0 ou null","category":"PONTUACAO","context":{"rowNumber":1269,"points":0,"cnpj":"28021120000194","saleId":"3403262A","executiveName":"Ricardo Morais"}}
{"timestamp":"2026-03-16T19:43:26.049Z","importId":3,"level":"WARN","message":"Linha 1270: Pontuação é 0 ou null","category":"PONTUACAO","context":{"rowNumber":1270,"points":0,"cnpj":"05946137000157","saleId":"3403261A","executiveName":"Elza Lara"}}
{"timestamp":"2026-03-16T19:43:26.052Z","importId":3,"level":"WARN","message":"Linha 1271: Pontuação é 0 ou null","category":"PONTUACAO","context":{"rowNumber":1271,"points":0,"cnpj":"05946137000157","saleId":"3403260A","executiveName":"Elza Lara"}}
{"timestamp":"2026-03-16T19:43:26.053Z","importId":3,"level":"WARN","message":"Linha 1272: Pontuação é 0 ou null","category":"PONTUACAO","context":{"rowNumber":1272,"points":0,"cnpj":"05946137000157","saleId":"3403259A","executiveName":"Elza Lara"}}
{"timestamp":"2026-03-16T19:43:26.062Z","importId":3,"level":"WARN","message":"Linha 1275: Pontuação é 0 ou null","category":"PONTUACAO","context":{"rowNumber":1275,"points":0,"cnpj":"15505790000487","saleId":"3403256A","executiveName":"Carlos Brito"}}
{"timestamp":"2026-03-16T19:43:26.066Z","importId":3,"level":"WARN","message":"Linha 1276: Pontuação é 0 ou null","category":"PONTUACAO","context":{"rowNumber":1276,"points":0,"cnpj":"15505790000487","saleId":"3403255A","executiveName":"Carlos Brito"}}
{"timestamp":"2026-03-16T19:43:26.069Z","importId":3,"level":"WARN","message":"Linha 1278: Pontuação é 0 ou null","category":"PONTUACAO","context":{"rowNumber":1278,"points":0,"cnpj":"29215726000123","saleId":"3403253A","executiveName":"Ricardo Morais"}}
{"timestamp":"2026-03-16T19:43:26.211Z","importId":3,"level":"WARN","message":"Linha 1385: Pontuação é 0 ou null","category":"PONTUACAO","context":{"rowNumber":1385,"points":0,"cnpj":"20929210000176","saleId":"3402328A","executiveName":"Gabriela Carvalho"}}
{"timestamp":"2026-03-16T19:43:26.218Z","importId":3,"level":"WARN","message":"Linha 1390: Pontuação é 0 ou null","category":"PONTUACAO","context":{"rowNumber":1390,"points":0,"cnpj":"24327557000108","saleId":"3402218A","executiveName":"Leonardo Ligabo"}}
{"timestamp":"2026-03-16T19:43:26.220Z","importId":3,"level":"WARN","message":"Linha 1391: Pontuação é 0 ou null","category":"PONTUACAO","context":{"rowNumber":1391,"points":0,"cnpj":"24327557000108","saleId":"3402217A","executiveName":"Leonardo Ligabo"}}
{"timestamp":"2026-03-16T19:43:26.222Z","importId":3,"level":"WARN","message":"Linha 1393: Pontuação é 0 ou null","category":"PONTUACAO","context":{"rowNumber":1393,"points":0,"cnpj":"82482100000166","saleId":"3402215A","executiveName":"Leonardo Ligabo"}}
{"timestamp":"2026-03-16T19:43:26.225Z","importId":3,"level":"WARN","message":"Linha 1394: Pontuação é 0 ou null","category":"PONTUACAO","context":{"rowNumber":1394,"points":0,"cnpj":"82482100000166","saleId":"3402214A","executiveName":"Leonardo Ligabo"}}
{"timestamp":"2026-03-16T19:43:26.249Z","importId":3,"level":"WARN","message":"Linha 1411: Pontuação é 0 ou null","category":"PONTUACAO","context":{"rowNumber":1411,"points":0,"cnpj":"35654890000130","saleId":"3402315A","executiveName":"Luana Fagundes"}}
{"timestamp":"2026-03-16T19:43:26.251Z","importId":3,"level":"WARN","message":"Linha 1412: Pontuação é 0 ou null","category":"PONTUACAO","context":{"rowNumber":1412,"points":0,"cnpj":"15505790000487","saleId":"3402310A","executiveName":"Carlos Brito"}}
{"timestamp":"2026-03-16T19:43:26.254Z","importId":3,"level":"WARN","message":"Linha 1413: Pontuação é 0 ou null","category":"PONTUACAO","context":{"rowNumber":1413,"points":0,"cnpj":"03627804000103","saleId":"3402306A","executiveName":"Elzo Nogueira"}}
{"timestamp":"2026-03-16T19:43:26.256Z","importId":3,"level":"WARN","message":"Linha 1414: Pontuação é 0 ou null","category":"PONTUACAO","context":{"rowNumber":1414,"points":0,"cnpj":"03627804000103","saleId":"3402305A","executiveName":"Elzo Nogueira"}}
{"timestamp":"2026-03-16T19:43:26.259Z","importId":3,"level":"WARN","message":"Linha 1415: Pontuação é 0 ou null","category":"PONTUACAO","context":{"rowNumber":1415,"points":0,"cnpj":"03627804000103","saleId":"3402304A","executiveName":"Elzo Nogueira"}}
{"timestamp":"2026-03-16T19:43:26.261Z","importId":3,"level":"WARN","message":"Linha 1416: Pontuação é 0 ou null","category":"PONTUACAO","context":{"rowNumber":1416,"points":0,"cnpj":"36417780000117","saleId":"3402303A","executiveName":"Kelly Furno"}}
{"timestamp":"2026-03-16T19:43:26.264Z","importId":3,"level":"WARN","message":"Linha 1417: Pontuação é 0 ou null","category":"PONTUACAO","context":{"rowNumber":1417,"points":0,"cnpj":"36417780000117","saleId":"3402302A","executiveName":"Kelly Furno"}}
{"timestamp":"2026-03-16T19:43:26.266Z","importId":3,"level":"WARN","message":"Linha 1418: Pontuação é 0 ou null","category":"PONTUACAO","context":{"rowNumber":1418,"points":0,"cnpj":"36417780000117","saleId":"3402301A","executiveName":"Kelly Furno"}}
{"timestamp":"2026-03-16T19:43:26.268Z","importId":3,"level":"WARN","message":"Linha 1419: Pontuação é 0 ou null","category":"PONTUACAO","context":{"rowNumber":1419,"points":0,"cnpj":"36417780000117","saleId":"3402300A","executiveName":"Kelly Furno"}}
{"timestamp":"2026-03-16T19:43:26.270Z","importId":3,"level":"WARN","message":"Linha 1420: Pontuação é 0 ou null","category":"PONTUACAO","context":{"rowNumber":1420,"points":0,"cnpj":"36417780000117","saleId":"3402299A","executiveName":"Kelly Furno"}}
{"timestamp":"2026-03-16T19:43:26.272Z","importId":3,"level":"WARN","message":"Linha 1421: Pontuação é 0 ou null","category":"PONTUACAO","context":{"rowNumber":1421,"points":0,"cnpj":"36417780000117","saleId":"3402298A","executiveName":"Kelly Furno"}}
{"timestamp":"2026-03-16T19:43:26.274Z","importId":3,"level":"WARN","message":"Linha 1422: Pontuação é 0 ou null","category":"PONTUACAO","context":{"rowNumber":1422,"points":0,"cnpj":"18768404000195","saleId":"3402297A","executiveName":"Gabriela Carvalho"}}
{"timestamp":"2026-03-16T19:43:26.277Z","importId":3,"level":"WARN","message":"Linha 1423: Pontuação é 0 ou null","category":"PONTUACAO","context":{"rowNumber":1423,"points":0,"cnpj":"18768404000195","saleId":"3402296A","executiveName":"Gabriela Carvalho"}}
{"timestamp":"2026-03-16T19:43:26.279Z","importId":3,"level":"WARN","message":"Linha 1424: Pontuação é 0 ou null","category":"PONTUACAO","context":{"rowNumber":1424,"points":0,"cnpj":"21432799000165","saleId":"3402292A","executiveName":"Andreza Lubatsch"}}
{"timestamp":"2026-03-16T19:43:26.282Z","importId":3,"level":"WARN","message":"Linha 1425: Pontuação é 0 ou null","category":"PONTUACAO","context":{"rowNumber":1425,"points":0,"cnpj":"82482100000166","saleId":"3402289A","executiveName":"Leonardo Ligabo"}}
{"timestamp":"2026-03-16T19:43:26.296Z","importId":3,"level":"WARN","message":"Linha 1436: Pontuação é 0 ou null","category":"PONTUACAO","context":{"rowNumber":1436,"points":0,"cnpj":"57608093000159","saleId":"3402014A","executiveName":"Cristiano Dafre"}}
{"timestamp":"2026-03-16T19:43:26.298Z","importId":3,"level":"WARN","message":"Linha 1437: Pontuação é 0 ou null","category":"PONTUACAO","context":{"rowNumber":1437,"points":0,"cnpj":"57608093000159","saleId":"3402011A","executiveName":"Cristiano Dafre"}}
{"timestamp":"2026-03-16T19:43:26.339Z","importId":3,"level":"WARN","message":"Linha 1466: Pontuação é 0 ou null","category":"PONTUACAO","context":{"rowNumber":1466,"points":0,"cnpj":"31333453000163","saleId":"3402184A","executiveName":"Elza Lara"}}
{"timestamp":"2026-03-16T19:43:26.458Z","importId":3,"level":"WARN","message":"Linha 1549: Pontuação é 0 ou null","category":"PONTUACAO","context":{"rowNumber":1549,"points":0,"cnpj":"29588599000108","saleId":"3401470A","executiveName":"Gabriela Carvalho"}}
{"timestamp":"2026-03-16T19:43:26.461Z","importId":3,"level":"WARN","message":"Linha 1550: Pontuação é 0 ou null","category":"PONTUACAO","context":{"rowNumber":1550,"points":0,"cnpj":"34409456000121","saleId":"3401460A","executiveName":"Gabriela Carvalho"}}
{"timestamp":"2026-03-16T19:43:26.634Z","importId":3,"level":"WARN","message":"Linha 1681: Pontuação é 0 ou null","category":"PONTUACAO","context":{"rowNumber":1681,"points":0,"cnpj":"57340580000183","saleId":"3401806A","executiveName":"Marlon Wander"}}
{"timestamp":"2026-03-16T19:43:26.638Z","importId":3,"level":"WARN","message":"Linha 1682: Pontuação é 0 ou null","category":"PONTUACAO","context":{"rowNumber":1682,"points":0,"cnpj":"10880027000170","saleId":"3401803A","executiveName":"Ricardo Morais"}}
{"timestamp":"2026-03-16T19:43:26.640Z","importId":3,"level":"WARN","message":"Linha 1683: Pontuação é 0 ou null","category":"PONTUACAO","context":{"rowNumber":1683,"points":0,"cnpj":"10880027000170","saleId":"3401802A","executiveName":"Ricardo Morais"}}
{"timestamp":"2026-03-16T19:43:26.641Z","importId":3,"level":"WARN","message":"Linha 1684: Pontuação é 0 ou null","category":"PONTUACAO","context":{"rowNumber":1684,"points":0,"cnpj":"10880027000170","saleId":"3401801A","executiveName":"Ricardo Morais"}}
{"timestamp":"2026-03-16T19:43:26.691Z","importId":3,"level":"WARN","message":"Linha 1724: Pontuação é 0 ou null","category":"PONTUACAO","context":{"rowNumber":1724,"points":0,"cnpj":"04844573000152","saleId":"3402264A","executiveName":"Miguel Jenotti"}}
{"timestamp":"2026-03-16T19:43:26.702Z","importId":3,"level":"WARN","message":"Linha 1731: Pontuação é 0 ou null","category":"PONTUACAO","context":{"rowNumber":1731,"points":0,"cnpj":"00003058000199","saleId":"3402010A","executiveName":"Pasquale Neto"}}
{"timestamp":"2026-03-16T19:43:26.717Z","importId":3,"level":"WARN","message":"Linha 1744: Pontuação é 0 ou null","category":"PONTUACAO","context":{"rowNumber":1744,"points":0,"cnpj":"12416622000184","saleId":"3402293A","executiveName":"Elza Lara"}}
{"timestamp":"2026-03-16T19:43:26.720Z","importId":3,"level":"WARN","message":"Linha 1745: Pontuação é 0 ou null","category":"PONTUACAO","context":{"rowNumber":1745,"points":0,"cnpj":"06577931836","saleId":"3402291A","executiveName":"Miguel Jenotti"}}
{"timestamp":"2026-03-16T19:43:26.722Z","importId":3,"level":"WARN","message":"Linha 1746: Pontuação é 0 ou null","category":"PONTUACAO","context":{"rowNumber":1746,"points":0,"cnpj":"06577931836","saleId":"3402290A","executiveName":"Miguel Jenotti"}}
{"timestamp":"2026-03-16T19:43:26.776Z","importId":3,"level":"WARN","message":"Linha 1784: Pontuação é 0 ou null","category":"PONTUACAO","context":{"rowNumber":1784,"points":0,"cnpj":"20606282000182","saleId":"3402295A","executiveName":"Armando Soares"}}
{"timestamp":"2026-03-16T19:43:26.800Z","importId":3,"level":"WARN","message":"Linha 1801: Pontuação é 0 ou null","category":"PONTUACAO","context":{"rowNumber":1801,"points":0,"cnpj":"02116253000150","saleId":"3401604A","executiveName":"Elza Lara"}}
{"timestamp":"2026-03-16T19:43:26.812Z","importId":3,"level":"WARN","message":"Linha 1809: Pontuação é 0 ou null","category":"PONTUACAO","context":{"rowNumber":1809,"points":0,"cnpj":"29325274000132","saleId":"3402373A","executiveName":"Cristiano Dafre"}}
{"timestamp":"2026-03-16T19:43:26.814Z","importId":3,"level":"WARN","message":"Linha 1810: Pontuação é 0 ou null","category":"PONTUACAO","context":{"rowNumber":1810,"points":0,"cnpj":"29325274000132","saleId":"3402372A","executiveName":"Cristiano Dafre"}}
{"timestamp":"2026-03-16T19:43:26.818Z","importId":3,"level":"WARN","message":"Linha 1812: Pontuação é 0 ou null","category":"PONTUACAO","context":{"rowNumber":1812,"points":0,"cnpj":"29325274000132","saleId":"3402370A","executiveName":"Cristiano Dafre"}}
{"timestamp":"2026-03-16T19:43:26.819Z","importId":3,"level":"WARN","message":"Linha 1813: Pontuação é 0 ou null","category":"PONTUACAO","context":{"rowNumber":1813,"points":0,"cnpj":"29325274000132","saleId":"3402369A","executiveName":"Cristiano Dafre"}}
{"timestamp":"2026-03-16T19:43:26.848Z","importId":3,"level":"WARN","message":"Linha 1831: Pontuação é 0 ou null","category":"PONTUACAO","context":{"rowNumber":1831,"points":0,"cnpj":"20890330000107","saleId":"3401615A","executiveName":"Ricardo Morais"}}
{"timestamp":"2026-03-16T19:43:26.850Z","importId":3,"level":"WARN","message":"Linha 1832: Pontuação é 0 ou null","category":"PONTUACAO","context":{"rowNumber":1832,"points":0,"cnpj":"20890330000107","saleId":"3401614A","executiveName":"Ricardo Morais"}}
{"timestamp":"2026-03-16T19:43:26.853Z","importId":3,"level":"WARN","message":"Linha 1834: Pontuação é 0 ou null","category":"PONTUACAO","context":{"rowNumber":1834,"points":0,"cnpj":"20890330000107","saleId":"3401613A","executiveName":"Ricardo Morais"}}
{"timestamp":"2026-03-16T19:43:26.855Z","importId":3,"level":"WARN","message":"Linha 1835: Pontuação é 0 ou null","category":"PONTUACAO","context":{"rowNumber":1835,"points":0,"cnpj":"57608093000159","saleId":"3401603A","executiveName":"Cristiano Dafre"}}
{"timestamp":"2026-03-16T19:43:26.858Z","importId":3,"level":"WARN","message":"Linha 1836: Pontuação é 0 ou null","category":"PONTUACAO","context":{"rowNumber":1836,"points":0,"cnpj":"57608093000159","saleId":"3401602A","executiveName":"Cristiano Dafre"}}
{"timestamp":"2026-03-16T19:43:26.863Z","importId":3,"level":"WARN","message":"Linha 1840: Pontuação é 0 ou null","category":"PONTUACAO","context":{"rowNumber":1840,"points":0,"cnpj":"28209105000174","saleId":"3401188A","executiveName":"Ronaldo Coelho"}}
{"timestamp":"2026-03-16T19:43:26.865Z","importId":3,"level":"WARN","message":"Linha 1841: Pontuação é 0 ou null","category":"PONTUACAO","context":{"rowNumber":1841,"points":0,"cnpj":"28209105000174","saleId":"3401187A","executiveName":"Ronaldo Coelho"}}
{"timestamp":"2026-03-16T19:43:26.870Z","importId":3,"level":"WARN","message":"Linha 1844: Pontuação é 0 ou null","category":"PONTUACAO","context":{"rowNumber":1844,"points":0,"cnpj":"20890330000107","saleId":"3401612A","executiveName":"Ricardo Morais"}}
{"timestamp":"2026-03-16T19:43:26.885Z","importId":3,"level":"WARN","message":"Linha 1854: Pontuação é 0 ou null","category":"PONTUACAO","context":{"rowNumber":1854,"points":0,"cnpj":"26203213000104","saleId":"3401453A","executiveName":"Roberto Garbin"}}
{"timestamp":"2026-03-16T19:43:26.889Z","importId":3,"level":"WARN","message":"Linha 1855: Pontuação é 0 ou null","category":"PONTUACAO","context":{"rowNumber":1855,"points":0,"cnpj":"26203213000104","saleId":"3401452A","executiveName":"Roberto Garbin"}}
{"timestamp":"2026-03-16T19:43:26.891Z","importId":3,"level":"WARN","message":"Linha 1856: Pontuação é 0 ou null","category":"PONTUACAO","context":{"rowNumber":1856,"points":0,"cnpj":"26203213000104","saleId":"3401186A","executiveName":"Roberto Garbin"}}
{"timestamp":"2026-03-16T19:43:26.893Z","importId":3,"level":"WARN","message":"Linha 1857: Pontuação é 0 ou null","category":"PONTUACAO","context":{"rowNumber":1857,"points":0,"cnpj":"11503816000154","saleId":"3401618A","executiveName":"Marlon Wander"}}
{"timestamp":"2026-03-16T19:43:26.896Z","importId":3,"level":"WARN","message":"Linha 1858: Pontuação é 0 ou null","category":"PONTUACAO","context":{"rowNumber":1858,"points":0,"cnpj":"11503816000154","saleId":"3401617A","executiveName":"Marlon Wander"}}
{"timestamp":"2026-03-16T19:43:26.923Z","importId":3,"level":"WARN","message":"Linha 1878: Pontuação é 0 ou null","category":"PONTUACAO","context":{"rowNumber":1878,"points":0,"cnpj":"27380065000166","saleId":"3401454A","executiveName":"Ricardo Morais"}}
{"timestamp":"2026-03-16T19:43:26.930Z","importId":3,"level":"WARN","message":"Linha 1883: Pontuação é 0 ou null","category":"PONTUACAO","context":{"rowNumber":1883,"points":0,"cnpj":"28141936000151","saleId":"3402379A","executiveName":"Karla Reis"}}
{"timestamp":"2026-03-16T19:43:26.931Z","importId":3,"level":"WARN","message":"Linha 1884: Pontuação é 0 ou null","category":"PONTUACAO","context":{"rowNumber":1884,"points":0,"cnpj":"28141936000151","saleId":"3402377A","executiveName":"Karla Reis"}}
{"timestamp":"2026-03-16T19:43:26.935Z","importId":3,"level":"WARN","message":"Linha 1885: Pontuação é 0 ou null","category":"PONTUACAO","context":{"rowNumber":1885,"points":0,"cnpj":"28141936000151","saleId":"3402376A","executiveName":"Karla Reis"}}
{"timestamp":"2026-03-16T19:43:26.942Z","importId":3,"level":"WARN","message":"Linha 1890: Pontuação é 0 ou null","category":"PONTUACAO","context":{"rowNumber":1890,"points":0,"cnpj":"28141936000151","saleId":"3401813A","executiveName":"Karla Reis"}}
{"timestamp":"2026-03-16T19:43:26.947Z","importId":3,"level":"WARN","message":"Linha 1893: Pontuação é 0 ou null","category":"PONTUACAO","context":{"rowNumber":1893,"points":0,"cnpj":"28141936000151","saleId":"3402378A","executiveName":"Karla Reis"}}
{"timestamp":"2026-03-16T19:43:26.958Z","importId":3,"level":"WARN","message":"Linha 1902: Pontuação é 0 ou null","category":"PONTUACAO","context":{"rowNumber":1902,"points":0,"cnpj":"57608093000159","saleId":"3402013A","executiveName":"Cristiano Dafre"}}
{"timestamp":"2026-03-16T19:43:26.961Z","importId":3,"level":"WARN","message":"Linha 1903: Pontuação é 0 ou null","category":"PONTUACAO","context":{"rowNumber":1903,"points":0,"cnpj":"57608093000159","saleId":"3402012A","executiveName":"Cristiano Dafre"}}
{"timestamp":"2026-03-16T19:43:26.966Z","importId":3,"level":"WARN","message":"Linha 1906: Pontuação é 0 ou null","category":"PONTUACAO","context":{"rowNumber":1906,"points":0,"cnpj":"24030446000127","saleId":"3402308A","executiveName":"Ricardo Bueno"}}
{"timestamp":"2026-03-16T19:43:27.057Z","importId":3,"level":"WARN","message":"Linha 1971: Pontuação é 0 ou null","category":"PONTUACAO","context":{"rowNumber":1971,"points":0,"cnpj":"12627877000196","saleId":"3402343A","executiveName":"Karla Reis"}}
{"timestamp":"2026-03-16T19:43:27.060Z","importId":3,"level":"WARN","message":"Linha 1972: Pontuação é 0 ou null","category":"PONTUACAO","context":{"rowNumber":1972,"points":0,"cnpj":"12627877000196","saleId":"3402342A","executiveName":"Karla Reis"}}
{"timestamp":"2026-03-16T19:43:27.062Z","importId":3,"level":"WARN","message":"Linha 1973: Pontuação é 0 ou null","category":"PONTUACAO","context":{"rowNumber":1973,"points":0,"cnpj":"12627877000196","saleId":"3402341A","executiveName":"Karla Reis"}}
{"timestamp":"2026-03-16T19:43:27.064Z","importId":3,"level":"WARN","message":"Linha 1974: Pontuação é 0 ou null","category":"PONTUACAO","context":{"rowNumber":1974,"points":0,"cnpj":"12627877000196","saleId":"3402340A","executiveName":"Karla Reis"}}
{"timestamp":"2026-03-16T19:43:27.068Z","importId":3,"level":"WARN","message":"Linha 1975: Pontuação é 0 ou null","category":"PONTUACAO","context":{"rowNumber":1975,"points":0,"cnpj":"12627877000196","saleId":"3402339A","executiveName":"Karla Reis"}}
{"timestamp":"2026-03-16T19:43:27.070Z","importId":3,"level":"WARN","message":"Linha 1976: Pontuação é 0 ou null","category":"PONTUACAO","context":{"rowNumber":1976,"points":0,"cnpj":"12627877000196","saleId":"3402338A","executiveName":"Karla Reis"}}
{"timestamp":"2026-03-16T19:43:27.072Z","importId":3,"level":"WARN","message":"Linha 1977: Pontuação é 0 ou null","category":"PONTUACAO","context":{"rowNumber":1977,"points":0,"cnpj":"12627877000196","saleId":"3402337A","executiveName":"Karla Reis"}}
{"timestamp":"2026-03-16T19:43:27.074Z","importId":3,"level":"WARN","message":"Linha 1978: Pontuação é 0 ou null","category":"PONTUACAO","context":{"rowNumber":1978,"points":0,"cnpj":"12627877000196","saleId":"3402336A","executiveName":"Karla Reis"}}
{"timestamp":"2026-03-16T19:43:27.076Z","importId":3,"level":"WARN","message":"Linha 1979: Pontuação é 0 ou null","category":"PONTUACAO","context":{"rowNumber":1979,"points":0,"cnpj":"12627877000196","saleId":"3402335A","executiveName":"Karla Reis"}}
{"timestamp":"2026-03-16T19:43:27.077Z","importId":3,"level":"WARN","message":"Linha 1980: Pontuação é 0 ou null","category":"PONTUACAO","context":{"rowNumber":1980,"points":0,"cnpj":"12627877000196","saleId":"3402344A","executiveName":"Karla Reis"}}
{"timestamp":"2026-03-16T19:43:27.080Z","importId":3,"level":"WARN","message":"Linha 1981: Pontuação é 0 ou null","category":"PONTUACAO","context":{"rowNumber":1981,"points":0,"cnpj":"12627877000196","saleId":"3402334A","executiveName":"Karla Reis"}}
{"timestamp":"2026-03-16T19:43:27.082Z","importId":3,"level":"WARN","message":"Linha 1982: Pontuação é 0 ou null","category":"PONTUACAO","context":{"rowNumber":1982,"points":0,"cnpj":"12627877000196","saleId":"3402332A","executiveName":"Karla Reis"}}
{"timestamp":"2026-03-16T19:43:27.083Z","importId":3,"level":"WARN","message":"Linha 1983: Pontuação é 0 ou null","category":"PONTUACAO","context":{"rowNumber":1983,"points":0,"cnpj":"12627877000196","saleId":"3402331A","executiveName":"Karla Reis"}}
{"timestamp":"2026-03-16T19:43:27.085Z","importId":3,"level":"WARN","message":"Linha 1984: Pontuação é 0 ou null","category":"PONTUACAO","context":{"rowNumber":1984,"points":0,"cnpj":"12627877000196","saleId":"3402330A","executiveName":"Karla Reis"}}
{"timestamp":"2026-03-16T19:43:27.089Z","importId":3,"level":"WARN","message":"Linha 1985: Pontuação é 0 ou null","category":"PONTUACAO","context":{"rowNumber":1985,"points":0,"cnpj":"12627877000196","saleId":"3402329A","executiveName":"Karla Reis"}}
{"timestamp":"2026-03-16T19:43:27.091Z","importId":3,"level":"WARN","message":"Linha 1986: Pontuação é 0 ou null","category":"PONTUACAO","context":{"rowNumber":1986,"points":0,"cnpj":"18134620000189","saleId":"3402318A","executiveName":"Karla Reis"}}
{"timestamp":"2026-03-16T19:43:27.098Z","importId":3,"level":"WARN","message":"Linha 1991: Pontuação é 0 ou null","category":"PONTUACAO","context":{"rowNumber":1991,"points":0,"cnpj":"12627877000196","saleId":"3402333A","executiveName":"Karla Reis"}}
{"timestamp":"2026-03-16T19:43:27.114Z","importId":3,"level":"WARN","message":"Linha 2002: Pontuação é 0 ou null","category":"PONTUACAO","context":{"rowNumber":2002,"points":0,"cnpj":"21432799000165","saleId":"3402411A","executiveName":"Andreza Lubatsch"}}
{"timestamp":"2026-03-16T19:43:27.122Z","importId":3,"level":"WARN","message":"Linha 2006: Pontuação é 0 ou null","category":"PONTUACAO","context":{"rowNumber":2006,"points":0,"cnpj":"21432799000165","saleId":"3402395A","executiveName":"Andreza Lubatsch"}}
{"timestamp":"2026-03-16T19:43:28.421Z","importId":3,"level":"WARN","message":"Linha 3002: Pontuação é 0 ou null","category":"PONTUACAO","context":{"rowNumber":3002,"points":0,"cnpj":"15117936000689","saleId":"3419133A","executiveName":"Ronaldo Coelho"}}
{"timestamp":"2026-03-16T19:43:28.424Z","importId":3,"level":"WARN","message":"Linha 3003: Pontuação é 0 ou null","category":"PONTUACAO","context":{"rowNumber":3003,"points":0,"cnpj":"59316984000167","saleId":"3419113A","executiveName":"Marlon Wander"}}
{"timestamp":"2026-03-16T19:43:28.430Z","importId":3,"level":"WARN","message":"Linha 3006: Pontuação é 0 ou null","category":"PONTUACAO","context":{"rowNumber":3006,"points":0,"cnpj":"65549586000193","saleId":"3418914A","executiveName":"Cristiano Dafre"}}
{"timestamp":"2026-03-16T19:43:28.435Z","importId":3,"level":"WARN","message":"Linha 3007: Pontuação é 0 ou null","category":"PONTUACAO","context":{"rowNumber":3007,"points":0,"cnpj":"05488469000135","saleId":"3418184A","executiveName":"Claudia Dias"}}
{"timestamp":"2026-03-16T19:43:28.437Z","importId":3,"level":"WARN","message":"Linha 3008: Pontuação é 0 ou null","category":"PONTUACAO","context":{"rowNumber":3008,"points":0,"cnpj":"65549586000193","saleId":"3416149A","executiveName":"Cristiano Dafre"}}
{"timestamp":"2026-03-16T19:43:28.442Z","importId":3,"level":"WARN","message":"Linha 3011: Pontuação é 0 ou null","category":"PONTUACAO","context":{"rowNumber":3011,"points":0,"cnpj":"32351158000100","saleId":"3411637A","executiveName":"Roberto Garbin"}}
{"timestamp":"2026-03-16T19:43:28.444Z","importId":3,"level":"WARN","message":"Linha 3013: Pontuação é 0 ou null","category":"PONTUACAO","context":{"rowNumber":3013,"points":0,"cnpj":"24030446000127","saleId":"3410581A","executiveName":"Ricardo Bueno"}}
{"timestamp":"2026-03-16T19:43:28.448Z","importId":3,"level":"WARN","message":"Linha 3014: Pontuação é 0 ou null","category":"PONTUACAO","context":{"rowNumber":3014,"points":0,"cnpj":"60592628000155","saleId":"3410436A","executiveName":"Maira Vallim"}}
{"timestamp":"2026-03-16T19:43:28.452Z","importId":3,"level":"WARN","message":"Linha 3015: Pontuação é 0 ou null","category":"PONTUACAO","context":{"rowNumber":3015,"points":0,"cnpj":"46257674000177","saleId":"3410430A","executiveName":"Marlon Wander"}}
{"timestamp":"2026-03-16T19:43:28.454Z","importId":3,"level":"WARN","message":"Linha 3016: Pontuação é 0 ou null","category":"PONTUACAO","context":{"rowNumber":3016,"points":0,"cnpj":"28845497000168","saleId":"3410428A","executiveName":"Karla Reis"}}
{"timestamp":"2026-03-16T19:43:28.457Z","importId":3,"level":"WARN","message":"Linha 3017: Pontuação é 0 ou null","category":"PONTUACAO","context":{"rowNumber":3017,"points":0,"cnpj":"38097927000164","saleId":"3410422A","executiveName":"Carlos Barbassa"}}
{"timestamp":"2026-03-16T19:43:28.458Z","importId":3,"level":"WARN","message":"Linha 3018: Pontuação é 0 ou null","category":"PONTUACAO","context":{"rowNumber":3018,"points":0,"cnpj":"38097927000164","saleId":"3410421A","executiveName":"Carlos Barbassa"}}
{"timestamp":"2026-03-16T19:43:28.463Z","importId":3,"level":"WARN","message":"Linha 3019: Pontuação é 0 ou null","category":"PONTUACAO","context":{"rowNumber":3019,"points":0,"cnpj":"19851484000100","saleId":"3410400A","executiveName":"Carlos Brito"}}
{"timestamp":"2026-03-16T19:43:28.465Z","importId":3,"level":"WARN","message":"Linha 3021: Pontuação é 0 ou null","category":"PONTUACAO","context":{"rowNumber":3021,"points":0,"cnpj":"65549586000193","saleId":"3410379A","executiveName":"Cristiano Dafre"}}
{"timestamp":"2026-03-16T19:43:28.506Z","importId":3,"level":"WARN","message":"Linha 3053: Pontuação é 0 ou null","category":"PONTUACAO","context":{"rowNumber":3053,"points":0,"cnpj":"03173094000199","saleId":"3410378A","executiveName":"Gabriela Carvalho"}}
{"timestamp":"2026-03-16T19:43:28.508Z","importId":3,"level":"WARN","message":"Linha 3054: Pontuação é 0 ou null","category":"PONTUACAO","context":{"rowNumber":3054,"points":0,"cnpj":"57608093000159","saleId":"3410356A","executiveName":"Cristiano Dafre"}}
{"timestamp":"2026-03-16T19:43:28.535Z","importId":3,"level":"WARN","message":"Linha 3074: Pontuação é 0 ou null","category":"PONTUACAO","context":{"rowNumber":3074,"points":0,"cnpj":"03627804000103","saleId":"3406571A","executiveName":"Elzo Nogueira"}}
{"timestamp":"2026-03-16T19:43:28.539Z","importId":3,"level":"WARN","message":"Linha 3075: Pontuação é 0 ou null","category":"PONTUACAO","context":{"rowNumber":3075,"points":0,"cnpj":"03627804000103","saleId":"3406570A","executiveName":"Elzo Nogueira"}}
{"timestamp":"2026-03-16T19:43:28.541Z","importId":3,"level":"WARN","message":"Linha 3076: Pontuação é 0 ou null","category":"PONTUACAO","context":{"rowNumber":3076,"points":0,"cnpj":"61086401000109","saleId":"3406551A","executiveName":"Pasquale Neto"}}
{"timestamp":"2026-03-16T19:43:28.543Z","importId":3,"level":"WARN","message":"Linha 3077: Pontuação é 0 ou null","category":"PONTUACAO","context":{"rowNumber":3077,"points":0,"cnpj":"07389466000170","saleId":"3406550A","executiveName":"Armando Soares"}}
{"timestamp":"2026-03-16T19:43:28.546Z","importId":3,"level":"WARN","message":"Linha 3079: Pontuação é 0 ou null","category":"PONTUACAO","context":{"rowNumber":3079,"points":0,"cnpj":"03329746000131","saleId":"3406547A","executiveName":"Luana Fagundes"}}
{"timestamp":"2026-03-16T19:43:28.548Z","importId":3,"level":"WARN","message":"Linha 3080: Pontuação é 0 ou null","category":"PONTUACAO","context":{"rowNumber":3080,"points":0,"cnpj":"55897421000159","saleId":"3406545A","executiveName":"Carlos Barbassa"}}
{"timestamp":"2026-03-16T19:43:28.550Z","importId":3,"level":"WARN","message":"Linha 3081: Pontuação é 0 ou null","category":"PONTUACAO","context":{"rowNumber":3081,"points":0,"cnpj":"55897421000159","saleId":"3406544A","executiveName":"Carlos Barbassa"}}
{"timestamp":"2026-03-16T19:43:28.555Z","importId":3,"level":"WARN","message":"Linha 3083: Pontuação é 0 ou null","category":"PONTUACAO","context":{"rowNumber":3083,"points":0,"cnpj":"57608093000159","saleId":"3410357A","executiveName":"Cristiano Dafre"}}
{"timestamp":"2026-03-16T19:43:28.561Z","importId":3,"level":"WARN","message":"Linha 3086: Pontuação é 0 ou null","category":"PONTUACAO","context":{"rowNumber":3086,"points":0,"cnpj":"55915565000190","saleId":"3410353A","executiveName":"Pasquale Neto"}}
{"timestamp":"2026-03-16T19:43:28.563Z","importId":3,"level":"WARN","message":"Linha 3087: Pontuação é 0 ou null","category":"PONTUACAO","context":{"rowNumber":3087,"points":0,"cnpj":"05488469000135","saleId":"3410331A","executiveName":"Claudia Dias"}}
{"timestamp":"2026-03-16T19:43:28.565Z","importId":3,"level":"WARN","message":"Linha 3088: Pontuação é 0 ou null","category":"PONTUACAO","context":{"rowNumber":3088,"points":0,"cnpj":"15117936000506","saleId":"3410301A","executiveName":"Ronaldo Coelho"}}
{"timestamp":"2026-03-16T19:43:28.567Z","importId":3,"level":"WARN","message":"Linha 3089: Pontuação é 0 ou null","category":"PONTUACAO","context":{"rowNumber":3089,"points":0,"cnpj":"26553740000149","saleId":"3410300A","executiveName":"Ricardo Morais"}}
{"timestamp":"2026-03-16T19:43:28.571Z","importId":3,"level":"WARN","message":"Linha 3090: Pontuação é 0 ou null","category":"PONTUACAO","context":{"rowNumber":3090,"points":0,"cnpj":"16500996000134","saleId":"3410042A","executiveName":"Miguel Jenotti"}}
{"timestamp":"2026-03-16T19:43:28.573Z","importId":3,"level":"WARN","message":"Linha 3091: Pontuação é 0 ou null","category":"PONTUACAO","context":{"rowNumber":3091,"points":0,"cnpj":"00277514000199","saleId":"3409969A","executiveName":"Ricardo Bueno"}}
{"timestamp":"2026-03-16T19:43:28.576Z","importId":3,"level":"WARN","message":"Linha 3092: Pontuação é 0 ou null","category":"PONTUACAO","context":{"rowNumber":3092,"points":0,"cnpj":"11820109000191","saleId":"3409874A","executiveName":"Soraya Romano"}}
{"timestamp":"2026-03-16T19:43:28.582Z","importId":3,"level":"WARN","message":"Linha 3095: Pontuação é 0 ou null","category":"PONTUACAO","context":{"rowNumber":3095,"points":0,"cnpj":"58423229000119","saleId":"3409706A","executiveName":"Miguel Jenotti"}}
{"timestamp":"2026-03-16T19:43:28.584Z","importId":3,"level":"WARN","message":"Linha 3096: Pontuação é 0 ou null","category":"PONTUACAO","context":{"rowNumber":3096,"points":0,"cnpj":"01004367000146","saleId":"3409675A","executiveName":"Marlon Wander"}}
{"timestamp":"2026-03-16T19:43:28.588Z","importId":3,"level":"WARN","message":"Linha 3098: Pontuação é 0 ou null","category":"PONTUACAO","context":{"rowNumber":3098,"points":0,"cnpj":"42568415000106","saleId":"3407527A","executiveName":"Walter Junior"}}
{"timestamp":"2026-03-16T19:43:28.592Z","importId":3,"level":"WARN","message":"Linha 3101: Pontuação é 0 ou null","category":"PONTUACAO","context":{"rowNumber":3101,"points":0,"cnpj":"08624247000190","saleId":"3407119A","executiveName":"Carlos Barbassa"}}
{"timestamp":"2026-03-16T19:43:28.594Z","importId":3,"level":"WARN","message":"Linha 3102: Pontuação é 0 ou null","category":"PONTUACAO","context":{"rowNumber":3102,"points":0,"cnpj":"23943727000108","saleId":"3407113A","executiveName":"Ricardo Bueno"}}
{"timestamp":"2026-03-16T19:43:28.597Z","importId":3,"level":"WARN","message":"Linha 3104: Pontuação é 0 ou null","category":"PONTUACAO","context":{"rowNumber":3104,"points":0,"cnpj":"47643030000180","saleId":"3407019A","executiveName":"Leonardo Ligabo"}}
{"timestamp":"2026-03-16T19:43:28.600Z","importId":3,"level":"WARN","message":"Linha 3105: Pontuação é 0 ou null","category":"PONTUACAO","context":{"rowNumber":3105,"points":0,"cnpj":"59875039000103","saleId":"3406988A","executiveName":"Carlos Barbassa"}}
{"timestamp":"2026-03-16T19:43:28.766Z","importId":3,"level":"WARN","message":"Linha 3223: Pontuação é 0 ou null","category":"PONTUACAO","context":{"rowNumber":3223,"points":0,"cnpj":"47643030000180","saleId":"3406539A","executiveName":"Leonardo Ligabo"}}
{"timestamp":"2026-03-16T19:43:28.787Z","importId":3,"level":"WARN","message":"Linha 3239: Pontuação é 0 ou null","category":"PONTUACAO","context":{"rowNumber":3239,"points":0,"cnpj":"47643030000180","saleId":"3406538A","executiveName":"Leonardo Ligabo"}}
{"timestamp":"2026-03-16T19:43:28.789Z","importId":3,"level":"WARN","message":"Linha 3240: Pontuação é 0 ou null","category":"PONTUACAO","context":{"rowNumber":3240,"points":0,"cnpj":"16500996000134","saleId":"3406533A","executiveName":"Miguel Jenotti"}}
{"timestamp":"2026-03-16T19:43:28.961Z","importId":3,"level":"WARN","message":"Linha 3368: Pontuação é 0 ou null","category":"PONTUACAO","context":{"rowNumber":3368,"points":0,"cnpj":"54235752000160","saleId":"3406326A","executiveName":"Elza Lara"}}
{"timestamp":"2026-03-16T19:43:28.963Z","importId":3,"level":"WARN","message":"Linha 3369: Pontuação é 0 ou null","category":"PONTUACAO","context":{"rowNumber":3369,"points":0,"cnpj":"54235752000160","saleId":"3406325A","executiveName":"Elza Lara"}}
{"timestamp":"2026-03-16T19:43:28.966Z","importId":3,"level":"WARN","message":"Linha 3370: Pontuação é 0 ou null","category":"PONTUACAO","context":{"rowNumber":3370,"points":0,"cnpj":"19201148747","saleId":"3406324A","executiveName":"Elza Lara"}}
{"timestamp":"2026-03-16T19:43:28.968Z","importId":3,"level":"WARN","message":"Linha 3371: Pontuação é 0 ou null","category":"PONTUACAO","context":{"rowNumber":3371,"points":0,"cnpj":"27375346000120","saleId":"3406320A","executiveName":"Claudia Dias"}}
{"timestamp":"2026-03-16T19:43:28.970Z","importId":3,"level":"WARN","message":"Linha 3372: Pontuação é 0 ou null","category":"PONTUACAO","context":{"rowNumber":3372,"points":0,"cnpj":"43398083000121","saleId":"3406319A","executiveName":"Karla Reis"}}
{"timestamp":"2026-03-16T19:43:28.972Z","importId":3,"level":"WARN","message":"Linha 3373: Pontuação é 0 ou null","category":"PONTUACAO","context":{"rowNumber":3373,"points":0,"cnpj":"13054013000195","saleId":"3406318A","executiveName":"Elza Lara"}}
{"timestamp":"2026-03-16T19:43:28.974Z","importId":3,"level":"WARN","message":"Linha 3374: Pontuação é 0 ou null","category":"PONTUACAO","context":{"rowNumber":3374,"points":0,"cnpj":"43304326000115","saleId":"3406315A","executiveName":"Ricardo Bueno"}}
{"timestamp":"2026-03-16T19:43:28.977Z","importId":3,"level":"WARN","message":"Linha 3375: Pontuação é 0 ou null","category":"PONTUACAO","context":{"rowNumber":3375,"points":0,"cnpj":"21432799000165","saleId":"3406307A","executiveName":"Andreza Lubatsch"}}
{"timestamp":"2026-03-16T19:43:28.988Z","importId":3,"level":"WARN","message":"Linha 3382: Pontuação é 0 ou null","category":"PONTUACAO","context":{"rowNumber":3382,"points":0,"cnpj":"82524232000103","saleId":"3406162A","executiveName":"Cassia Shimabukuro"}}
{"timestamp":"2026-03-16T19:43:28.991Z","importId":3,"level":"WARN","message":"Linha 3383: Pontuação é 0 ou null","category":"PONTUACAO","context":{"rowNumber":3383,"points":0,"cnpj":"82524232000103","saleId":"3406161A","executiveName":"Cassia Shimabukuro"}}
{"timestamp":"2026-03-16T19:43:28.995Z","importId":3,"level":"WARN","message":"Linha 3384: Pontuação é 0 ou null","category":"PONTUACAO","context":{"rowNumber":3384,"points":0,"cnpj":"82524232000103","saleId":"3406160A","executiveName":"Cassia Shimabukuro"}}
{"timestamp":"2026-03-16T19:43:28.998Z","importId":3,"level":"WARN","message":"Linha 3385: Pontuação é 0 ou null","category":"PONTUACAO","context":{"rowNumber":3385,"points":0,"cnpj":"82524232000103","saleId":"3406159A","executiveName":"Cassia Shimabukuro"}}
{"timestamp":"2026-03-16T19:43:29.007Z","importId":3,"level":"WARN","message":"Linha 3393: Pontuação é 0 ou null","category":"PONTUACAO","context":{"rowNumber":3393,"points":0,"cnpj":"18096686000121","saleId":"3406151A","executiveName":"Pasquale Neto"}}
{"timestamp":"2026-03-16T19:43:29.011Z","importId":3,"level":"WARN","message":"Linha 3395: Pontuação é 0 ou null","category":"PONTUACAO","context":{"rowNumber":3395,"points":0,"cnpj":"18096686000121","saleId":"3406150A","executiveName":"Pasquale Neto"}}
{"timestamp":"2026-03-16T19:43:29.019Z","importId":3,"level":"WARN","message":"Linha 3401: Pontuação é 0 ou null","category":"PONTUACAO","context":{"rowNumber":3401,"points":0,"cnpj":"05946137000157","saleId":"3406525A","executiveName":"Elza Lara"}}
{"timestamp":"2026-03-16T19:43:29.024Z","importId":3,"level":"WARN","message":"Linha 3402: Pontuação é 0 ou null","category":"PONTUACAO","context":{"rowNumber":3402,"points":0,"cnpj":"15505790000487","saleId":"3406523A","executiveName":"Carlos Brito"}}
{"timestamp":"2026-03-16T19:43:29.025Z","importId":3,"level":"WARN","message":"Linha 3403: Pontuação é 0 ou null","category":"PONTUACAO","context":{"rowNumber":3403,"points":0,"cnpj":"15505790000487","saleId":"3406522A","executiveName":"Carlos Brito"}}
{"timestamp":"2026-03-16T19:43:29.027Z","importId":3,"level":"WARN","message":"Linha 3404: Pontuação é 0 ou null","category":"PONTUACAO","context":{"rowNumber":3404,"points":0,"cnpj":"15505790000487","saleId":"3406521A","executiveName":"Carlos Brito"}}
{"timestamp":"2026-03-16T19:43:29.032Z","importId":3,"level":"WARN","message":"Linha 3405: Pontuação é 0 ou null","category":"PONTUACAO","context":{"rowNumber":3405,"points":0,"cnpj":"15505790000487","saleId":"3406520A","executiveName":"Carlos Brito"}}
{"timestamp":"2026-03-16T19:43:29.034Z","importId":3,"level":"WARN","message":"Linha 3407: Pontuação é 0 ou null","category":"PONTUACAO","context":{"rowNumber":3407,"points":0,"cnpj":"20536275000151","saleId":"3406516A","executiveName":"Elza Lara"}}
{"timestamp":"2026-03-16T19:43:29.037Z","importId":3,"level":"WARN","message":"Linha 3408: Pontuação é 0 ou null","category":"PONTUACAO","context":{"rowNumber":3408,"points":0,"cnpj":"22764661000126","saleId":"3406514A","executiveName":"Marlon Wander"}}
{"timestamp":"2026-03-16T19:43:29.039Z","importId":3,"level":"WARN","message":"Linha 3409: Pontuação é 0 ou null","category":"PONTUACAO","context":{"rowNumber":3409,"points":0,"cnpj":"22764661000126","saleId":"3406513A","executiveName":"Marlon Wander"}}
{"timestamp":"2026-03-16T19:43:29.041Z","importId":3,"level":"WARN","message":"Linha 3410: Pontuação é 0 ou null","category":"PONTUACAO","context":{"rowNumber":3410,"points":0,"cnpj":"22764661000126","saleId":"3406512A","executiveName":"Marlon Wander"}}
{"timestamp":"2026-03-16T19:43:29.045Z","importId":3,"level":"WARN","message":"Linha 3411: Pontuação é 0 ou null","category":"PONTUACAO","context":{"rowNumber":3411,"points":0,"cnpj":"22764661000126","saleId":"3406511A","executiveName":"Marlon Wander"}}
{"timestamp":"2026-03-16T19:43:29.048Z","importId":3,"level":"WARN","message":"Linha 3414: Pontuação é 0 ou null","category":"PONTUACAO","context":{"rowNumber":3414,"points":0,"cnpj":"66021825000109","saleId":"3406499A","executiveName":"Rafaela Soares"}}
{"timestamp":"2026-03-16T19:43:29.052Z","importId":3,"level":"WARN","message":"Linha 3415: Pontuação é 0 ou null","category":"PONTUACAO","context":{"rowNumber":3415,"points":0,"cnpj":"06698980000124","saleId":"3406485A","executiveName":"Cristiano Dafre"}}
{"timestamp":"2026-03-16T19:43:29.054Z","importId":3,"level":"WARN","message":"Linha 3416: Pontuação é 0 ou null","category":"PONTUACAO","context":{"rowNumber":3416,"points":0,"cnpj":"06698980000124","saleId":"3406484A","executiveName":"Cristiano Dafre"}}
{"timestamp":"2026-03-16T19:43:29.057Z","importId":3,"level":"WARN","message":"Linha 3417: Pontuação é 0 ou null","category":"PONTUACAO","context":{"rowNumber":3417,"points":0,"cnpj":"79379491000183","saleId":"3406474A","executiveName":"Marlon Wander"}}
{"timestamp":"2026-03-16T19:43:29.058Z","importId":3,"level":"WARN","message":"Linha 3418: Pontuação é 0 ou null","category":"PONTUACAO","context":{"rowNumber":3418,"points":0,"cnpj":"00931729000181","saleId":"3406473A","executiveName":"Rafaela Soares"}}
{"timestamp":"2026-03-16T19:43:29.060Z","importId":3,"level":"WARN","message":"Linha 3419: Pontuação é 0 ou null","category":"PONTUACAO","context":{"rowNumber":3419,"points":0,"cnpj":"00931729000181","saleId":"3406472A","executiveName":"Rafaela Soares"}}
{"timestamp":"2026-03-16T19:43:29.062Z","importId":3,"level":"WARN","message":"Linha 3420: Pontuação é 0 ou null","category":"PONTUACAO","context":{"rowNumber":3420,"points":0,"cnpj":"03329746000131","saleId":"3406463A","executiveName":"Luana Fagundes"}}
{"timestamp":"2026-03-16T19:43:29.066Z","importId":3,"level":"WARN","message":"Linha 3421: Pontuação é 0 ou null","category":"PONTUACAO","context":{"rowNumber":3421,"points":0,"cnpj":"54916514000110","saleId":"3406462A","executiveName":"Marlon Wander"}}
{"timestamp":"2026-03-16T19:43:29.074Z","importId":3,"level":"WARN","message":"Linha 3426: Pontuação é 0 ou null","category":"PONTUACAO","context":{"rowNumber":3426,"points":0,"cnpj":"18096686000121","saleId":"3406149A","executiveName":"Pasquale Neto"}}
{"timestamp":"2026-03-16T19:43:29.076Z","importId":3,"level":"WARN","message":"Linha 3427: Pontuação é 0 ou null","category":"PONTUACAO","context":{"rowNumber":3427,"points":0,"cnpj":"18096686000121","saleId":"3406148A","executiveName":"Pasquale Neto"}}
{"timestamp":"2026-03-16T19:43:29.078Z","importId":3,"level":"WARN","message":"Linha 3428: Pontuação é 0 ou null","category":"PONTUACAO","context":{"rowNumber":3428,"points":0,"cnpj":"18096686000121","saleId":"3406147A","executiveName":"Pasquale Neto"}}
{"timestamp":"2026-03-16T19:43:29.132Z","importId":3,"level":"WARN","message":"Linha 3463: Pontuação é 0 ou null","category":"PONTUACAO","context":{"rowNumber":3463,"points":0,"cnpj":"27539260000196","saleId":"3406143A","executiveName":"Carlos Barbassa"}}
{"timestamp":"2026-03-16T19:43:29.145Z","importId":3,"level":"WARN","message":"Linha 3467: Pontuação é 0 ou null","category":"PONTUACAO","context":{"rowNumber":3467,"points":0,"cnpj":"20536275000151","saleId":"3406136A","executiveName":"Elza Lara"}}
{"timestamp":"2026-03-16T19:43:29.153Z","importId":3,"level":"WARN","message":"Linha 3474: Pontuação é 0 ou null","category":"PONTUACAO","context":{"rowNumber":3474,"points":0,"cnpj":"20890330000107","saleId":"3406130A","executiveName":"Ricardo Morais"}}
{"timestamp":"2026-03-16T19:43:29.157Z","importId":3,"level":"WARN","message":"Linha 3475: Pontuação é 0 ou null","category":"PONTUACAO","context":{"rowNumber":3475,"points":0,"cnpj":"20890330000107","saleId":"3406128A","executiveName":"Ricardo Morais"}}
{"timestamp":"2026-03-16T19:43:29.159Z","importId":3,"level":"WARN","message":"Linha 3476: Pontuação é 0 ou null","category":"PONTUACAO","context":{"rowNumber":3476,"points":0,"cnpj":"20890330000107","saleId":"3406127A","executiveName":"Ricardo Morais"}}
{"timestamp":"2026-03-16T19:43:29.164Z","importId":3,"level":"WARN","message":"Linha 3479: Pontuação é 0 ou null","category":"PONTUACAO","context":{"rowNumber":3479,"points":0,"cnpj":"17519446000120","saleId":"3406124A","executiveName":"Ricardo Morais"}}
{"timestamp":"2026-03-16T19:43:29.170Z","importId":3,"level":"WARN","message":"Linha 3482: Pontuação é 0 ou null","category":"PONTUACAO","context":{"rowNumber":3482,"points":0,"cnpj":"15006080000160","saleId":"3406121A","executiveName":"Pasquale Neto"}}
{"timestamp":"2026-03-16T19:43:29.175Z","importId":3,"level":"WARN","message":"Linha 3485: Pontuação é 0 ou null","category":"PONTUACAO","context":{"rowNumber":3485,"points":0,"cnpj":"55915565000190","saleId":"3406118A","executiveName":"Pasquale Neto"}}
{"timestamp":"2026-03-16T19:43:29.177Z","importId":3,"level":"WARN","message":"Linha 3486: Pontuação é 0 ou null","category":"PONTUACAO","context":{"rowNumber":3486,"points":0,"cnpj":"55915565000190","saleId":"3406117A","executiveName":"Pasquale Neto"}}
{"timestamp":"2026-03-16T19:43:29.186Z","importId":3,"level":"WARN","message":"Linha 3488: Pontuação é 0 ou null","category":"PONTUACAO","context":{"rowNumber":3488,"points":0,"cnpj":"20890330000107","saleId":"3406129A","executiveName":"Ricardo Morais"}}
{"timestamp":"2026-03-16T19:43:29.201Z","importId":3,"level":"WARN","message":"Linha 3496: Pontuação é 0 ou null","category":"PONTUACAO","context":{"rowNumber":3496,"points":0,"cnpj":"02207606000128","saleId":"3404046A","executiveName":"Carlos Barbassa"}}
{"timestamp":"2026-03-16T19:43:29.208Z","importId":3,"level":"WARN","message":"Linha 3502: Pontuação é 0 ou null","category":"PONTUACAO","context":{"rowNumber":3502,"points":0,"cnpj":"31325699000193","saleId":"3404021A","executiveName":"Elza Lara"}}
{"timestamp":"2026-03-16T19:43:29.210Z","importId":3,"level":"WARN","message":"Linha 3503: Pontuação é 0 ou null","category":"PONTUACAO","context":{"rowNumber":3503,"points":0,"cnpj":"31325699000193","saleId":"3404020A","executiveName":"Elza Lara"}}
{"timestamp":"2026-03-16T19:43:29.237Z","importId":3,"level":"WARN","message":"Linha 3522: Pontuação é 0 ou null","category":"PONTUACAO","context":{"rowNumber":3522,"points":0,"cnpj":"74557760000130","saleId":"3404056A","executiveName":"Claudia Dias"}}
{"timestamp":"2026-03-16T19:43:29.244Z","importId":3,"level":"WARN","message":"Linha 3526: Pontuação é 0 ou null","category":"PONTUACAO","context":{"rowNumber":3526,"points":0,"cnpj":"22657060000114","saleId":"3404081A","executiveName":"Armando Soares"}}
{"timestamp":"2026-03-16T19:43:29.246Z","importId":3,"level":"WARN","message":"Linha 3527: Pontuação é 0 ou null","category":"PONTUACAO","context":{"rowNumber":3527,"points":0,"cnpj":"22657060000114","saleId":"3404080A","executiveName":"Armando Soares"}}
{"timestamp":"2026-03-16T19:43:29.247Z","importId":3,"level":"WARN","message":"Linha 3528: Pontuação é 0 ou null","category":"PONTUACAO","context":{"rowNumber":3528,"points":0,"cnpj":"22657060000114","saleId":"3404079A","executiveName":"Armando Soares"}}
{"timestamp":"2026-03-16T19:43:29.250Z","importId":3,"level":"WARN","message":"Linha 3529: Pontuação é 0 ou null","category":"PONTUACAO","context":{"rowNumber":3529,"points":0,"cnpj":"22657060000114","saleId":"3404078A","executiveName":"Armando Soares"}}
{"timestamp":"2026-03-16T19:43:29.252Z","importId":3,"level":"WARN","message":"Linha 3530: Pontuação é 0 ou null","category":"PONTUACAO","context":{"rowNumber":3530,"points":0,"cnpj":"22657060000114","saleId":"3404077A","executiveName":"Armando Soares"}}
{"timestamp":"2026-03-16T19:43:29.254Z","importId":3,"level":"WARN","message":"Linha 3531: Pontuação é 0 ou null","category":"PONTUACAO","context":{"rowNumber":3531,"points":0,"cnpj":"22657060000114","saleId":"3404076A","executiveName":"Armando Soares"}}
{"timestamp":"2026-03-16T19:43:29.258Z","importId":3,"level":"WARN","message":"Linha 3532: Pontuação é 0 ou null","category":"PONTUACAO","context":{"rowNumber":3532,"points":0,"cnpj":"22657060000114","saleId":"3404075A","executiveName":"Armando Soares"}}
{"timestamp":"2026-03-16T19:43:29.260Z","importId":3,"level":"WARN","message":"Linha 3533: Pontuação é 0 ou null","category":"PONTUACAO","context":{"rowNumber":3533,"points":0,"cnpj":"22657060000114","saleId":"3404074A","executiveName":"Armando Soares"}}
{"timestamp":"2026-03-16T19:43:29.262Z","importId":3,"level":"WARN","message":"Linha 3534: Pontuação é 0 ou null","category":"PONTUACAO","context":{"rowNumber":3534,"points":0,"cnpj":"22657060000114","saleId":"3404073A","executiveName":"Armando Soares"}}
{"timestamp":"2026-03-16T19:43:29.265Z","importId":3,"level":"WARN","message":"Linha 3535: Pontuação é 0 ou null","category":"PONTUACAO","context":{"rowNumber":3535,"points":0,"cnpj":"22657060000114","saleId":"3404072A","executiveName":"Armando Soares"}}
{"timestamp":"2026-03-16T19:43:29.267Z","importId":3,"level":"WARN","message":"Linha 3536: Pontuação é 0 ou null","category":"PONTUACAO","context":{"rowNumber":3536,"points":0,"cnpj":"22657060000114","saleId":"3404071A","executiveName":"Armando Soares"}}
{"timestamp":"2026-03-16T19:43:29.269Z","importId":3,"level":"WARN","message":"Linha 3537: Pontuação é 0 ou null","category":"PONTUACAO","context":{"rowNumber":3537,"points":0,"cnpj":"22657060000114","saleId":"3404070A","executiveName":"Armando Soares"}}
{"timestamp":"2026-03-16T19:43:29.271Z","importId":3,"level":"WARN","message":"Linha 3538: Pontuação é 0 ou null","category":"PONTUACAO","context":{"rowNumber":3538,"points":0,"cnpj":"22657060000114","saleId":"3404069A","executiveName":"Armando Soares"}}
{"timestamp":"2026-03-16T19:43:29.274Z","importId":3,"level":"WARN","message":"Linha 3539: Pontuação é 0 ou null","category":"PONTUACAO","context":{"rowNumber":3539,"points":0,"cnpj":"22657060000114","saleId":"3404068A","executiveName":"Armando Soares"}}
{"timestamp":"2026-03-16T19:43:29.275Z","importId":3,"level":"WARN","message":"Linha 3540: Pontuação é 0 ou null","category":"PONTUACAO","context":{"rowNumber":3540,"points":0,"cnpj":"22657060000114","saleId":"3404067A","executiveName":"Armando Soares"}}
{"timestamp":"2026-03-16T19:43:29.277Z","importId":3,"level":"WARN","message":"Linha 3541: Pontuação é 0 ou null","category":"PONTUACAO","context":{"rowNumber":3541,"points":0,"cnpj":"22657060000114","saleId":"3404066A","executiveName":"Armando Soares"}}
{"timestamp":"2026-03-16T19:43:29.279Z","importId":3,"level":"WARN","message":"Linha 3542: Pontuação é 0 ou null","category":"PONTUACAO","context":{"rowNumber":3542,"points":0,"cnpj":"01626831000136","saleId":"3404065A","executiveName":"Claudia Dias"}}
{"timestamp":"2026-03-16T19:43:29.282Z","importId":3,"level":"WARN","message":"Linha 3544: Pontuação é 0 ou null","category":"PONTUACAO","context":{"rowNumber":3544,"points":0,"cnpj":"74557760000130","saleId":"3404062A","executiveName":"Claudia Dias"}}
{"timestamp":"2026-03-16T19:43:29.287Z","importId":3,"level":"WARN","message":"Linha 3545: Pontuação é 0 ou null","category":"PONTUACAO","context":{"rowNumber":3545,"points":0,"cnpj":"74557760000130","saleId":"3404061A","executiveName":"Claudia Dias"}}
{"timestamp":"2026-03-16T19:43:29.289Z","importId":3,"level":"WARN","message":"Linha 3546: Pontuação é 0 ou null","category":"PONTUACAO","context":{"rowNumber":3546,"points":0,"cnpj":"74557760000130","saleId":"3404060A","executiveName":"Claudia Dias"}}
{"timestamp":"2026-03-16T19:43:29.291Z","importId":3,"level":"WARN","message":"Linha 3547: Pontuação é 0 ou null","category":"PONTUACAO","context":{"rowNumber":3547,"points":0,"cnpj":"74557760000130","saleId":"3404059A","executiveName":"Claudia Dias"}}
{"timestamp":"2026-03-16T19:43:29.293Z","importId":3,"level":"WARN","message":"Linha 3548: Pontuação é 0 ou null","category":"PONTUACAO","context":{"rowNumber":3548,"points":0,"cnpj":"74557760000130","saleId":"3404058A","executiveName":"Claudia Dias"}}
{"timestamp":"2026-03-16T19:43:29.295Z","importId":3,"level":"WARN","message":"Linha 3549: Pontuação é 0 ou null","category":"PONTUACAO","context":{"rowNumber":3549,"points":0,"cnpj":"74557760000130","saleId":"3404057A","executiveName":"Claudia Dias"}}
{"timestamp":"2026-03-16T19:43:29.341Z","importId":3,"level":"WARN","message":"Linha 3581: Pontuação é 0 ou null","category":"PONTUACAO","context":{"rowNumber":3581,"points":0,"cnpj":"65549586000193","saleId":"3403947A","executiveName":"Cristiano Dafre"}}
{"timestamp":"2026-03-16T19:43:29.482Z","importId":3,"level":"WARN","message":"Linha 3678: Pontuação é 0 ou null","category":"PONTUACAO","context":{"rowNumber":3678,"points":0,"cnpj":"57954299000211","saleId":"3404126A","executiveName":"Ricardo Bueno"}}
{"timestamp":"2026-03-16T19:43:29.485Z","importId":3,"level":"WARN","message":"Linha 3679: Pontuação é 0 ou null","category":"PONTUACAO","context":{"rowNumber":3679,"points":0,"cnpj":"57954299000211","saleId":"3404125A","executiveName":"Ricardo Bueno"}}
{"timestamp":"2026-03-16T19:43:29.524Z","importId":3,"level":"WARN","message":"Linha 3705: Pontuação é 0 ou null","category":"PONTUACAO","context":{"rowNumber":3705,"points":0,"cnpj":"29028738000149","saleId":"3404131A","executiveName":"Carlos Barbassa"}}
{"timestamp":"2026-03-16T19:43:29.527Z","importId":3,"level":"WARN","message":"Linha 3706: Pontuação é 0 ou null","category":"PONTUACAO","context":{"rowNumber":3706,"points":0,"cnpj":"29028738000149","saleId":"3404132A","executiveName":"Carlos Barbassa"}}
{"timestamp":"2026-03-16T19:43:29.529Z","importId":3,"level":"WARN","message":"Linha 3707: Pontuação é 0 ou null","category":"PONTUACAO","context":{"rowNumber":3707,"points":0,"cnpj":"29028738000149","saleId":"3404133A","executiveName":"Carlos Barbassa"}}
{"timestamp":"2026-03-16T19:43:29.628Z","importId":3,"level":"WARN","message":"Linha 3772: Pontuação é 0 ou null","category":"PONTUACAO","context":{"rowNumber":3772,"points":0,"cnpj":"20606282000182","saleId":"3403628A","executiveName":"Armando Soares"}}
{"timestamp":"2026-03-16T19:43:29.631Z","importId":3,"level":"WARN","message":"Linha 3773: Pontuação é 0 ou null","category":"PONTUACAO","context":{"rowNumber":3773,"points":0,"cnpj":"20606282000182","saleId":"3403627A","executiveName":"Armando Soares"}}
{"timestamp":"2026-03-16T19:43:29.692Z","importId":3,"level":"WARN","message":"Linha 3816: Pontuação é 0 ou null","category":"PONTUACAO","context":{"rowNumber":3816,"points":0,"cnpj":"38097927000164","saleId":"3403298A","executiveName":"Carlos Barbassa"}}
{"timestamp":"2026-03-16T19:43:29.694Z","importId":3,"level":"WARN","message":"Linha 3817: Pontuação é 0 ou null","category":"PONTUACAO","context":{"rowNumber":3817,"points":0,"cnpj":"38097927000164","saleId":"3403297A","executiveName":"Carlos Barbassa"}}
{"timestamp":"2026-03-16T19:43:29.735Z","importId":3,"level":"WARN","message":"Linha 3847: Pontuação é 0 ou null","category":"PONTUACAO","context":{"rowNumber":3847,"points":0,"cnpj":"20606282000182","saleId":"3403629A","executiveName":"Armando Soares"}}
{"timestamp":"2026-03-16T19:43:29.758Z","importId":3,"level":"WARN","message":"Linha 3864: Pontuação é 0 ou null","category":"PONTUACAO","context":{"rowNumber":3864,"points":0,"cnpj":"20606282000182","saleId":"3403630A","executiveName":"Armando Soares"}}
{"timestamp":"2026-03-16T19:43:29.761Z","importId":3,"level":"WARN","message":"Linha 3865: Pontuação é 0 ou null","category":"PONTUACAO","context":{"rowNumber":3865,"points":0,"cnpj":"20606282000182","saleId":"3403632A","executiveName":"Armando Soares"}}
{"timestamp":"2026-03-16T19:43:29.795Z","importId":3,"level":"WARN","message":"Linha 3890: Pontuação é 0 ou null","category":"PONTUACAO","context":{"rowNumber":3890,"points":0,"cnpj":"03383967000198","saleId":"3403730A","executiveName":"Elza Lara"}}
{"timestamp":"2026-03-16T19:43:29.867Z","importId":3,"level":"WARN","message":"Linha 3938: Pontuação é 0 ou null","category":"PONTUACAO","context":{"rowNumber":3938,"points":0,"cnpj":"01004367000146","saleId":"3403657A","executiveName":"Marlon Wander"}}
{"timestamp":"2026-03-16T19:43:29.870Z","importId":3,"level":"WARN","message":"Linha 3939: Pontuação é 0 ou null","category":"PONTUACAO","context":{"rowNumber":3939,"points":0,"cnpj":"01004367000146","saleId":"3403656A","executiveName":"Marlon Wander"}}
{"timestamp":"2026-03-16T19:43:29.887Z","importId":3,"level":"WARN","message":"Linha 3950: Pontuação é 0 ou null","category":"PONTUACAO","context":{"rowNumber":3950,"points":0,"cnpj":"27742911000140","saleId":"3403637A","executiveName":"Ricardo Morais"}}
{"timestamp":"2026-03-16T19:43:29.889Z","importId":3,"level":"WARN","message":"Linha 3951: Pontuação é 0 ou null","category":"PONTUACAO","context":{"rowNumber":3951,"points":0,"cnpj":"02216485000180","saleId":"3403636A","executiveName":"Ricardo Morais"}}
{"timestamp":"2026-03-16T19:43:29.892Z","importId":3,"level":"WARN","message":"Linha 3953: Pontuação é 0 ou null","category":"PONTUACAO","context":{"rowNumber":3953,"points":0,"cnpj":"20606282000182","saleId":"3403634A","executiveName":"Armando Soares"}}
{"timestamp":"2026-03-16T19:43:29.894Z","importId":3,"level":"WARN","message":"Linha 3954: Pontuação é 0 ou null","category":"PONTUACAO","context":{"rowNumber":3954,"points":0,"cnpj":"20606282000182","saleId":"3403633A","executiveName":"Armando Soares"}}
{"timestamp":"2026-03-16T19:43:29.920Z","importId":3,"level":"WARN","message":"Linha 3972: Pontuação é 0 ou null","category":"PONTUACAO","context":{"rowNumber":3972,"points":0,"cnpj":"20606282000182","saleId":"3403631A","executiveName":"Armando Soares"}}
{"timestamp":"2026-03-16T19:43:30.004Z","importId":3,"level":"WARN","message":"Linha 4027: Pontuação é 0 ou null","category":"PONTUACAO","context":{"rowNumber":4027,"points":0,"cnpj":"24739325000159","saleId":"3404859A","executiveName":"Ricardo Morais"}}
{"timestamp":"2026-03-16T19:43:30.020Z","importId":3,"level":"WARN","message":"Linha 4038: Pontuação é 0 ou null","category":"PONTUACAO","context":{"rowNumber":4038,"points":0,"cnpj":"02727156000102","saleId":"3404846A","executiveName":"Elza Lara"}}
{"timestamp":"2026-03-16T19:43:30.022Z","importId":3,"level":"WARN","message":"Linha 4039: Pontuação é 0 ou null","category":"PONTUACAO","context":{"rowNumber":4039,"points":0,"cnpj":"02727156000102","saleId":"3404845A","executiveName":"Elza Lara"}}
{"timestamp":"2026-03-16T19:43:30.025Z","importId":3,"level":"WARN","message":"Linha 4040: Pontuação é 0 ou null","category":"PONTUACAO","context":{"rowNumber":4040,"points":0,"cnpj":"48186332000139","saleId":"3404840A","executiveName":"Ricardo Morais"}}
{"timestamp":"2026-03-16T19:43:30.027Z","importId":3,"level":"WARN","message":"Linha 4041: Pontuação é 0 ou null","category":"PONTUACAO","context":{"rowNumber":4041,"points":0,"cnpj":"48186332000139","saleId":"3404839A","executiveName":"Ricardo Morais"}}
{"timestamp":"2026-03-16T19:43:30.031Z","importId":3,"level":"WARN","message":"Linha 4042: Pontuação é 0 ou null","category":"PONTUACAO","context":{"rowNumber":4042,"points":0,"cnpj":"48186332000139","saleId":"3404838A","executiveName":"Ricardo Morais"}}
{"timestamp":"2026-03-16T19:43:30.033Z","importId":3,"level":"WARN","message":"Linha 4043: Pontuação é 0 ou null","category":"PONTUACAO","context":{"rowNumber":4043,"points":0,"cnpj":"48186332000139","saleId":"3404837A","executiveName":"Ricardo Morais"}}
{"timestamp":"2026-03-16T19:43:30.109Z","importId":3,"level":"WARN","message":"Linha 4097: Pontuação é 0 ou null","category":"PONTUACAO","context":{"rowNumber":4097,"points":0,"cnpj":"22624188000181","saleId":"3404865A","executiveName":"Ricardo Bueno"}}
{"timestamp":"2026-03-16T19:43:30.134Z","importId":3,"level":"WARN","message":"Linha 4115: Pontuação é 0 ou null","category":"PONTUACAO","context":{"rowNumber":4115,"points":0,"cnpj":"05946137000157","saleId":"3404868A","executiveName":"Elza Lara"}}
{"timestamp":"2026-03-16T19:43:30.135Z","importId":3,"level":"WARN","message":"Linha 4116: Pontuação é 0 ou null","category":"PONTUACAO","context":{"rowNumber":4116,"points":0,"cnpj":"37901023000187","saleId":"3405000A","executiveName":"Cristiano Dafre"}}
{"timestamp":"2026-03-16T19:43:30.140Z","importId":3,"level":"WARN","message":"Linha 4117: Pontuação é 0 ou null","category":"PONTUACAO","context":{"rowNumber":4117,"points":0,"cnpj":"37901023000187","saleId":"3404999A","executiveName":"Cristiano Dafre"}}
{"timestamp":"2026-03-16T19:43:30.152Z","importId":3,"level":"WARN","message":"Linha 4125: Pontuação é 0 ou null","category":"PONTUACAO","context":{"rowNumber":4125,"points":0,"cnpj":"17519446000120","saleId":"3404990A","executiveName":"Ricardo Morais"}}
{"timestamp":"2026-03-16T19:43:30.153Z","importId":3,"level":"WARN","message":"Linha 4126: Pontuação é 0 ou null","category":"PONTUACAO","context":{"rowNumber":4126,"points":0,"cnpj":"17519446000120","saleId":"3404989A","executiveName":"Ricardo Morais"}}
{"timestamp":"2026-03-16T19:43:30.158Z","importId":3,"level":"WARN","message":"Linha 4128: Pontuação é 0 ou null","category":"PONTUACAO","context":{"rowNumber":4128,"points":0,"cnpj":"52652039000197","saleId":"3404985A","executiveName":"Ricardo Morais"}}
{"timestamp":"2026-03-16T19:43:30.159Z","importId":3,"level":"WARN","message":"Linha 4129: Pontuação é 0 ou null","category":"PONTUACAO","context":{"rowNumber":4129,"points":0,"cnpj":"00931729000181","saleId":"3404983A","executiveName":"Rafaela Soares"}}
{"timestamp":"2026-03-16T19:43:30.182Z","importId":3,"level":"WARN","message":"Linha 4145: Pontuação é 0 ou null","category":"PONTUACAO","context":{"rowNumber":4145,"points":0,"cnpj":"56917909000163","saleId":"3405002A","executiveName":"Carlos Barbassa"}}
{"timestamp":"2026-03-16T19:43:30.184Z","importId":3,"level":"WARN","message":"Linha 4146: Pontuação é 0 ou null","category":"PONTUACAO","context":{"rowNumber":4146,"points":0,"cnpj":"56917909000163","saleId":"3405004A","executiveName":"Carlos Barbassa"}}
{"timestamp":"2026-03-16T19:43:30.216Z","importId":3,"level":"WARN","message":"Linha 4167: Pontuação é 0 ou null","category":"PONTUACAO","context":{"rowNumber":4167,"points":0,"cnpj":"15225033000107","saleId":"3405012A","executiveName":"Ricardo Bueno"}}
{"timestamp":"2026-03-16T19:43:30.217Z","importId":3,"level":"WARN","message":"Linha 4168: Pontuação é 0 ou null","category":"PONTUACAO","context":{"rowNumber":4168,"points":0,"cnpj":"15225033000107","saleId":"3405011A","executiveName":"Ricardo Bueno"}}
{"timestamp":"2026-03-16T19:43:30.219Z","importId":3,"level":"WARN","message":"Linha 4169: Pontuação é 0 ou null","category":"PONTUACAO","context":{"rowNumber":4169,"points":0,"cnpj":"15225033000107","saleId":"3405010A","executiveName":"Ricardo Bueno"}}
{"timestamp":"2026-03-16T19:43:30.224Z","importId":3,"level":"WARN","message":"Linha 4172: Pontuação é 0 ou null","category":"PONTUACAO","context":{"rowNumber":4172,"points":0,"cnpj":"45206060000101","saleId":"3405006A","executiveName":"Elza Lara"}}
{"timestamp":"2026-03-16T19:43:30.226Z","importId":3,"level":"WARN","message":"Linha 4173: Pontuação é 0 ou null","category":"PONTUACAO","context":{"rowNumber":4173,"points":0,"cnpj":"45206060000101","saleId":"3405005A","executiveName":"Elza Lara"}}
{"timestamp":"2026-03-16T19:43:30.256Z","importId":3,"level":"WARN","message":"Linha 4195: Pontuação é 0 ou null","category":"PONTUACAO","context":{"rowNumber":4195,"points":0,"cnpj":"46973902000105","saleId":"3404878A","executiveName":"Ricardo Bueno"}}
{"timestamp":"2026-03-16T19:43:30.261Z","importId":3,"level":"WARN","message":"Linha 4198: Pontuação é 0 ou null","category":"PONTUACAO","context":{"rowNumber":4198,"points":0,"cnpj":"07168752000105","saleId":"3404875A","executiveName":"Clarissa Cavalheiro"}}
{"timestamp":"2026-03-16T19:43:30.267Z","importId":3,"level":"WARN","message":"Linha 4200: Pontuação é 0 ou null","category":"PONTUACAO","context":{"rowNumber":4200,"points":0,"cnpj":"07721249000135","saleId":"3404873A","executiveName":"Karla Reis"}}
{"timestamp":"2026-03-16T19:43:30.269Z","importId":3,"level":"WARN","message":"Linha 4201: Pontuação é 0 ou null","category":"PONTUACAO","context":{"rowNumber":4201,"points":0,"cnpj":"07721249000135","saleId":"3404872A","executiveName":"Karla Reis"}}
{"timestamp":"2026-03-16T19:43:30.273Z","importId":3,"level":"WARN","message":"Linha 4202: Pontuação é 0 ou null","category":"PONTUACAO","context":{"rowNumber":4202,"points":0,"cnpj":"20027725000180","saleId":"3404871A","executiveName":"Karla Reis"}}
{"timestamp":"2026-03-16T19:43:30.275Z","importId":3,"level":"WARN","message":"Linha 4203: Pontuação é 0 ou null","category":"PONTUACAO","context":{"rowNumber":4203,"points":0,"cnpj":"05946137000157","saleId":"3404870A","executiveName":"Elza Lara"}}
{"timestamp":"2026-03-16T19:43:30.276Z","importId":3,"level":"WARN","message":"Linha 4204: Pontuação é 0 ou null","category":"PONTUACAO","context":{"rowNumber":4204,"points":0,"cnpj":"05946137000157","saleId":"3404869A","executiveName":"Elza Lara"}}
{"timestamp":"2026-03-16T19:43:31.033Z","importId":3,"level":"WARN","message":"Linha 4734: Pontuação é 0 ou null","category":"PONTUACAO","context":{"rowNumber":4734,"points":0,"cnpj":"36417780000117","saleId":"3407018T","executiveName":"Kelly Furno"}}
{"timestamp":"2026-03-16T19:43:31.526Z","importId":3,"level":"WARN","message":"Linha 5073: Pontuação é 0 ou null","category":"PONTUACAO","context":{"rowNumber":5073,"points":0,"cnpj":"21054450000137","saleId":"3407980A","executiveName":"Claudia Dias"}}
{"timestamp":"2026-03-16T19:43:31.565Z","importId":3,"level":"WARN","message":"Linha 5097: Pontuação é 0 ou null","category":"PONTUACAO","context":{"rowNumber":5097,"points":0,"cnpj":"57040461000105","saleId":"3407881A","executiveName":"Carlos Barbassa"}}
{"timestamp":"2026-03-16T19:43:31.771Z","importId":3,"level":"WARN","message":"Linha 5240: Pontuação é 0 ou null","category":"PONTUACAO","context":{"rowNumber":5240,"points":0,"cnpj":"40304172000173","saleId":"3408016A","executiveName":"Elza Lara"}}
{"timestamp":"2026-03-16T19:43:31.773Z","importId":3,"level":"WARN","message":"Linha 5241: Pontuação é 0 ou null","category":"PONTUACAO","context":{"rowNumber":5241,"points":0,"cnpj":"40304172000173","saleId":"3408015A","executiveName":"Elza Lara"}}
{"timestamp":"2026-03-16T19:43:31.822Z","importId":3,"level":"WARN","message":"Linha 5276: Pontuação é 0 ou null","category":"PONTUACAO","context":{"rowNumber":5276,"points":0,"cnpj":"31905219000163","saleId":"3408852A","executiveName":"Elza Lara"}}
{"timestamp":"2026-03-16T19:43:31.825Z","importId":3,"level":"WARN","message":"Linha 5278: Pontuação é 0 ou null","category":"PONTUACAO","context":{"rowNumber":5278,"points":0,"cnpj":"00931729000181","saleId":"3410359A","executiveName":"Rafaela Soares"}}
{"timestamp":"2026-03-16T19:43:31.828Z","importId":3,"level":"WARN","message":"Linha 5279: Pontuação é 0 ou null","category":"PONTUACAO","context":{"rowNumber":5279,"points":0,"cnpj":"00931729000181","saleId":"3410358A","executiveName":"Rafaela Soares"}}
{"timestamp":"2026-03-16T19:43:31.830Z","importId":3,"level":"WARN","message":"Linha 5280: Pontuação é 0 ou null","category":"PONTUACAO","context":{"rowNumber":5280,"points":0,"cnpj":"57608093000159","saleId":"3410355A","executiveName":"Cristiano Dafre"}}
{"timestamp":"2026-03-16T19:43:31.831Z","importId":3,"level":"WARN","message":"Linha 5281: Pontuação é 0 ou null","category":"PONTUACAO","context":{"rowNumber":5281,"points":0,"cnpj":"57608093000159","saleId":"3410354A","executiveName":"Cristiano Dafre"}}
{"timestamp":"2026-03-16T19:43:31.835Z","importId":3,"level":"WARN","message":"Linha 5282: Pontuação é 0 ou null","category":"PONTUACAO","context":{"rowNumber":5282,"points":0,"cnpj":"07709889000120","saleId":"3410352A","executiveName":"Carlos Brito"}}
{"timestamp":"2026-03-16T19:43:31.836Z","importId":3,"level":"WARN","message":"Linha 5283: Pontuação é 0 ou null","category":"PONTUACAO","context":{"rowNumber":5283,"points":0,"cnpj":"82524232000103","saleId":"3410349A","executiveName":"Cassia Shimabukuro"}}
{"timestamp":"2026-03-16T19:43:31.839Z","importId":3,"level":"WARN","message":"Linha 5284: Pontuação é 0 ou null","category":"PONTUACAO","context":{"rowNumber":5284,"points":0,"cnpj":"58693110000166","saleId":"3410234A","executiveName":"Rafaela Soares"}}
{"timestamp":"2026-03-16T19:43:31.842Z","importId":3,"level":"WARN","message":"Linha 5285: Pontuação é 0 ou null","category":"PONTUACAO","context":{"rowNumber":5285,"points":0,"cnpj":"49267804000140","saleId":"3410157A","executiveName":"Ricardo Morais"}}
{"timestamp":"2026-03-16T19:43:31.848Z","importId":3,"level":"WARN","message":"Linha 5289: Pontuação é 0 ou null","category":"PONTUACAO","context":{"rowNumber":5289,"points":0,"cnpj":"46878674000194","saleId":"3410362A","executiveName":"Claudia Dias"}}
{"timestamp":"2026-03-16T19:43:31.853Z","importId":3,"level":"WARN","message":"Linha 5291: Pontuação é 0 ou null","category":"PONTUACAO","context":{"rowNumber":5291,"points":0,"cnpj":"36417780000117","saleId":"3409633A","executiveName":"Kelly Furno"}}
{"timestamp":"2026-03-16T19:43:31.855Z","importId":3,"level":"WARN","message":"Linha 5292: Pontuação é 0 ou null","category":"PONTUACAO","context":{"rowNumber":5292,"points":0,"cnpj":"36417780000117","saleId":"3409617A","executiveName":"Kelly Furno"}}
{"timestamp":"2026-03-16T19:43:31.856Z","importId":3,"level":"WARN","message":"Linha 5293: Pontuação é 0 ou null","category":"PONTUACAO","context":{"rowNumber":5293,"points":0,"cnpj":"15505790000134","saleId":"3409606A","executiveName":"Carlos Brito"}}
{"timestamp":"2026-03-16T19:43:31.869Z","importId":3,"level":"WARN","message":"Linha 5302: Pontuação é 0 ou null","category":"PONTUACAO","context":{"rowNumber":5302,"points":0,"cnpj":"36417780000117","saleId":"3409634A","executiveName":"Kelly Furno"}}
{"timestamp":"2026-03-16T19:43:31.872Z","importId":3,"level":"WARN","message":"Linha 5304: Pontuação é 0 ou null","category":"PONTUACAO","context":{"rowNumber":5304,"points":0,"cnpj":"46878674000194","saleId":"3410363A","executiveName":"Claudia Dias"}}
{"timestamp":"2026-03-16T19:43:31.877Z","importId":3,"level":"WARN","message":"Linha 5305: Pontuação é 0 ou null","category":"PONTUACAO","context":{"rowNumber":5305,"points":0,"cnpj":"15006080000160","saleId":"3410365A","executiveName":"Pasquale Neto"}}
{"timestamp":"2026-03-16T19:43:31.879Z","importId":3,"level":"WARN","message":"Linha 5306: Pontuação é 0 ou null","category":"PONTUACAO","context":{"rowNumber":5306,"points":0,"cnpj":"39319043000170","saleId":"3410426A","executiveName":"Elza Lara"}}
{"timestamp":"2026-03-16T19:43:31.882Z","importId":3,"level":"WARN","message":"Linha 5307: Pontuação é 0 ou null","category":"PONTUACAO","context":{"rowNumber":5307,"points":0,"cnpj":"39708084000158","saleId":"3410425A","executiveName":"Ricardo Morais"}}
{"timestamp":"2026-03-16T19:43:31.884Z","importId":3,"level":"WARN","message":"Linha 5308: Pontuação é 0 ou null","category":"PONTUACAO","context":{"rowNumber":5308,"points":0,"cnpj":"39708084000158","saleId":"3410424A","executiveName":"Ricardo Morais"}}
{"timestamp":"2026-03-16T19:43:31.886Z","importId":3,"level":"WARN","message":"Linha 5309: Pontuação é 0 ou null","category":"PONTUACAO","context":{"rowNumber":5309,"points":0,"cnpj":"39708084000158","saleId":"3410423A","executiveName":"Ricardo Morais"}}
{"timestamp":"2026-03-16T19:43:31.889Z","importId":3,"level":"WARN","message":"Linha 5310: Pontuação é 0 ou null","category":"PONTUACAO","context":{"rowNumber":5310,"points":0,"cnpj":"58423229000119","saleId":"3410411A","executiveName":"Miguel Jenotti"}}
{"timestamp":"2026-03-16T19:43:31.890Z","importId":3,"level":"WARN","message":"Linha 5311: Pontuação é 0 ou null","category":"PONTUACAO","context":{"rowNumber":5311,"points":0,"cnpj":"58423229000119","saleId":"3410410A","executiveName":"Miguel Jenotti"}}
{"timestamp":"2026-03-16T19:43:31.892Z","importId":3,"level":"WARN","message":"Linha 5312: Pontuação é 0 ou null","category":"PONTUACAO","context":{"rowNumber":5312,"points":0,"cnpj":"09478602000123","saleId":"3410409A","executiveName":"Marlon Wander"}}
{"timestamp":"2026-03-16T19:43:31.894Z","importId":3,"level":"WARN","message":"Linha 5313: Pontuação é 0 ou null","category":"PONTUACAO","context":{"rowNumber":5313,"points":0,"cnpj":"09478602000123","saleId":"3410408A","executiveName":"Marlon Wander"}}
{"timestamp":"2026-03-16T19:43:31.896Z","importId":3,"level":"WARN","message":"Linha 5314: Pontuação é 0 ou null","category":"PONTUACAO","context":{"rowNumber":5314,"points":0,"cnpj":"09478602000123","saleId":"3410407A","executiveName":"Marlon Wander"}}
{"timestamp":"2026-03-16T19:43:31.899Z","importId":3,"level":"WARN","message":"Linha 5315: Pontuação é 0 ou null","category":"PONTUACAO","context":{"rowNumber":5315,"points":0,"cnpj":"09478602000123","saleId":"3410406A","executiveName":"Marlon Wander"}}
{"timestamp":"2026-03-16T19:43:31.901Z","importId":3,"level":"WARN","message":"Linha 5316: Pontuação é 0 ou null","category":"PONTUACAO","context":{"rowNumber":5316,"points":0,"cnpj":"09478602000123","saleId":"3410405A","executiveName":"Marlon Wander"}}
{"timestamp":"2026-03-16T19:43:31.904Z","importId":3,"level":"WARN","message":"Linha 5317: Pontuação é 0 ou null","category":"PONTUACAO","context":{"rowNumber":5317,"points":0,"cnpj":"46878674000194","saleId":"3410364A","executiveName":"Claudia Dias"}}
{"timestamp":"2026-03-16T19:43:31.906Z","importId":3,"level":"WARN","message":"Linha 5318: Pontuação é 0 ou null","category":"PONTUACAO","context":{"rowNumber":5318,"points":0,"cnpj":"09478602000123","saleId":"3410404A","executiveName":"Marlon Wander"}}
{"timestamp":"2026-03-16T19:43:31.908Z","importId":3,"level":"WARN","message":"Linha 5319: Pontuação é 0 ou null","category":"PONTUACAO","context":{"rowNumber":5319,"points":0,"cnpj":"20606282000182","saleId":"3410381A","executiveName":"Armando Soares"}}
{"timestamp":"2026-03-16T19:43:31.909Z","importId":3,"level":"WARN","message":"Linha 5320: Pontuação é 0 ou null","category":"PONTUACAO","context":{"rowNumber":5320,"points":0,"cnpj":"20606282000182","saleId":"3410380A","executiveName":"Armando Soares"}}
{"timestamp":"2026-03-16T19:43:31.913Z","importId":3,"level":"WARN","message":"Linha 5321: Pontuação é 0 ou null","category":"PONTUACAO","context":{"rowNumber":5321,"points":0,"cnpj":"57954299000211","saleId":"3410375A","executiveName":"Ricardo Bueno"}}
{"timestamp":"2026-03-16T19:43:31.914Z","importId":3,"level":"WARN","message":"Linha 5322: Pontuação é 0 ou null","category":"PONTUACAO","context":{"rowNumber":5322,"points":0,"cnpj":"57954299000211","saleId":"3410374A","executiveName":"Ricardo Bueno"}}
{"timestamp":"2026-03-16T19:43:31.916Z","importId":3,"level":"WARN","message":"Linha 5323: Pontuação é 0 ou null","category":"PONTUACAO","context":{"rowNumber":5323,"points":0,"cnpj":"59875039000103","saleId":"3410372A","executiveName":"Carlos Barbassa"}}
{"timestamp":"2026-03-16T19:43:31.919Z","importId":3,"level":"WARN","message":"Linha 5324: Pontuação é 0 ou null","category":"PONTUACAO","context":{"rowNumber":5324,"points":0,"cnpj":"59875039000103","saleId":"3410371A","executiveName":"Carlos Barbassa"}}
{"timestamp":"2026-03-16T19:43:31.922Z","importId":3,"level":"WARN","message":"Linha 5325: Pontuação é 0 ou null","category":"PONTUACAO","context":{"rowNumber":5325,"points":0,"cnpj":"59875039000103","saleId":"3410370A","executiveName":"Carlos Barbassa"}}
{"timestamp":"2026-03-16T19:43:31.925Z","importId":3,"level":"WARN","message":"Linha 5326: Pontuação é 0 ou null","category":"PONTUACAO","context":{"rowNumber":5326,"points":0,"cnpj":"59875039000103","saleId":"3410369A","executiveName":"Carlos Barbassa"}}
{"timestamp":"2026-03-16T19:43:31.926Z","importId":3,"level":"WARN","message":"Linha 5327: Pontuação é 0 ou null","category":"PONTUACAO","context":{"rowNumber":5327,"points":0,"cnpj":"15006080000160","saleId":"3410368A","executiveName":"Pasquale Neto"}}
{"timestamp":"2026-03-16T19:43:31.928Z","importId":3,"level":"WARN","message":"Linha 5328: Pontuação é 0 ou null","category":"PONTUACAO","context":{"rowNumber":5328,"points":0,"cnpj":"15006080000160","saleId":"3410367A","executiveName":"Pasquale Neto"}}
{"timestamp":"2026-03-16T19:43:31.930Z","importId":3,"level":"WARN","message":"Linha 5329: Pontuação é 0 ou null","category":"PONTUACAO","context":{"rowNumber":5329,"points":0,"cnpj":"15006080000160","saleId":"3410366A","executiveName":"Pasquale Neto"}}
{"timestamp":"2026-03-16T19:43:31.931Z","importId":3,"level":"WARN","message":"Linha 5330: Pontuação é 0 ou null","category":"PONTUACAO","context":{"rowNumber":5330,"points":0,"cnpj":"04033961000153","saleId":"3410402A","executiveName":"Elza Lara"}}
{"timestamp":"2026-03-16T19:43:31.941Z","importId":3,"level":"WARN","message":"Linha 5336: Pontuação é 0 ou null","category":"PONTUACAO","context":{"rowNumber":5336,"points":0,"cnpj":"08596472000160","saleId":"3408856A","executiveName":"Rafaela Soares"}}
{"timestamp":"2026-03-16T19:43:31.943Z","importId":3,"level":"WARN","message":"Linha 5337: Pontuação é 0 ou null","category":"PONTUACAO","context":{"rowNumber":5337,"points":0,"cnpj":"57541948000171","saleId":"3408855A","executiveName":"William Silva"}}
{"timestamp":"2026-03-16T19:43:31.944Z","importId":3,"level":"WARN","message":"Linha 5338: Pontuação é 0 ou null","category":"PONTUACAO","context":{"rowNumber":5338,"points":0,"cnpj":"57541948000171","saleId":"3408854A","executiveName":"William Silva"}}
{"timestamp":"2026-03-16T19:43:31.947Z","importId":3,"level":"WARN","message":"Linha 5339: Pontuação é 0 ou null","category":"PONTUACAO","context":{"rowNumber":5339,"points":0,"cnpj":"31905219000163","saleId":"3408853A","executiveName":"Elza Lara"}}
{"timestamp":"2026-03-16T19:43:31.950Z","importId":3,"level":"WARN","message":"Linha 5341: Pontuação é 0 ou null","category":"PONTUACAO","context":{"rowNumber":5341,"points":0,"cnpj":"18621278000141","saleId":"3408850A","executiveName":"Claudia Dias"}}
{"timestamp":"2026-03-16T19:43:31.952Z","importId":3,"level":"WARN","message":"Linha 5342: Pontuação é 0 ou null","category":"PONTUACAO","context":{"rowNumber":5342,"points":0,"cnpj":"02708513000187","saleId":"3408849A","executiveName":"Pasquale Neto"}}
{"timestamp":"2026-03-16T19:43:31.961Z","importId":3,"level":"WARN","message":"Linha 5346: Pontuação é 0 ou null","category":"PONTUACAO","context":{"rowNumber":5346,"points":0,"cnpj":"48186332000139","saleId":"3408845A","executiveName":"Ricardo Morais"}}
{"timestamp":"2026-03-16T19:43:31.962Z","importId":3,"level":"WARN","message":"Linha 5347: Pontuação é 0 ou null","category":"PONTUACAO","context":{"rowNumber":5347,"points":0,"cnpj":"06698980000124","saleId":"3408843A","executiveName":"Cristiano Dafre"}}
{"timestamp":"2026-03-16T19:43:31.964Z","importId":3,"level":"WARN","message":"Linha 5348: Pontuação é 0 ou null","category":"PONTUACAO","context":{"rowNumber":5348,"points":0,"cnpj":"09178878000196","saleId":"3408842A","executiveName":"Ricardo Morais"}}
{"timestamp":"2026-03-16T19:43:31.967Z","importId":3,"level":"WARN","message":"Linha 5349: Pontuação é 0 ou null","category":"PONTUACAO","context":{"rowNumber":5349,"points":0,"cnpj":"09178878000196","saleId":"3408841A","executiveName":"Ricardo Morais"}}
{"timestamp":"2026-03-16T19:43:31.970Z","importId":3,"level":"WARN","message":"Linha 5351: Pontuação é 0 ou null","category":"PONTUACAO","context":{"rowNumber":5351,"points":0,"cnpj":"02116253000150","saleId":"3408839A","executiveName":"Elza Lara"}}
{"timestamp":"2026-03-16T19:43:31.972Z","importId":3,"level":"WARN","message":"Linha 5352: Pontuação é 0 ou null","category":"PONTUACAO","context":{"rowNumber":5352,"points":0,"cnpj":"02116253000150","saleId":"3408838A","executiveName":"Elza Lara"}}
{"timestamp":"2026-03-16T19:43:31.983Z","importId":3,"level":"WARN","message":"Linha 5358: Pontuação é 0 ou null","category":"PONTUACAO","context":{"rowNumber":5358,"points":0,"cnpj":"06698980000124","saleId":"3408844A","executiveName":"Cristiano Dafre"}}
{"timestamp":"2026-03-16T19:43:31.987Z","importId":3,"level":"WARN","message":"Linha 5359: Pontuação é 0 ou null","category":"PONTUACAO","context":{"rowNumber":5359,"points":0,"cnpj":"57243917000134","saleId":"3408860A","executiveName":"William Silva"}}
{"timestamp":"2026-03-16T19:43:32.002Z","importId":3,"level":"WARN","message":"Linha 5369: Pontuação é 0 ou null","category":"PONTUACAO","context":{"rowNumber":5369,"points":0,"cnpj":"57066593000106","saleId":"3408880A","executiveName":"Gabriela Carvalho"}}
{"timestamp":"2026-03-16T19:43:32.004Z","importId":3,"level":"WARN","message":"Linha 5370: Pontuação é 0 ou null","category":"PONTUACAO","context":{"rowNumber":5370,"points":0,"cnpj":"57066593000106","saleId":"3408879A","executiveName":"Gabriela Carvalho"}}
{"timestamp":"2026-03-16T19:43:32.008Z","importId":3,"level":"WARN","message":"Linha 5372: Pontuação é 0 ou null","category":"PONTUACAO","context":{"rowNumber":5372,"points":0,"cnpj":"57655576000104","saleId":"3408877A","executiveName":"Claudia Dias"}}
{"timestamp":"2026-03-16T19:43:32.009Z","importId":3,"level":"WARN","message":"Linha 5373: Pontuação é 0 ou null","category":"PONTUACAO","context":{"rowNumber":5373,"points":0,"cnpj":"49267804000140","saleId":"3408876A","executiveName":"Ricardo Morais"}}
{"timestamp":"2026-03-16T19:43:32.011Z","importId":3,"level":"WARN","message":"Linha 5374: Pontuação é 0 ou null","category":"PONTUACAO","context":{"rowNumber":5374,"points":0,"cnpj":"49267804000140","saleId":"3408875A","executiveName":"Ricardo Morais"}}
{"timestamp":"2026-03-16T19:43:32.017Z","importId":3,"level":"WARN","message":"Linha 5376: Pontuação é 0 ou null","category":"PONTUACAO","context":{"rowNumber":5376,"points":0,"cnpj":"49375721000175","saleId":"3408873A","executiveName":"Walter Junior"}}
{"timestamp":"2026-03-16T19:43:32.019Z","importId":3,"level":"WARN","message":"Linha 5377: Pontuação é 0 ou null","category":"PONTUACAO","context":{"rowNumber":5377,"points":0,"cnpj":"49375721000175","saleId":"3408872A","executiveName":"Walter Junior"}}
{"timestamp":"2026-03-16T19:43:32.021Z","importId":3,"level":"WARN","message":"Linha 5378: Pontuação é 0 ou null","category":"PONTUACAO","context":{"rowNumber":5378,"points":0,"cnpj":"27375346000120","saleId":"3408871A","executiveName":"Claudia Dias"}}
{"timestamp":"2026-03-16T19:43:32.024Z","importId":3,"level":"WARN","message":"Linha 5379: Pontuação é 0 ou null","category":"PONTUACAO","context":{"rowNumber":5379,"points":0,"cnpj":"27375346000120","saleId":"3408870A","executiveName":"Claudia Dias"}}
{"timestamp":"2026-03-16T19:43:32.027Z","importId":3,"level":"WARN","message":"Linha 5381: Pontuação é 0 ou null","category":"PONTUACAO","context":{"rowNumber":5381,"points":0,"cnpj":"30852640000190","saleId":"3408868A","executiveName":"Cristiano Dafre"}}
{"timestamp":"2026-03-16T19:43:32.030Z","importId":3,"level":"WARN","message":"Linha 5383: Pontuação é 0 ou null","category":"PONTUACAO","context":{"rowNumber":5383,"points":0,"cnpj":"42568415000106","saleId":"3408866A","executiveName":"Walter Junior"}}
{"timestamp":"2026-03-16T19:43:32.032Z","importId":3,"level":"WARN","message":"Linha 5384: Pontuação é 0 ou null","category":"PONTUACAO","context":{"rowNumber":5384,"points":0,"cnpj":"42568415000106","saleId":"3408865A","executiveName":"Walter Junior"}}
{"timestamp":"2026-03-16T19:43:32.037Z","importId":3,"level":"WARN","message":"Linha 5386: Pontuação é 0 ou null","category":"PONTUACAO","context":{"rowNumber":5386,"points":0,"cnpj":"56917909000163","saleId":"3408863A","executiveName":"Carlos Barbassa"}}
{"timestamp":"2026-03-16T19:43:32.038Z","importId":3,"level":"WARN","message":"Linha 5387: Pontuação é 0 ou null","category":"PONTUACAO","context":{"rowNumber":5387,"points":0,"cnpj":"32577645000188","saleId":"3410427A","executiveName":"Elza Lara"}}
{"timestamp":"2026-03-16T19:43:32.040Z","importId":3,"level":"WARN","message":"Linha 5388: Pontuação é 0 ou null","category":"PONTUACAO","context":{"rowNumber":5388,"points":0,"cnpj":"51575115000145","saleId":"3410431A","executiveName":"Cristiano Dafre"}}
{"timestamp":"2026-03-16T19:43:32.043Z","importId":3,"level":"WARN","message":"Linha 5389: Pontuação é 0 ou null","category":"PONTUACAO","context":{"rowNumber":5389,"points":0,"cnpj":"51575115000145","saleId":"3410432A","executiveName":"Cristiano Dafre"}}
{"timestamp":"2026-03-16T19:43:32.044Z","importId":3,"level":"WARN","message":"Linha 5390: Pontuação é 0 ou null","category":"PONTUACAO","context":{"rowNumber":5390,"points":0,"cnpj":"53699400000101","saleId":"3410433A","executiveName":"Ricardo Morais"}}
{"timestamp":"2026-03-16T19:43:32.057Z","importId":3,"level":"WARN","message":"Linha 5396: Pontuação é 0 ou null","category":"PONTUACAO","context":{"rowNumber":5396,"points":0,"cnpj":"28327129000128","saleId":"3419284A","executiveName":"Marlon Wander"}}
{"timestamp":"2026-03-16T19:43:32.060Z","importId":3,"level":"WARN","message":"Linha 5398: Pontuação é 0 ou null","category":"PONTUACAO","context":{"rowNumber":5398,"points":0,"cnpj":"21211391000163","saleId":"3419023A","executiveName":"Maira Vallim"}}
{"timestamp":"2026-03-16T19:43:32.069Z","importId":3,"level":"WARN","message":"Linha 5403: Pontuação é 0 ou null","category":"PONTUACAO","context":{"rowNumber":5403,"points":0,"cnpj":"54235752000160","saleId":"3416197A","executiveName":"Elza Lara"}}
{"timestamp":"2026-03-16T19:43:32.070Z","importId":3,"level":"WARN","message":"Linha 5404: Pontuação é 0 ou null","category":"PONTUACAO","context":{"rowNumber":5404,"points":0,"cnpj":"22764661000126","saleId":"3416191A","executiveName":"Marlon Wander"}}
{"timestamp":"2026-03-16T19:43:32.074Z","importId":3,"level":"WARN","message":"Linha 5405: Pontuação é 0 ou null","category":"PONTUACAO","context":{"rowNumber":5405,"points":0,"cnpj":"22764661000126","saleId":"3416190A","executiveName":"Marlon Wander"}}
{"timestamp":"2026-03-16T19:43:32.076Z","importId":3,"level":"WARN","message":"Linha 5406: Pontuação é 0 ou null","category":"PONTUACAO","context":{"rowNumber":5406,"points":0,"cnpj":"43398083000121","saleId":"3416176A","executiveName":"Karla Reis"}}
{"timestamp":"2026-03-16T19:43:32.078Z","importId":3,"level":"WARN","message":"Linha 5407: Pontuação é 0 ou null","category":"PONTUACAO","context":{"rowNumber":5407,"points":0,"cnpj":"07540346000121","saleId":"3416170A","executiveName":"Ricardo Morais"}}
{"timestamp":"2026-03-16T19:43:32.081Z","importId":3,"level":"WARN","message":"Linha 5408: Pontuação é 0 ou null","category":"PONTUACAO","context":{"rowNumber":5408,"points":0,"cnpj":"65549586000193","saleId":"3416168A","executiveName":"Cristiano Dafre"}}
{"timestamp":"2026-03-16T19:43:32.083Z","importId":3,"level":"WARN","message":"Linha 5409: Pontuação é 0 ou null","category":"PONTUACAO","context":{"rowNumber":5409,"points":0,"cnpj":"65549586000193","saleId":"3416164A","executiveName":"Cristiano Dafre"}}
{"timestamp":"2026-03-16T19:43:32.085Z","importId":3,"level":"WARN","message":"Linha 5410: Pontuação é 0 ou null","category":"PONTUACAO","context":{"rowNumber":5410,"points":0,"cnpj":"65549586000193","saleId":"3416162A","executiveName":"Cristiano Dafre"}}
{"timestamp":"2026-03-16T19:43:32.086Z","importId":3,"level":"WARN","message":"Linha 5411: Pontuação é 0 ou null","category":"PONTUACAO","context":{"rowNumber":5411,"points":0,"cnpj":"24869123000121","saleId":"3416146A","executiveName":"Elza Lara"}}
{"timestamp":"2026-03-16T19:43:32.090Z","importId":3,"level":"WARN","message":"Linha 5412: Pontuação é 0 ou null","category":"PONTUACAO","context":{"rowNumber":5412,"points":0,"cnpj":"54235752000160","saleId":"3416142A","executiveName":"Elza Lara"}}
{"timestamp":"2026-03-16T19:43:32.092Z","importId":3,"level":"WARN","message":"Linha 5413: Pontuação é 0 ou null","category":"PONTUACAO","context":{"rowNumber":5413,"points":0,"cnpj":"01795761000140","saleId":"3416141A","executiveName":"Cassia Shimabukuro"}}
{"timestamp":"2026-03-16T19:43:32.094Z","importId":3,"level":"WARN","message":"Linha 5414: Pontuação é 0 ou null","category":"PONTUACAO","context":{"rowNumber":5414,"points":0,"cnpj":"79379491000183","saleId":"3415815A","executiveName":"Marlon Wander"}}
{"timestamp":"2026-03-16T19:43:32.099Z","importId":3,"level":"WARN","message":"Linha 5415: Pontuação é 0 ou null","category":"PONTUACAO","context":{"rowNumber":5415,"points":0,"cnpj":"44580085000108","saleId":"3416192A","executiveName":"Cristiano Dafre"}}
{"timestamp":"2026-03-16T19:43:32.102Z","importId":3,"level":"WARN","message":"Linha 5418: Pontuação é 0 ou null","category":"PONTUACAO","context":{"rowNumber":5418,"points":0,"cnpj":"13336546000160","saleId":"3421809A","executiveName":"Marlon Wander"}}
{"timestamp":"2026-03-16T19:43:32.125Z","importId":3,"level":"WARN","message":"Linha 5434: Pontuação é 0 ou null","category":"PONTUACAO","context":{"rowNumber":5434,"points":0,"cnpj":"17443240000163","saleId":"3424440A","executiveName":"Gabriela Carvalho"}}
{"timestamp":"2026-03-16T19:43:32.129Z","importId":3,"level":"WARN","message":"Linha 5435: Pontuação é 0 ou null","category":"PONTUACAO","context":{"rowNumber":5435,"points":0,"cnpj":"20890330000107","saleId":"3424372A","executiveName":"Ricardo Morais"}}
{"timestamp":"2026-03-16T19:43:32.139Z","importId":3,"level":"WARN","message":"Linha 5443: Pontuação é 0 ou null","category":"PONTUACAO","context":{"rowNumber":5443,"points":0,"cnpj":"01004367000146","saleId":"3421811A","executiveName":"Marlon Wander"}}
{"timestamp":"2026-03-16T19:43:32.148Z","importId":3,"level":"WARN","message":"Linha 5448: Pontuação é 0 ou null","category":"PONTUACAO","context":{"rowNumber":5448,"points":0,"cnpj":"39861693000142","saleId":"3411990A","executiveName":"Karla Reis"}}
{"timestamp":"2026-03-16T19:43:32.150Z","importId":3,"level":"WARN","message":"Linha 5449: Pontuação é 0 ou null","category":"PONTUACAO","context":{"rowNumber":5449,"points":0,"cnpj":"07389466000170","saleId":"3411985A","executiveName":"Armando Soares"}}
{"timestamp":"2026-03-16T19:43:32.152Z","importId":3,"level":"WARN","message":"Linha 5450: Pontuação é 0 ou null","category":"PONTUACAO","context":{"rowNumber":5450,"points":0,"cnpj":"07389466000170","saleId":"3411984A","executiveName":"Armando Soares"}}
{"timestamp":"2026-03-16T19:43:32.154Z","importId":3,"level":"WARN","message":"Linha 5451: Pontuação é 0 ou null","category":"PONTUACAO","context":{"rowNumber":5451,"points":0,"cnpj":"18134620000189","saleId":"3411982A","executiveName":"Karla Reis"}}
{"timestamp":"2026-03-16T19:43:32.157Z","importId":3,"level":"WARN","message":"Linha 5452: Pontuação é 0 ou null","category":"PONTUACAO","context":{"rowNumber":5452,"points":0,"cnpj":"15505790000487","saleId":"3411973A","executiveName":"Carlos Brito"}}
{"timestamp":"2026-03-16T19:43:32.159Z","importId":3,"level":"WARN","message":"Linha 5453: Pontuação é 0 ou null","category":"PONTUACAO","context":{"rowNumber":5453,"points":0,"cnpj":"30607677000153","saleId":"3411970A","executiveName":"Rafaela Soares"}}
{"timestamp":"2026-03-16T19:43:32.160Z","importId":3,"level":"WARN","message":"Linha 5454: Pontuação é 0 ou null","category":"PONTUACAO","context":{"rowNumber":5454,"points":0,"cnpj":"58423229000119","saleId":"3411966A","executiveName":"Miguel Jenotti"}}
{"timestamp":"2026-03-16T19:43:32.164Z","importId":3,"level":"WARN","message":"Linha 5455: Pontuação é 0 ou null","category":"PONTUACAO","context":{"rowNumber":5455,"points":0,"cnpj":"15117936000174","saleId":"3411965A","executiveName":"Ronaldo Coelho"}}
{"timestamp":"2026-03-16T19:43:32.165Z","importId":3,"level":"WARN","message":"Linha 5456: Pontuação é 0 ou null","category":"PONTUACAO","context":{"rowNumber":5456,"points":0,"cnpj":"07874451000105","saleId":"3411964A","executiveName":"Carlos Barbassa"}}
{"timestamp":"2026-03-16T19:43:32.167Z","importId":3,"level":"WARN","message":"Linha 5457: Pontuação é 0 ou null","category":"PONTUACAO","context":{"rowNumber":5457,"points":0,"cnpj":"74557760000130","saleId":"3411963A","executiveName":"Claudia Dias"}}
{"timestamp":"2026-03-16T19:43:32.170Z","importId":3,"level":"WARN","message":"Linha 5458: Pontuação é 0 ou null","category":"PONTUACAO","context":{"rowNumber":5458,"points":0,"cnpj":"14815264000108","saleId":"3411959A","executiveName":"Armando Soares"}}
{"timestamp":"2026-03-16T19:43:32.171Z","importId":3,"level":"WARN","message":"Linha 5459: Pontuação é 0 ou null","category":"PONTUACAO","context":{"rowNumber":5459,"points":0,"cnpj":"39861693000142","saleId":"3411991A","executiveName":"Karla Reis"}}
{"timestamp":"2026-03-16T19:43:32.173Z","importId":3,"level":"WARN","message":"Linha 5460: Pontuação é 0 ou null","category":"PONTUACAO","context":{"rowNumber":5460,"points":0,"cnpj":"58215971000139","saleId":"3411958A","executiveName":"Rafaela Soares"}}
{"timestamp":"2026-03-16T19:43:32.183Z","importId":3,"level":"WARN","message":"Linha 5466: Pontuação é 0 ou null","category":"PONTUACAO","context":{"rowNumber":5466,"points":0,"cnpj":"20536275000151","saleId":"3410580A","executiveName":"Elza Lara"}}
{"timestamp":"2026-03-16T19:43:32.186Z","importId":3,"level":"WARN","message":"Linha 5467: Pontuação é 0 ou null","category":"PONTUACAO","context":{"rowNumber":5467,"points":0,"cnpj":"66988718000146","saleId":"3410571A","executiveName":"Cristiano Dafre"}}
{"timestamp":"2026-03-16T19:43:32.187Z","importId":3,"level":"WARN","message":"Linha 5468: Pontuação é 0 ou null","category":"PONTUACAO","context":{"rowNumber":5468,"points":0,"cnpj":"21432799000165","saleId":"3410570A","executiveName":"Andreza Lubatsch"}}
{"timestamp":"2026-03-16T19:43:32.189Z","importId":3,"level":"WARN","message":"Linha 5469: Pontuação é 0 ou null","category":"PONTUACAO","context":{"rowNumber":5469,"points":0,"cnpj":"21432799000165","saleId":"3410569A","executiveName":"Andreza Lubatsch"}}
{"timestamp":"2026-03-16T19:43:32.192Z","importId":3,"level":"WARN","message":"Linha 5470: Pontuação é 0 ou null","category":"PONTUACAO","context":{"rowNumber":5470,"points":0,"cnpj":"21432799000165","saleId":"3410568A","executiveName":"Andreza Lubatsch"}}
{"timestamp":"2026-03-16T19:43:32.193Z","importId":3,"level":"WARN","message":"Linha 5471: Pontuação é 0 ou null","category":"PONTUACAO","context":{"rowNumber":5471,"points":0,"cnpj":"40304172000173","saleId":"3410564A","executiveName":"Elza Lara"}}
{"timestamp":"2026-03-16T19:43:32.196Z","importId":3,"level":"WARN","message":"Linha 5472: Pontuação é 0 ou null","category":"PONTUACAO","context":{"rowNumber":5472,"points":0,"cnpj":"65423261000160","saleId":"3411937A","executiveName":"Ricardo Morais"}}
{"timestamp":"2026-03-16T19:43:32.198Z","importId":3,"level":"WARN","message":"Linha 5473: Pontuação é 0 ou null","category":"PONTUACAO","context":{"rowNumber":5473,"points":0,"cnpj":"32351158000100","saleId":"3412153A","executiveName":"Roberto Garbin"}}
{"timestamp":"2026-03-16T19:43:32.200Z","importId":3,"level":"WARN","message":"Linha 5474: Pontuação é 0 ou null","category":"PONTUACAO","context":{"rowNumber":5474,"points":0,"cnpj":"11820109000191","saleId":"3412220A","executiveName":"Soraya Romano"}}
{"timestamp":"2026-03-16T19:43:32.203Z","importId":3,"level":"WARN","message":"Linha 5475: Pontuação é 0 ou null","category":"PONTUACAO","context":{"rowNumber":5475,"points":0,"cnpj":"57066593000106","saleId":"3412227A","executiveName":"Gabriela Carvalho"}}
{"timestamp":"2026-03-16T19:43:32.815Z","importId":3,"level":"WARN","message":"Linha 5955: Pontuação é 0 ou null","category":"PONTUACAO","context":{"rowNumber":5955,"points":0,"cnpj":"04515852000172","saleId":"3406980A","executiveName":"Gabriela Carvalho"}}
{"timestamp":"2026-03-16T19:43:32.842Z","importId":3,"level":"WARN","message":"Linha 5975: Pontuação é 0 ou null","category":"PONTUACAO","context":{"rowNumber":5975,"points":0,"cnpj":"49375721000175","saleId":"3406323A","executiveName":"Walter Junior"}}
{"timestamp":"2026-03-16T19:43:32.843Z","importId":3,"level":"WARN","message":"Linha 5976: Pontuação é 0 ou null","category":"PONTUACAO","context":{"rowNumber":5976,"points":0,"cnpj":"49375721000175","saleId":"3406322A","executiveName":"Walter Junior"}}
{"timestamp":"2026-03-16T19:43:32.846Z","importId":3,"level":"WARN","message":"Linha 5977: Pontuação é 0 ou null","category":"PONTUACAO","context":{"rowNumber":5977,"points":0,"cnpj":"49375721000175","saleId":"3406321A","executiveName":"Walter Junior"}}
{"timestamp":"2026-03-16T19:43:32.850Z","importId":3,"level":"WARN","message":"Linha 5980: Pontuação é 0 ou null","category":"PONTUACAO","context":{"rowNumber":5980,"points":0,"cnpj":"05946137000157","saleId":"3406314A","executiveName":"Elza Lara"}}
{"timestamp":"2026-03-16T19:43:32.926Z","importId":3,"level":"WARN","message":"Linha 6037: Pontuação é 0 ou null","category":"PONTUACAO","context":{"rowNumber":6037,"points":0,"cnpj":"17443240000163","saleId":"3408882A","executiveName":"Gabriela Carvalho"}}
{"timestamp":"2026-03-16T19:43:33.066Z","importId":3,"level":"WARN","message":"Linha 6140: Pontuação é 0 ou null","category":"PONTUACAO","context":{"rowNumber":6140,"points":0,"cnpj":"52652039000197","saleId":"3406482A","executiveName":"Ricardo Morais"}}
{"timestamp":"2026-03-16T19:43:33.073Z","importId":3,"level":"WARN","message":"Linha 6144: Pontuação é 0 ou null","category":"PONTUACAO","context":{"rowNumber":6144,"points":0,"cnpj":"12100779000104","saleId":"3406477A","executiveName":"Carlos Brito"}}
{"timestamp":"2026-03-16T19:43:33.077Z","importId":3,"level":"WARN","message":"Linha 6145: Pontuação é 0 ou null","category":"PONTUACAO","context":{"rowNumber":6145,"points":0,"cnpj":"12100779000104","saleId":"3406476A","executiveName":"Carlos Brito"}}
{"timestamp":"2026-03-16T19:43:33.088Z","importId":3,"level":"WARN","message":"Linha 6154: Pontuação é 0 ou null","category":"PONTUACAO","context":{"rowNumber":6154,"points":0,"cnpj":"12100779000104","saleId":"3406480A","executiveName":"Carlos Brito"}}
{"timestamp":"2026-03-16T19:43:33.117Z","importId":3,"level":"WARN","message":"Linha 6176: Pontuação é 0 ou null","category":"PONTUACAO","context":{"rowNumber":6176,"points":0,"cnpj":"01004367000146","saleId":"3406558A","executiveName":"Marlon Wander"}}
{"timestamp":"2026-03-16T19:43:33.214Z","importId":3,"level":"WARN","message":"Linha 6252: Pontuação é 0 ou null","category":"PONTUACAO","context":{"rowNumber":6252,"points":0,"cnpj":"57608093000159","saleId":"3407497A","executiveName":"Cristiano Dafre"}}
{"timestamp":"2026-03-16T19:43:33.217Z","importId":3,"level":"WARN","message":"Linha 6253: Pontuação é 0 ou null","category":"PONTUACAO","context":{"rowNumber":6253,"points":0,"cnpj":"57608093000159","saleId":"3407496A","executiveName":"Cristiano Dafre"}}
{"timestamp":"2026-03-16T19:43:33.219Z","importId":3,"level":"WARN","message":"Linha 6254: Pontuação é 0 ou null","category":"PONTUACAO","context":{"rowNumber":6254,"points":0,"cnpj":"65423261000160","saleId":"3407510A","executiveName":"Ricardo Morais"}}
{"timestamp":"2026-03-16T19:43:33.223Z","importId":3,"level":"WARN","message":"Linha 6255: Pontuação é 0 ou null","category":"PONTUACAO","context":{"rowNumber":6255,"points":0,"cnpj":"57608093000159","saleId":"3407495A","executiveName":"Cristiano Dafre"}}
{"timestamp":"2026-03-16T19:43:33.225Z","importId":3,"level":"WARN","message":"Linha 6257: Pontuação é 0 ou null","category":"PONTUACAO","context":{"rowNumber":6257,"points":0,"cnpj":"07709889000120","saleId":"3407492A","executiveName":"Carlos Brito"}}
{"timestamp":"2026-03-16T19:43:33.227Z","importId":3,"level":"WARN","message":"Linha 6258: Pontuação é 0 ou null","category":"PONTUACAO","context":{"rowNumber":6258,"points":0,"cnpj":"07709889000120","saleId":"3407491A","executiveName":"Carlos Brito"}}
{"timestamp":"2026-03-16T19:43:33.246Z","importId":3,"level":"WARN","message":"Linha 6267: Pontuação é 0 ou null","category":"PONTUACAO","context":{"rowNumber":6267,"points":0,"cnpj":"57608093000159","saleId":"3407494A","executiveName":"Cristiano Dafre"}}
{"timestamp":"2026-03-16T19:43:33.248Z","importId":3,"level":"WARN","message":"Linha 6268: Pontuação é 0 ou null","category":"PONTUACAO","context":{"rowNumber":6268,"points":0,"cnpj":"21432799000165","saleId":"3407520A","executiveName":"Andreza Lubatsch"}}
{"timestamp":"2026-03-16T19:43:33.287Z","importId":3,"level":"WARN","message":"Linha 6301: Pontuação é 0 ou null","category":"PONTUACAO","context":{"rowNumber":6301,"points":0,"cnpj":"02116253000150","saleId":"3407810A","executiveName":"Elza Lara"}}
{"timestamp":"2026-03-16T19:43:33.290Z","importId":3,"level":"WARN","message":"Linha 6302: Pontuação é 0 ou null","category":"PONTUACAO","context":{"rowNumber":6302,"points":0,"cnpj":"02116253000150","saleId":"3407809A","executiveName":"Elza Lara"}}
{"timestamp":"2026-03-16T19:43:33.293Z","importId":3,"level":"WARN","message":"Linha 6303: Pontuação é 0 ou null","category":"PONTUACAO","context":{"rowNumber":6303,"points":0,"cnpj":"06256161000127","saleId":"3407808A","executiveName":"Pasquale Neto"}}
{"timestamp":"2026-03-16T19:43:33.295Z","importId":3,"level":"WARN","message":"Linha 6304: Pontuação é 0 ou null","category":"PONTUACAO","context":{"rowNumber":6304,"points":0,"cnpj":"06256161000127","saleId":"3407807A","executiveName":"Pasquale Neto"}}
{"timestamp":"2026-03-16T19:43:33.298Z","importId":3,"level":"WARN","message":"Linha 6305: Pontuação é 0 ou null","category":"PONTUACAO","context":{"rowNumber":6305,"points":0,"cnpj":"57608093000159","saleId":"3407806A","executiveName":"Cristiano Dafre"}}
{"timestamp":"2026-03-16T19:43:33.300Z","importId":3,"level":"WARN","message":"Linha 6306: Pontuação é 0 ou null","category":"PONTUACAO","context":{"rowNumber":6306,"points":0,"cnpj":"57608093000159","saleId":"3407805A","executiveName":"Cristiano Dafre"}}
{"timestamp":"2026-03-16T19:43:33.302Z","importId":3,"level":"WARN","message":"Linha 6307: Pontuação é 0 ou null","category":"PONTUACAO","context":{"rowNumber":6307,"points":0,"cnpj":"57608093000159","saleId":"3407804A","executiveName":"Cristiano Dafre"}}
{"timestamp":"2026-03-16T19:43:33.327Z","importId":3,"level":"WARN","message":"Linha 6325: Pontuação é 0 ou null","category":"PONTUACAO","context":{"rowNumber":6325,"points":0,"cnpj":"61086401000109","saleId":"3407813A","executiveName":"Pasquale Neto"}}
{"timestamp":"2026-03-16T19:43:33.337Z","importId":3,"level":"WARN","message":"Linha 6334: Pontuação é 0 ou null","category":"PONTUACAO","context":{"rowNumber":6334,"points":0,"cnpj":"46257674000177","saleId":"3407839A","executiveName":"Marlon Wander"}}
{"timestamp":"2026-03-16T19:43:33.340Z","importId":3,"level":"WARN","message":"Linha 6335: Pontuação é 0 ou null","category":"PONTUACAO","context":{"rowNumber":6335,"points":0,"cnpj":"01931473000175","saleId":"3407838A","executiveName":"Pasquale Neto"}}
{"timestamp":"2026-03-16T19:43:33.343Z","importId":3,"level":"WARN","message":"Linha 6336: Pontuação é 0 ou null","category":"PONTUACAO","context":{"rowNumber":6336,"points":0,"cnpj":"01931473000175","saleId":"3407837A","executiveName":"Pasquale Neto"}}
{"timestamp":"2026-03-16T19:43:33.346Z","importId":3,"level":"WARN","message":"Linha 6337: Pontuação é 0 ou null","category":"PONTUACAO","context":{"rowNumber":6337,"points":0,"cnpj":"01931473000175","saleId":"3407836A","executiveName":"Pasquale Neto"}}
{"timestamp":"2026-03-16T19:43:33.350Z","importId":3,"level":"WARN","message":"Linha 6341: Pontuação é 0 ou null","category":"PONTUACAO","context":{"rowNumber":6341,"points":0,"cnpj":"22624188000181","saleId":"3407831A","executiveName":"Ricardo Bueno"}}
{"timestamp":"2026-03-16T19:43:33.354Z","importId":3,"level":"WARN","message":"Linha 6343: Pontuação é 0 ou null","category":"PONTUACAO","context":{"rowNumber":6343,"points":0,"cnpj":"31696755000104","saleId":"3407829A","executiveName":"Pasquale Neto"}}
{"timestamp":"2026-03-16T19:43:33.438Z","importId":3,"level":"WARN","message":"Linha 6414: Pontuação é 0 ou null","category":"PONTUACAO","context":{"rowNumber":6414,"points":0,"cnpj":"43398083000121","saleId":"3407227A","executiveName":"Karla Reis"}}
{"timestamp":"2026-03-16T19:43:33.444Z","importId":3,"level":"WARN","message":"Linha 6415: Pontuação é 0 ou null","category":"PONTUACAO","context":{"rowNumber":6415,"points":0,"cnpj":"43398083000121","saleId":"3407226A","executiveName":"Karla Reis"}}
{"timestamp":"2026-03-16T19:43:33.447Z","importId":3,"level":"WARN","message":"Linha 6417: Pontuação é 0 ou null","category":"PONTUACAO","context":{"rowNumber":6417,"points":0,"cnpj":"09501234000197","saleId":"3407224A","executiveName":"Ricardo Bueno"}}
{"timestamp":"2026-03-16T19:43:33.452Z","importId":3,"level":"WARN","message":"Linha 6421: Pontuação é 0 ou null","category":"PONTUACAO","context":{"rowNumber":6421,"points":0,"cnpj":"24117034000129","saleId":"3407218A","executiveName":"Miguel Jenotti"}}
{"timestamp":"2026-03-16T19:43:33.454Z","importId":3,"level":"WARN","message":"Linha 6422: Pontuação é 0 ou null","category":"PONTUACAO","context":{"rowNumber":6422,"points":0,"cnpj":"24117034000129","saleId":"3407217A","executiveName":"Miguel Jenotti"}}
{"timestamp":"2026-03-16T19:43:33.462Z","importId":3,"level":"WARN","message":"Linha 6428: Pontuação é 0 ou null","category":"PONTUACAO","context":{"rowNumber":6428,"points":0,"cnpj":"07868518000190","saleId":"3407211A","executiveName":"Luana Fagundes"}}
{"timestamp":"2026-03-16T19:43:33.464Z","importId":3,"level":"WARN","message":"Linha 6429: Pontuação é 0 ou null","category":"PONTUACAO","context":{"rowNumber":6429,"points":0,"cnpj":"04033961000153","saleId":"3407210A","executiveName":"Elza Lara"}}
{"timestamp":"2026-03-16T19:43:33.470Z","importId":3,"level":"WARN","message":"Linha 6434: Pontuação é 0 ou null","category":"PONTUACAO","context":{"rowNumber":6434,"points":0,"cnpj":"11738302000188","saleId":"3407205A","executiveName":"Elza Lara"}}
{"timestamp":"2026-03-16T19:43:33.477Z","importId":3,"level":"WARN","message":"Linha 6440: Pontuação é 0 ou null","category":"PONTUACAO","context":{"rowNumber":6440,"points":0,"cnpj":"27375346000120","saleId":"3407229A","executiveName":"Claudia Dias"}}
{"timestamp":"2026-03-16T19:43:33.496Z","importId":3,"level":"WARN","message":"Linha 6453: Pontuação é 0 ou null","category":"PONTUACAO","context":{"rowNumber":6453,"points":0,"cnpj":"27375346000120","saleId":"3407230A","executiveName":"Claudia Dias"}}
{"timestamp":"2026-03-16T19:43:33.509Z","importId":3,"level":"WARN","message":"Linha 6461: Pontuação é 0 ou null","category":"PONTUACAO","context":{"rowNumber":6461,"points":0,"cnpj":"46701939000184","saleId":"3407239A","executiveName":"Miguel Jenotti"}}
{"timestamp":"2026-03-16T19:43:33.528Z","importId":3,"level":"WARN","message":"Linha 6475: Pontuação é 0 ou null","category":"PONTUACAO","context":{"rowNumber":6475,"points":0,"cnpj":"48787023890","saleId":"3407136A","executiveName":"Sem Promotor"}}
{"timestamp":"2026-03-16T19:43:33.816Z","importId":3,"level":"WARN","message":"Linha 6689: Pontuação é 0 ou null","category":"PONTUACAO","context":{"rowNumber":6689,"points":0,"cnpj":"03022734000160","saleId":"206583M1702558","executiveName":"JUNIA CLEMENTE"}}
{"timestamp":"2026-03-16T19:43:33.903Z","importId":3,"level":"WARN","message":"Linha 6755: Pontuação é 0 ou null","category":"PONTUACAO","context":{"rowNumber":6755,"points":0,"cnpj":"72050016000110","saleId":"210068M1702400","executiveName":"JUNIA CLEMENTE"}}
{"timestamp":"2026-03-16T19:43:33.972Z","importId":3,"level":"WARN","message":"Linha 6809: Pontuação é 0 ou null","category":"PONTUACAO","context":{"rowNumber":6809,"points":0,"cnpj":"13691907000196","saleId":"207864M1702550","executiveName":"JUNIA CLEMENTE"}}
{"timestamp":"2026-03-16T19:43:33.988Z","importId":3,"level":"WARN","message":"Linha 6821: Pontuação é 0 ou null","category":"PONTUACAO","context":{"rowNumber":6821,"points":0,"cnpj":"41416177000150","saleId":"208392M1702573","executiveName":"Sem Promotor"}}
{"timestamp":"2026-03-16T19:43:34.435Z","importId":3,"level":"WARN","message":"Linha 7175: Pontuação é 0 ou null","category":"PONTUACAO","context":{"rowNumber":7175,"points":0,"cnpj":"40304172000173","saleId":"3410700A","executiveName":"Elza Lara"}}
{"timestamp":"2026-03-16T19:43:34.441Z","importId":3,"level":"WARN","message":"Linha 7179: Pontuação é 0 ou null","category":"PONTUACAO","context":{"rowNumber":7179,"points":0,"cnpj":"40304172000173","saleId":"3410698A","executiveName":"Elza Lara"}}
{"timestamp":"2026-03-16T19:43:34.503Z","importId":3,"level":"WARN","message":"Linha 7225: Pontuação é 0 ou null","category":"PONTUACAO","context":{"rowNumber":7225,"points":0,"cnpj":"29416586000151","saleId":"3410734A","executiveName":"Pasquale Neto"}}
{"timestamp":"2026-03-16T19:43:34.507Z","importId":3,"level":"WARN","message":"Linha 7227: Pontuação é 0 ou null","category":"PONTUACAO","context":{"rowNumber":7227,"points":0,"cnpj":"29416586000151","saleId":"3410733A","executiveName":"Pasquale Neto"}}
{"timestamp":"2026-03-16T19:43:34.888Z","importId":3,"level":"WARN","message":"Linha 7534: Pontuação é 0 ou null","category":"PONTUACAO","context":{"rowNumber":7534,"points":0,"cnpj":"24839282000183","saleId":"3411648A","executiveName":"Karla Reis"}}
{"timestamp":"2026-03-16T19:43:34.894Z","importId":3,"level":"WARN","message":"Linha 7536: Pontuação é 0 ou null","category":"PONTUACAO","context":{"rowNumber":7536,"points":0,"cnpj":"01897387741","saleId":"3415482A","executiveName":"Elza Lara"}}
{"timestamp":"2026-03-16T19:43:34.896Z","importId":3,"level":"WARN","message":"Linha 7537: Pontuação é 0 ou null","category":"PONTUACAO","context":{"rowNumber":7537,"points":0,"cnpj":"43398083000121","saleId":"3415481A","executiveName":"Karla Reis"}}
{"timestamp":"2026-03-16T19:43:34.898Z","importId":3,"level":"WARN","message":"Linha 7538: Pontuação é 0 ou null","category":"PONTUACAO","context":{"rowNumber":7538,"points":0,"cnpj":"43398083000121","saleId":"3415480A","executiveName":"Karla Reis"}}
{"timestamp":"2026-03-16T19:43:34.900Z","importId":3,"level":"WARN","message":"Linha 7539: Pontuação é 0 ou null","category":"PONTUACAO","context":{"rowNumber":7539,"points":0,"cnpj":"13512049000175","saleId":"3415467A","executiveName":"Rafaela Soares"}}
{"timestamp":"2026-03-16T19:43:34.903Z","importId":3,"level":"WARN","message":"Linha 7540: Pontuação é 0 ou null","category":"PONTUACAO","context":{"rowNumber":7540,"points":0,"cnpj":"13512049000175","saleId":"3415466A","executiveName":"Rafaela Soares"}}
{"timestamp":"2026-03-16T19:43:34.905Z","importId":3,"level":"WARN","message":"Linha 7541: Pontuação é 0 ou null","category":"PONTUACAO","context":{"rowNumber":7541,"points":0,"cnpj":"29871389000122","saleId":"3415449A","executiveName":"Kelly Furno"}}
{"timestamp":"2026-03-16T19:43:34.907Z","importId":3,"level":"WARN","message":"Linha 7542: Pontuação é 0 ou null","category":"PONTUACAO","context":{"rowNumber":7542,"points":0,"cnpj":"29871389000122","saleId":"3415448A","executiveName":"Kelly Furno"}}
{"timestamp":"2026-03-16T19:43:34.911Z","importId":3,"level":"WARN","message":"Linha 7543: Pontuação é 0 ou null","category":"PONTUACAO","context":{"rowNumber":7543,"points":0,"cnpj":"24281510000142","saleId":"3415446A","executiveName":"Elza Lara"}}
{"timestamp":"2026-03-16T19:43:34.912Z","importId":3,"level":"WARN","message":"Linha 7544: Pontuação é 0 ou null","category":"PONTUACAO","context":{"rowNumber":7544,"points":0,"cnpj":"24281510000142","saleId":"3415445A","executiveName":"Elza Lara"}}
{"timestamp":"2026-03-16T19:43:34.916Z","importId":3,"level":"WARN","message":"Linha 7545: Pontuação é 0 ou null","category":"PONTUACAO","context":{"rowNumber":7545,"points":0,"cnpj":"24281510000142","saleId":"3415444A","executiveName":"Elza Lara"}}
{"timestamp":"2026-03-16T19:43:34.918Z","importId":3,"level":"WARN","message":"Linha 7546: Pontuação é 0 ou null","category":"PONTUACAO","context":{"rowNumber":7546,"points":0,"cnpj":"29482693000188","saleId":"3415483A","executiveName":"Maira Vallim"}}
{"timestamp":"2026-03-16T19:43:34.920Z","importId":3,"level":"WARN","message":"Linha 7547: Pontuação é 0 ou null","category":"PONTUACAO","context":{"rowNumber":7547,"points":0,"cnpj":"02176990000149","saleId":"3415391A","executiveName":"Gabriela Carvalho"}}
{"timestamp":"2026-03-16T19:43:34.921Z","importId":3,"level":"WARN","message":"Linha 7548: Pontuação é 0 ou null","category":"PONTUACAO","context":{"rowNumber":7548,"points":0,"cnpj":"00141852000107","saleId":"3415384A","executiveName":"Pasquale Neto"}}
{"timestamp":"2026-03-16T19:43:34.923Z","importId":3,"level":"WARN","message":"Linha 7549: Pontuação é 0 ou null","category":"PONTUACAO","context":{"rowNumber":7549,"points":0,"cnpj":"00141852000107","saleId":"3415383A","executiveName":"Pasquale Neto"}}
{"timestamp":"2026-03-16T19:43:34.926Z","importId":3,"level":"WARN","message":"Linha 7550: Pontuação é 0 ou null","category":"PONTUACAO","context":{"rowNumber":7550,"points":0,"cnpj":"07709889000120","saleId":"3415382A","executiveName":"Carlos Brito"}}
{"timestamp":"2026-03-16T19:43:34.937Z","importId":3,"level":"WARN","message":"Linha 7556: Pontuação é 0 ou null","category":"PONTUACAO","context":{"rowNumber":7556,"points":0,"cnpj":"17549005000170","saleId":"3412519A","executiveName":"Marlon Wander"}}
{"timestamp":"2026-03-16T19:43:34.938Z","importId":3,"level":"WARN","message":"Linha 7557: Pontuação é 0 ou null","category":"PONTUACAO","context":{"rowNumber":7557,"points":0,"cnpj":"17549005000170","saleId":"3412516A","executiveName":"Marlon Wander"}}
{"timestamp":"2026-03-16T19:43:34.940Z","importId":3,"level":"WARN","message":"Linha 7558: Pontuação é 0 ou null","category":"PONTUACAO","context":{"rowNumber":7558,"points":0,"cnpj":"12100779000104","saleId":"3415387A","executiveName":"Carlos Brito"}}
{"timestamp":"2026-03-16T19:43:34.943Z","importId":3,"level":"WARN","message":"Linha 7559: Pontuação é 0 ou null","category":"PONTUACAO","context":{"rowNumber":7559,"points":0,"cnpj":"21860827000145","saleId":"3415484A","executiveName":"Ricardo Morais"}}
{"timestamp":"2026-03-16T19:43:34.945Z","importId":3,"level":"WARN","message":"Linha 7560: Pontuação é 0 ou null","category":"PONTUACAO","context":{"rowNumber":7560,"points":0,"cnpj":"21860827000145","saleId":"3415485A","executiveName":"Ricardo Morais"}}
{"timestamp":"2026-03-16T19:43:34.948Z","importId":3,"level":"WARN","message":"Linha 7561: Pontuação é 0 ou null","category":"PONTUACAO","context":{"rowNumber":7561,"points":0,"cnpj":"21860827000145","saleId":"3415486A","executiveName":"Ricardo Morais"}}
{"timestamp":"2026-03-16T19:43:34.970Z","importId":3,"level":"WARN","message":"Linha 7575: Pontuação é 0 ou null","category":"PONTUACAO","context":{"rowNumber":7575,"points":0,"cnpj":"40146859000128","saleId":"3415523A","executiveName":"Clarissa Cavalheiro"}}
{"timestamp":"2026-03-16T19:43:34.973Z","importId":3,"level":"WARN","message":"Linha 7576: Pontuação é 0 ou null","category":"PONTUACAO","context":{"rowNumber":7576,"points":0,"cnpj":"40146859000128","saleId":"3415522A","executiveName":"Clarissa Cavalheiro"}}
{"timestamp":"2026-03-16T19:43:34.975Z","importId":3,"level":"WARN","message":"Linha 7577: Pontuação é 0 ou null","category":"PONTUACAO","context":{"rowNumber":7577,"points":0,"cnpj":"40146859000128","saleId":"3415521A","executiveName":"Clarissa Cavalheiro"}}
{"timestamp":"2026-03-16T19:43:34.976Z","importId":3,"level":"WARN","message":"Linha 7578: Pontuação é 0 ou null","category":"PONTUACAO","context":{"rowNumber":7578,"points":0,"cnpj":"40146859000128","saleId":"3415520A","executiveName":"Clarissa Cavalheiro"}}
{"timestamp":"2026-03-16T19:43:34.979Z","importId":3,"level":"WARN","message":"Linha 7579: Pontuação é 0 ou null","category":"PONTUACAO","context":{"rowNumber":7579,"points":0,"cnpj":"40146859000128","saleId":"3415519A","executiveName":"Clarissa Cavalheiro"}}
{"timestamp":"2026-03-16T19:43:34.982Z","importId":3,"level":"WARN","message":"Linha 7580: Pontuação é 0 ou null","category":"PONTUACAO","context":{"rowNumber":7580,"points":0,"cnpj":"40146859000128","saleId":"3415518A","executiveName":"Clarissa Cavalheiro"}}
{"timestamp":"2026-03-16T19:43:34.984Z","importId":3,"level":"WARN","message":"Linha 7581: Pontuação é 0 ou null","category":"PONTUACAO","context":{"rowNumber":7581,"points":0,"cnpj":"55519087000108","saleId":"3415516A","executiveName":"Kelly Furno"}}
{"timestamp":"2026-03-16T19:43:34.986Z","importId":3,"level":"WARN","message":"Linha 7582: Pontuação é 0 ou null","category":"PONTUACAO","context":{"rowNumber":7582,"points":0,"cnpj":"21860827000145","saleId":"3415489A","executiveName":"Ricardo Morais"}}
{"timestamp":"2026-03-16T19:43:34.988Z","importId":3,"level":"WARN","message":"Linha 7583: Pontuação é 0 ou null","category":"PONTUACAO","context":{"rowNumber":7583,"points":0,"cnpj":"21860827000145","saleId":"3415488A","executiveName":"Ricardo Morais"}}
{"timestamp":"2026-03-16T19:43:34.989Z","importId":3,"level":"WARN","message":"Linha 7584: Pontuação é 0 ou null","category":"PONTUACAO","context":{"rowNumber":7584,"points":0,"cnpj":"21860827000145","saleId":"3415487A","executiveName":"Ricardo Morais"}}
{"timestamp":"2026-03-16T19:43:34.994Z","importId":3,"level":"WARN","message":"Linha 7585: Pontuação é 0 ou null","category":"PONTUACAO","context":{"rowNumber":7585,"points":0,"cnpj":"32351158000100","saleId":"3412246A","executiveName":"Roberto Garbin"}}
{"timestamp":"2026-03-16T19:43:34.998Z","importId":3,"level":"WARN","message":"Linha 7588: Pontuação é 0 ou null","category":"PONTUACAO","context":{"rowNumber":7588,"points":0,"cnpj":"11820109000191","saleId":"3412224A","executiveName":"Soraya Romano"}}
{"timestamp":"2026-03-16T19:43:35.000Z","importId":3,"level":"WARN","message":"Linha 7589: Pontuação é 0 ou null","category":"PONTUACAO","context":{"rowNumber":7589,"points":0,"cnpj":"18483090000184","saleId":"3411935A","executiveName":"Ricardo Morais"}}
{"timestamp":"2026-03-16T19:43:35.002Z","importId":3,"level":"WARN","message":"Linha 7590: Pontuação é 0 ou null","category":"PONTUACAO","context":{"rowNumber":7590,"points":0,"cnpj":"18483090000184","saleId":"3411933A","executiveName":"Ricardo Morais"}}
{"timestamp":"2026-03-16T19:43:35.003Z","importId":3,"level":"WARN","message":"Linha 7591: Pontuação é 0 ou null","category":"PONTUACAO","context":{"rowNumber":7591,"points":0,"cnpj":"06698980000124","saleId":"3411932A","executiveName":"Cristiano Dafre"}}
{"timestamp":"2026-03-16T19:43:35.006Z","importId":3,"level":"WARN","message":"Linha 7592: Pontuação é 0 ou null","category":"PONTUACAO","context":{"rowNumber":7592,"points":0,"cnpj":"06698980000124","saleId":"3411931A","executiveName":"Cristiano Dafre"}}
{"timestamp":"2026-03-16T19:43:35.009Z","importId":3,"level":"WARN","message":"Linha 7593: Pontuação é 0 ou null","category":"PONTUACAO","context":{"rowNumber":7593,"points":0,"cnpj":"57954299000130","saleId":"3411930A","executiveName":"Ricardo Bueno"}}
{"timestamp":"2026-03-16T19:43:35.011Z","importId":3,"level":"WARN","message":"Linha 7594: Pontuação é 0 ou null","category":"PONTUACAO","context":{"rowNumber":7594,"points":0,"cnpj":"57954299000130","saleId":"3411929A","executiveName":"Ricardo Bueno"}}
{"timestamp":"2026-03-16T19:43:35.017Z","importId":3,"level":"WARN","message":"Linha 7597: Pontuação é 0 ou null","category":"PONTUACAO","context":{"rowNumber":7597,"points":0,"cnpj":"36417780000117","saleId":"3411839A","executiveName":"Kelly Furno"}}
{"timestamp":"2026-03-16T19:43:35.021Z","importId":3,"level":"WARN","message":"Linha 7600: Pontuação é 0 ou null","category":"PONTUACAO","context":{"rowNumber":7600,"points":0,"cnpj":"52190694000170","saleId":"3411698A","executiveName":"Maira Vallim"}}
{"timestamp":"2026-03-16T19:43:35.023Z","importId":3,"level":"WARN","message":"Linha 7601: Pontuação é 0 ou null","category":"PONTUACAO","context":{"rowNumber":7601,"points":0,"cnpj":"05665361000170","saleId":"3411667A","executiveName":"Gabriela Carvalho"}}
{"timestamp":"2026-03-16T19:43:35.026Z","importId":3,"level":"WARN","message":"Linha 7602: Pontuação é 0 ou null","category":"PONTUACAO","context":{"rowNumber":7602,"points":0,"cnpj":"32723190000161","saleId":"3411666A","executiveName":"Leonardo Ligabo"}}
{"timestamp":"2026-03-16T19:43:35.028Z","importId":3,"level":"WARN","message":"Linha 7604: Pontuação é 0 ou null","category":"PONTUACAO","context":{"rowNumber":7604,"points":0,"cnpj":"24839282000183","saleId":"3411650A","executiveName":"Karla Reis"}}
{"timestamp":"2026-03-16T19:43:35.032Z","importId":3,"level":"WARN","message":"Linha 7605: Pontuação é 0 ou null","category":"PONTUACAO","context":{"rowNumber":7605,"points":0,"cnpj":"24839282000183","saleId":"3411649A","executiveName":"Karla Reis"}}
{"timestamp":"2026-03-16T19:43:35.034Z","importId":3,"level":"WARN","message":"Linha 7606: Pontuação é 0 ou null","category":"PONTUACAO","context":{"rowNumber":7606,"points":0,"cnpj":"24839282000183","saleId":"3411647A","executiveName":"Karla Reis"}}
{"timestamp":"2026-03-16T19:43:35.035Z","importId":3,"level":"WARN","message":"Linha 7607: Pontuação é 0 ou null","category":"PONTUACAO","context":{"rowNumber":7607,"points":0,"cnpj":"24839282000183","saleId":"3411642A","executiveName":"Karla Reis"}}
{"timestamp":"2026-03-16T19:43:35.039Z","importId":3,"level":"WARN","message":"Linha 7608: Pontuação é 0 ou null","category":"PONTUACAO","context":{"rowNumber":7608,"points":0,"cnpj":"24839282000183","saleId":"3411641A","executiveName":"Karla Reis"}}
{"timestamp":"2026-03-16T19:43:35.040Z","importId":3,"level":"WARN","message":"Linha 7609: Pontuação é 0 ou null","category":"PONTUACAO","context":{"rowNumber":7609,"points":0,"cnpj":"24839282000183","saleId":"3411640A","executiveName":"Karla Reis"}}
{"timestamp":"2026-03-16T19:43:35.042Z","importId":3,"level":"WARN","message":"Linha 7610: Pontuação é 0 ou null","category":"PONTUACAO","context":{"rowNumber":7610,"points":0,"cnpj":"24839282000183","saleId":"3411639A","executiveName":"Karla Reis"}}
{"timestamp":"2026-03-16T19:43:35.043Z","importId":3,"level":"WARN","message":"Linha 7611: Pontuação é 0 ou null","category":"PONTUACAO","context":{"rowNumber":7611,"points":0,"cnpj":"12416622000184","saleId":"3411636A","executiveName":"Elza Lara"}}
{"timestamp":"2026-03-16T19:43:35.045Z","importId":3,"level":"WARN","message":"Linha 7612: Pontuação é 0 ou null","category":"PONTUACAO","context":{"rowNumber":7612,"points":0,"cnpj":"18483090000184","saleId":"3411936A","executiveName":"Ricardo Morais"}}
{"timestamp":"2026-03-16T19:43:35.048Z","importId":3,"level":"WARN","message":"Linha 7614: Pontuação é 0 ou null","category":"PONTUACAO","context":{"rowNumber":7614,"points":0,"cnpj":"00645801000104","saleId":"3411945A","executiveName":"Ricardo Morais"}}
{"timestamp":"2026-03-16T19:43:35.052Z","importId":3,"level":"WARN","message":"Linha 7615: Pontuação é 0 ou null","category":"PONTUACAO","context":{"rowNumber":7615,"points":0,"cnpj":"00645801000104","saleId":"3411947A","executiveName":"Ricardo Morais"}}
{"timestamp":"2026-03-16T19:43:35.054Z","importId":3,"level":"WARN","message":"Linha 7616: Pontuação é 0 ou null","category":"PONTUACAO","context":{"rowNumber":7616,"points":0,"cnpj":"11820109000191","saleId":"3412223A","executiveName":"Soraya Romano"}}
{"timestamp":"2026-03-16T19:43:35.057Z","importId":3,"level":"WARN","message":"Linha 7617: Pontuação é 0 ou null","category":"PONTUACAO","context":{"rowNumber":7617,"points":0,"cnpj":"11820109000191","saleId":"3412222A","executiveName":"Soraya Romano"}}
{"timestamp":"2026-03-16T19:43:35.059Z","importId":3,"level":"WARN","message":"Linha 7618: Pontuação é 0 ou null","category":"PONTUACAO","context":{"rowNumber":7618,"points":0,"cnpj":"11820109000191","saleId":"3412221A","executiveName":"Soraya Romano"}}
{"timestamp":"2026-03-16T19:43:35.066Z","importId":3,"level":"WARN","message":"Linha 7623: Pontuação é 0 ou null","category":"PONTUACAO","context":{"rowNumber":7623,"points":0,"cnpj":"00319829000232","saleId":"3412206A","executiveName":"William Silva"}}
{"timestamp":"2026-03-16T19:43:35.067Z","importId":3,"level":"WARN","message":"Linha 7624: Pontuação é 0 ou null","category":"PONTUACAO","context":{"rowNumber":7624,"points":0,"cnpj":"00319829000232","saleId":"3412205A","executiveName":"William Silva"}}
{"timestamp":"2026-03-16T19:43:35.072Z","importId":3,"level":"WARN","message":"Linha 7625: Pontuação é 0 ou null","category":"PONTUACAO","context":{"rowNumber":7625,"points":0,"cnpj":"95171119000133","saleId":"3412156A","executiveName":"Carlos Brito"}}
{"timestamp":"2026-03-16T19:43:35.074Z","importId":3,"level":"WARN","message":"Linha 7626: Pontuação é 0 ou null","category":"PONTUACAO","context":{"rowNumber":7626,"points":0,"cnpj":"08950874000111","saleId":"3412145A","executiveName":"Elza Lara"}}
{"timestamp":"2026-03-16T19:43:35.075Z","importId":3,"level":"WARN","message":"Linha 7627: Pontuação é 0 ou null","category":"PONTUACAO","context":{"rowNumber":7627,"points":0,"cnpj":"08950874000111","saleId":"3412144A","executiveName":"Elza Lara"}}
{"timestamp":"2026-03-16T19:43:35.078Z","importId":3,"level":"WARN","message":"Linha 7628: Pontuação é 0 ou null","category":"PONTUACAO","context":{"rowNumber":7628,"points":0,"cnpj":"01931473000175","saleId":"3411988A","executiveName":"Pasquale Neto"}}
{"timestamp":"2026-03-16T19:43:35.080Z","importId":3,"level":"WARN","message":"Linha 7629: Pontuação é 0 ou null","category":"PONTUACAO","context":{"rowNumber":7629,"points":0,"cnpj":"01931473000175","saleId":"3411987A","executiveName":"Pasquale Neto"}}
{"timestamp":"2026-03-16T19:43:35.082Z","importId":3,"level":"WARN","message":"Linha 7630: Pontuação é 0 ou null","category":"PONTUACAO","context":{"rowNumber":7630,"points":0,"cnpj":"01931473000175","saleId":"3411986A","executiveName":"Pasquale Neto"}}
{"timestamp":"2026-03-16T19:43:35.083Z","importId":3,"level":"WARN","message":"Linha 7631: Pontuação é 0 ou null","category":"PONTUACAO","context":{"rowNumber":7631,"points":0,"cnpj":"32667621000110","saleId":"3411981A","executiveName":"Marlon Wander"}}
{"timestamp":"2026-03-16T19:43:35.085Z","importId":3,"level":"WARN","message":"Linha 7632: Pontuação é 0 ou null","category":"PONTUACAO","context":{"rowNumber":7632,"points":0,"cnpj":"32667621000110","saleId":"3411980A","executiveName":"Marlon Wander"}}
{"timestamp":"2026-03-16T19:43:35.087Z","importId":3,"level":"WARN","message":"Linha 7633: Pontuação é 0 ou null","category":"PONTUACAO","context":{"rowNumber":7633,"points":0,"cnpj":"32667621000110","saleId":"3411979A","executiveName":"Marlon Wander"}}
{"timestamp":"2026-03-16T19:43:35.089Z","importId":3,"level":"WARN","message":"Linha 7634: Pontuação é 0 ou null","category":"PONTUACAO","context":{"rowNumber":7634,"points":0,"cnpj":"32667621000110","saleId":"3411978A","executiveName":"Marlon Wander"}}
{"timestamp":"2026-03-16T19:43:35.092Z","importId":3,"level":"WARN","message":"Linha 7635: Pontuação é 0 ou null","category":"PONTUACAO","context":{"rowNumber":7635,"points":0,"cnpj":"32667621000110","saleId":"3411977A","executiveName":"Marlon Wander"}}
{"timestamp":"2026-03-16T19:43:35.094Z","importId":3,"level":"WARN","message":"Linha 7636: Pontuação é 0 ou null","category":"PONTUACAO","context":{"rowNumber":7636,"points":0,"cnpj":"32667621000110","saleId":"3411976A","executiveName":"Marlon Wander"}}
{"timestamp":"2026-03-16T19:43:35.096Z","importId":3,"level":"WARN","message":"Linha 7637: Pontuação é 0 ou null","category":"PONTUACAO","context":{"rowNumber":7637,"points":0,"cnpj":"32667621000110","saleId":"3411975A","executiveName":"Marlon Wander"}}
{"timestamp":"2026-03-16T19:43:35.097Z","importId":3,"level":"WARN","message":"Linha 7638: Pontuação é 0 ou null","category":"PONTUACAO","context":{"rowNumber":7638,"points":0,"cnpj":"32667621000110","saleId":"3411974A","executiveName":"Marlon Wander"}}
{"timestamp":"2026-03-16T19:43:35.099Z","importId":3,"level":"WARN","message":"Linha 7639: Pontuação é 0 ou null","category":"PONTUACAO","context":{"rowNumber":7639,"points":0,"cnpj":"00645801000104","saleId":"3411946A","executiveName":"Ricardo Morais"}}
{"timestamp":"2026-03-16T19:43:35.101Z","importId":3,"level":"WARN","message":"Linha 7640: Pontuação é 0 ou null","category":"PONTUACAO","context":{"rowNumber":7640,"points":0,"cnpj":"47229908000135","saleId":"3415890A","executiveName":"Maira Vallim"}}
{"timestamp":"2026-03-16T19:43:35.103Z","importId":3,"level":"WARN","message":"Linha 7641: Pontuação é 0 ou null","category":"PONTUACAO","context":{"rowNumber":7641,"points":0,"cnpj":"47229908000135","saleId":"3415891A","executiveName":"Maira Vallim"}}
{"timestamp":"2026-03-16T19:43:35.105Z","importId":3,"level":"WARN","message":"Linha 7642: Pontuação é 0 ou null","category":"PONTUACAO","context":{"rowNumber":7642,"points":0,"cnpj":"47229908000135","saleId":"3415892A","executiveName":"Maira Vallim"}}
{"timestamp":"2026-03-16T19:43:35.117Z","importId":3,"level":"WARN","message":"Linha 7651: Pontuação é 0 ou null","category":"PONTUACAO","context":{"rowNumber":7651,"points":0,"cnpj":"24103690000172","saleId":"3419024A","executiveName":"Karla Reis"}}
{"timestamp":"2026-03-16T19:43:35.141Z","importId":3,"level":"WARN","message":"Linha 7669: Pontuação é 0 ou null","category":"PONTUACAO","context":{"rowNumber":7669,"points":0,"cnpj":"15505790000487","saleId":"3421241A","executiveName":"Carlos Brito"}}
{"timestamp":"2026-03-16T19:43:35.145Z","importId":3,"level":"WARN","message":"Linha 7672: Pontuação é 0 ou null","category":"PONTUACAO","context":{"rowNumber":7672,"points":0,"cnpj":"08436093000103","saleId":"3427675A","executiveName":"Pasquale Neto"}}
{"timestamp":"2026-03-16T19:43:35.146Z","importId":3,"level":"WARN","message":"Linha 7673: Pontuação é 0 ou null","category":"PONTUACAO","context":{"rowNumber":7673,"points":0,"cnpj":"11812253000186","saleId":"3427608A","executiveName":"Grasiele Nascimento"}}
{"timestamp":"2026-03-16T19:43:35.149Z","importId":3,"level":"WARN","message":"Linha 7674: Pontuação é 0 ou null","category":"PONTUACAO","context":{"rowNumber":7674,"points":0,"cnpj":"11812253000186","saleId":"3427606A","executiveName":"Grasiele Nascimento"}}
{"timestamp":"2026-03-16T19:43:35.157Z","importId":3,"level":"WARN","message":"Linha 7679: Pontuação é 0 ou null","category":"PONTUACAO","context":{"rowNumber":7679,"points":0,"cnpj":"08596472000160","saleId":"3422307A","executiveName":"Rafaela Soares"}}
{"timestamp":"2026-03-16T19:43:35.171Z","importId":3,"level":"WARN","message":"Linha 7690: Pontuação é 0 ou null","category":"PONTUACAO","context":{"rowNumber":7690,"points":0,"cnpj":"24103690000172","saleId":"3421812A","executiveName":"Karla Reis"}}
{"timestamp":"2026-03-16T19:43:35.182Z","importId":3,"level":"WARN","message":"Linha 7697: Pontuação é 0 ou null","category":"PONTUACAO","context":{"rowNumber":7697,"points":0,"cnpj":"47229908000135","saleId":"3415915A","executiveName":"Maira Vallim"}}
{"timestamp":"2026-03-16T19:43:35.184Z","importId":3,"level":"WARN","message":"Linha 7698: Pontuação é 0 ou null","category":"PONTUACAO","context":{"rowNumber":7698,"points":0,"cnpj":"47229908000135","saleId":"3415914A","executiveName":"Maira Vallim"}}
{"timestamp":"2026-03-16T19:43:35.187Z","importId":3,"level":"WARN","message":"Linha 7699: Pontuação é 0 ou null","category":"PONTUACAO","context":{"rowNumber":7699,"points":0,"cnpj":"47229908000135","saleId":"3415913A","executiveName":"Maira Vallim"}}
{"timestamp":"2026-03-16T19:43:35.189Z","importId":3,"level":"WARN","message":"Linha 7700: Pontuação é 0 ou null","category":"PONTUACAO","context":{"rowNumber":7700,"points":0,"cnpj":"47229908000135","saleId":"3415912A","executiveName":"Maira Vallim"}}
{"timestamp":"2026-03-16T19:43:35.190Z","importId":3,"level":"WARN","message":"Linha 7701: Pontuação é 0 ou null","category":"PONTUACAO","context":{"rowNumber":7701,"points":0,"cnpj":"47229908000135","saleId":"3415911A","executiveName":"Maira Vallim"}}
{"timestamp":"2026-03-16T19:43:35.192Z","importId":3,"level":"WARN","message":"Linha 7702: Pontuação é 0 ou null","category":"PONTUACAO","context":{"rowNumber":7702,"points":0,"cnpj":"47229908000135","saleId":"3415910A","executiveName":"Maira Vallim"}}
{"timestamp":"2026-03-16T19:43:35.194Z","importId":3,"level":"WARN","message":"Linha 7703: Pontuação é 0 ou null","category":"PONTUACAO","context":{"rowNumber":7703,"points":0,"cnpj":"47229908000135","saleId":"3415909A","executiveName":"Maira Vallim"}}
{"timestamp":"2026-03-16T19:43:35.196Z","importId":3,"level":"WARN","message":"Linha 7704: Pontuação é 0 ou null","category":"PONTUACAO","context":{"rowNumber":7704,"points":0,"cnpj":"47229908000135","saleId":"3415908A","executiveName":"Maira Vallim"}}
{"timestamp":"2026-03-16T19:43:35.199Z","importId":3,"level":"WARN","message":"Linha 7705: Pontuação é 0 ou null","category":"PONTUACAO","context":{"rowNumber":7705,"points":0,"cnpj":"47229908000135","saleId":"3415907A","executiveName":"Maira Vallim"}}
{"timestamp":"2026-03-16T19:43:35.201Z","importId":3,"level":"WARN","message":"Linha 7706: Pontuação é 0 ou null","category":"PONTUACAO","context":{"rowNumber":7706,"points":0,"cnpj":"47229908000135","saleId":"3415906A","executiveName":"Maira Vallim"}}
{"timestamp":"2026-03-16T19:43:35.204Z","importId":3,"level":"WARN","message":"Linha 7707: Pontuação é 0 ou null","category":"PONTUACAO","context":{"rowNumber":7707,"points":0,"cnpj":"47229908000135","saleId":"3415905A","executiveName":"Maira Vallim"}}
{"timestamp":"2026-03-16T19:43:35.205Z","importId":3,"level":"WARN","message":"Linha 7708: Pontuação é 0 ou null","category":"PONTUACAO","context":{"rowNumber":7708,"points":0,"cnpj":"47229908000135","saleId":"3415904A","executiveName":"Maira Vallim"}}
{"timestamp":"2026-03-16T19:43:35.207Z","importId":3,"level":"WARN","message":"Linha 7709: Pontuação é 0 ou null","category":"PONTUACAO","context":{"rowNumber":7709,"points":0,"cnpj":"47229908000135","saleId":"3415903A","executiveName":"Maira Vallim"}}
{"timestamp":"2026-03-16T19:43:35.210Z","importId":3,"level":"WARN","message":"Linha 7710: Pontuação é 0 ou null","category":"PONTUACAO","context":{"rowNumber":7710,"points":0,"cnpj":"47229908000135","saleId":"3415902A","executiveName":"Maira Vallim"}}
{"timestamp":"2026-03-16T19:43:35.212Z","importId":3,"level":"WARN","message":"Linha 7711: Pontuação é 0 ou null","category":"PONTUACAO","context":{"rowNumber":7711,"points":0,"cnpj":"47229908000135","saleId":"3415901A","executiveName":"Maira Vallim"}}
{"timestamp":"2026-03-16T19:43:35.214Z","importId":3,"level":"WARN","message":"Linha 7712: Pontuação é 0 ou null","category":"PONTUACAO","context":{"rowNumber":7712,"points":0,"cnpj":"47229908000135","saleId":"3415900A","executiveName":"Maira Vallim"}}
{"timestamp":"2026-03-16T19:43:35.216Z","importId":3,"level":"WARN","message":"Linha 7713: Pontuação é 0 ou null","category":"PONTUACAO","context":{"rowNumber":7713,"points":0,"cnpj":"47229908000135","saleId":"3415899A","executiveName":"Maira Vallim"}}
{"timestamp":"2026-03-16T19:43:35.218Z","importId":3,"level":"WARN","message":"Linha 7714: Pontuação é 0 ou null","category":"PONTUACAO","context":{"rowNumber":7714,"points":0,"cnpj":"47229908000135","saleId":"3415898A","executiveName":"Maira Vallim"}}
{"timestamp":"2026-03-16T19:43:35.220Z","importId":3,"level":"WARN","message":"Linha 7715: Pontuação é 0 ou null","category":"PONTUACAO","context":{"rowNumber":7715,"points":0,"cnpj":"47229908000135","saleId":"3415897A","executiveName":"Maira Vallim"}}
{"timestamp":"2026-03-16T19:43:35.222Z","importId":3,"level":"WARN","message":"Linha 7716: Pontuação é 0 ou null","category":"PONTUACAO","context":{"rowNumber":7716,"points":0,"cnpj":"47229908000135","saleId":"3415896A","executiveName":"Maira Vallim"}}
{"timestamp":"2026-03-16T19:43:35.224Z","importId":3,"level":"WARN","message":"Linha 7717: Pontuação é 0 ou null","category":"PONTUACAO","context":{"rowNumber":7717,"points":0,"cnpj":"47229908000135","saleId":"3415895A","executiveName":"Maira Vallim"}}
{"timestamp":"2026-03-16T19:43:35.227Z","importId":3,"level":"WARN","message":"Linha 7718: Pontuação é 0 ou null","category":"PONTUACAO","context":{"rowNumber":7718,"points":0,"cnpj":"47229908000135","saleId":"3415894A","executiveName":"Maira Vallim"}}
{"timestamp":"2026-03-16T19:43:35.229Z","importId":3,"level":"WARN","message":"Linha 7719: Pontuação é 0 ou null","category":"PONTUACAO","context":{"rowNumber":7719,"points":0,"cnpj":"47229908000135","saleId":"3415893A","executiveName":"Maira Vallim"}}
{"timestamp":"2026-03-16T19:43:35.230Z","importId":3,"level":"WARN","message":"Linha 7720: Pontuação é 0 ou null","category":"PONTUACAO","context":{"rowNumber":7720,"points":0,"cnpj":"47229908000135","saleId":"3415916A","executiveName":"Maira Vallim"}}
{"timestamp":"2026-03-16T19:43:35.234Z","importId":3,"level":"WARN","message":"Linha 7722: Pontuação é 0 ou null","category":"PONTUACAO","context":{"rowNumber":7722,"points":0,"cnpj":"47229908000135","saleId":"3415917A","executiveName":"Maira Vallim"}}
{"timestamp":"2026-03-16T19:43:35.236Z","importId":3,"level":"WARN","message":"Linha 7723: Pontuação é 0 ou null","category":"PONTUACAO","context":{"rowNumber":7723,"points":0,"cnpj":"47229908000135","saleId":"3415919A","executiveName":"Maira Vallim"}}
{"timestamp":"2026-03-16T19:43:35.247Z","importId":3,"level":"WARN","message":"Linha 7730: Pontuação é 0 ou null","category":"PONTUACAO","context":{"rowNumber":7730,"points":0,"cnpj":"11812253000186","saleId":"3416225A","executiveName":"Grasiele Nascimento"}}
{"timestamp":"2026-03-16T19:43:35.249Z","importId":3,"level":"WARN","message":"Linha 7731: Pontuação é 0 ou null","category":"PONTUACAO","context":{"rowNumber":7731,"points":0,"cnpj":"10880027000170","saleId":"3416223A","executiveName":"Ricardo Morais"}}
{"timestamp":"2026-03-16T19:43:35.252Z","importId":3,"level":"WARN","message":"Linha 7732: Pontuação é 0 ou null","category":"PONTUACAO","context":{"rowNumber":7732,"points":0,"cnpj":"82524232000103","saleId":"3416199A","executiveName":"Cassia Shimabukuro"}}
{"timestamp":"2026-03-16T19:43:35.254Z","importId":3,"level":"WARN","message":"Linha 7733: Pontuação é 0 ou null","category":"PONTUACAO","context":{"rowNumber":7733,"points":0,"cnpj":"07888535000190","saleId":"3416198A","executiveName":"Cristiano Dafre"}}
{"timestamp":"2026-03-16T19:43:35.256Z","importId":3,"level":"WARN","message":"Linha 7734: Pontuação é 0 ou null","category":"PONTUACAO","context":{"rowNumber":7734,"points":0,"cnpj":"07709889000120","saleId":"3416196A","executiveName":"Carlos Brito"}}
{"timestamp":"2026-03-16T19:43:35.259Z","importId":3,"level":"WARN","message":"Linha 7735: Pontuação é 0 ou null","category":"PONTUACAO","context":{"rowNumber":7735,"points":0,"cnpj":"29871389000122","saleId":"3416195A","executiveName":"Kelly Furno"}}
{"timestamp":"2026-03-16T19:43:35.261Z","importId":3,"level":"WARN","message":"Linha 7736: Pontuação é 0 ou null","category":"PONTUACAO","context":{"rowNumber":7736,"points":0,"cnpj":"29871389000122","saleId":"3416194A","executiveName":"Kelly Furno"}}
{"timestamp":"2026-03-16T19:43:35.264Z","importId":3,"level":"WARN","message":"Linha 7737: Pontuação é 0 ou null","category":"PONTUACAO","context":{"rowNumber":7737,"points":0,"cnpj":"21301696000166","saleId":"3416193A","executiveName":"Luana Fagundes"}}
{"timestamp":"2026-03-16T19:43:35.265Z","importId":3,"level":"WARN","message":"Linha 7738: Pontuação é 0 ou null","category":"PONTUACAO","context":{"rowNumber":7738,"points":0,"cnpj":"47229908000135","saleId":"3415928A","executiveName":"Maira Vallim"}}
{"timestamp":"2026-03-16T19:43:35.269Z","importId":3,"level":"WARN","message":"Linha 7739: Pontuação é 0 ou null","category":"PONTUACAO","context":{"rowNumber":7739,"points":0,"cnpj":"47229908000135","saleId":"3415927A","executiveName":"Maira Vallim"}}
{"timestamp":"2026-03-16T19:43:35.270Z","importId":3,"level":"WARN","message":"Linha 7740: Pontuação é 0 ou null","category":"PONTUACAO","context":{"rowNumber":7740,"points":0,"cnpj":"47229908000135","saleId":"3415926A","executiveName":"Maira Vallim"}}
{"timestamp":"2026-03-16T19:43:35.272Z","importId":3,"level":"WARN","message":"Linha 7741: Pontuação é 0 ou null","category":"PONTUACAO","context":{"rowNumber":7741,"points":0,"cnpj":"47229908000135","saleId":"3415925A","executiveName":"Maira Vallim"}}
{"timestamp":"2026-03-16T19:43:35.274Z","importId":3,"level":"WARN","message":"Linha 7742: Pontuação é 0 ou null","category":"PONTUACAO","context":{"rowNumber":7742,"points":0,"cnpj":"47229908000135","saleId":"3415924A","executiveName":"Maira Vallim"}}
{"timestamp":"2026-03-16T19:43:35.276Z","importId":3,"level":"WARN","message":"Linha 7743: Pontuação é 0 ou null","category":"PONTUACAO","context":{"rowNumber":7743,"points":0,"cnpj":"47229908000135","saleId":"3415923A","executiveName":"Maira Vallim"}}
{"timestamp":"2026-03-16T19:43:35.278Z","importId":3,"level":"WARN","message":"Linha 7744: Pontuação é 0 ou null","category":"PONTUACAO","context":{"rowNumber":7744,"points":0,"cnpj":"47229908000135","saleId":"3415922A","executiveName":"Maira Vallim"}}
{"timestamp":"2026-03-16T19:43:35.280Z","importId":3,"level":"WARN","message":"Linha 7745: Pontuação é 0 ou null","category":"PONTUACAO","context":{"rowNumber":7745,"points":0,"cnpj":"47229908000135","saleId":"3415921A","executiveName":"Maira Vallim"}}
{"timestamp":"2026-03-16T19:43:35.282Z","importId":3,"level":"WARN","message":"Linha 7746: Pontuação é 0 ou null","category":"PONTUACAO","context":{"rowNumber":7746,"points":0,"cnpj":"47229908000135","saleId":"3415920A","executiveName":"Maira Vallim"}}
{"timestamp":"2026-03-16T19:43:35.285Z","importId":3,"level":"WARN","message":"Linha 7747: Pontuação é 0 ou null","category":"PONTUACAO","context":{"rowNumber":7747,"points":0,"cnpj":"47229908000135","saleId":"3415918A","executiveName":"Maira Vallim"}}
{"timestamp":"2026-03-16T19:43:35.288Z","importId":3,"level":"WARN","message":"Linha 7749: Pontuação é 0 ou null","category":"PONTUACAO","context":{"rowNumber":7749,"points":0,"cnpj":"11820109000191","saleId":"3411623A","executiveName":"Soraya Romano"}}
{"timestamp":"2026-03-16T19:43:35.291Z","importId":3,"level":"WARN","message":"Linha 7750: Pontuação é 0 ou null","category":"PONTUACAO","context":{"rowNumber":7750,"points":0,"cnpj":"11820109000191","saleId":"3411622A","executiveName":"Soraya Romano"}}
{"timestamp":"2026-03-16T19:43:35.438Z","importId":3,"level":"WARN","message":"Linha 7859: Pontuação é 0 ou null","category":"PONTUACAO","context":{"rowNumber":7859,"points":0,"cnpj":"15875000000102","saleId":"3411568A","executiveName":"Elza Lara"}}
{"timestamp":"2026-03-16T19:43:35.441Z","importId":3,"level":"WARN","message":"Linha 7860: Pontuação é 0 ou null","category":"PONTUACAO","context":{"rowNumber":7860,"points":0,"cnpj":"15875000000102","saleId":"3411567A","executiveName":"Elza Lara"}}
{"timestamp":"2026-03-16T19:43:35.445Z","importId":3,"level":"WARN","message":"Linha 7863: Pontuação é 0 ou null","category":"PONTUACAO","context":{"rowNumber":7863,"points":0,"cnpj":"13831720000140","saleId":"3411557A","executiveName":"Ricardo Morais"}}
{"timestamp":"2026-03-16T19:43:35.447Z","importId":3,"level":"WARN","message":"Linha 7864: Pontuação é 0 ou null","category":"PONTUACAO","context":{"rowNumber":7864,"points":0,"cnpj":"13831720000140","saleId":"3411556A","executiveName":"Ricardo Morais"}}
{"timestamp":"2026-03-16T19:43:35.451Z","importId":3,"level":"WARN","message":"Linha 7865: Pontuação é 0 ou null","category":"PONTUACAO","context":{"rowNumber":7865,"points":0,"cnpj":"13831720000140","saleId":"3411555A","executiveName":"Ricardo Morais"}}
{"timestamp":"2026-03-16T19:43:35.452Z","importId":3,"level":"WARN","message":"Linha 7866: Pontuação é 0 ou null","category":"PONTUACAO","context":{"rowNumber":7866,"points":0,"cnpj":"13831720000140","saleId":"3411554A","executiveName":"Ricardo Morais"}}
{"timestamp":"2026-03-16T19:43:35.455Z","importId":3,"level":"WARN","message":"Linha 7867: Pontuação é 0 ou null","category":"PONTUACAO","context":{"rowNumber":7867,"points":0,"cnpj":"13831720000140","saleId":"3411553A","executiveName":"Ricardo Morais"}}
{"timestamp":"2026-03-16T19:43:35.457Z","importId":3,"level":"WARN","message":"Linha 7868: Pontuação é 0 ou null","category":"PONTUACAO","context":{"rowNumber":7868,"points":0,"cnpj":"13831720000140","saleId":"3411552A","executiveName":"Ricardo Morais"}}
{"timestamp":"2026-03-16T19:43:35.459Z","importId":3,"level":"WARN","message":"Linha 7869: Pontuação é 0 ou null","category":"PONTUACAO","context":{"rowNumber":7869,"points":0,"cnpj":"13831720000140","saleId":"3411551A","executiveName":"Ricardo Morais"}}
{"timestamp":"2026-03-16T19:43:35.461Z","importId":3,"level":"WARN","message":"Linha 7870: Pontuação é 0 ou null","category":"PONTUACAO","context":{"rowNumber":7870,"points":0,"cnpj":"13831720000140","saleId":"3411550A","executiveName":"Ricardo Morais"}}
{"timestamp":"2026-03-16T19:43:35.485Z","importId":3,"level":"WARN","message":"Linha 7886: Pontuação é 0 ou null","category":"PONTUACAO","context":{"rowNumber":7886,"points":0,"cnpj":"11820109000191","saleId":"3411621A","executiveName":"Soraya Romano"}}
{"timestamp":"2026-03-16T19:43:35.489Z","importId":3,"level":"WARN","message":"Linha 7887: Pontuação é 0 ou null","category":"PONTUACAO","context":{"rowNumber":7887,"points":0,"cnpj":"11820109000191","saleId":"3411620A","executiveName":"Soraya Romano"}}
{"timestamp":"2026-03-16T19:43:35.492Z","importId":3,"level":"WARN","message":"Linha 7888: Pontuação é 0 ou null","category":"PONTUACAO","context":{"rowNumber":7888,"points":0,"cnpj":"38014671000184","saleId":"3411595A","executiveName":"Carlos Barbassa"}}
{"timestamp":"2026-03-16T19:43:35.494Z","importId":3,"level":"WARN","message":"Linha 7889: Pontuação é 0 ou null","category":"PONTUACAO","context":{"rowNumber":7889,"points":0,"cnpj":"38014671000184","saleId":"3411594A","executiveName":"Carlos Barbassa"}}
{"timestamp":"2026-03-16T19:43:35.518Z","importId":3,"level":"WARN","message":"Linha 7905: Pontuação é 0 ou null","category":"PONTUACAO","context":{"rowNumber":7905,"points":0,"cnpj":"65355422000125","saleId":"3411578A","executiveName":"Elza Lara"}}
{"timestamp":"2026-03-16T19:43:35.520Z","importId":3,"level":"WARN","message":"Linha 7906: Pontuação é 0 ou null","category":"PONTUACAO","context":{"rowNumber":7906,"points":0,"cnpj":"65355422000125","saleId":"3411577A","executiveName":"Elza Lara"}}
{"timestamp":"2026-03-16T19:43:35.521Z","importId":3,"level":"WARN","message":"Linha 7907: Pontuação é 0 ou null","category":"PONTUACAO","context":{"rowNumber":7907,"points":0,"cnpj":"65355422000125","saleId":"3411576A","executiveName":"Elza Lara"}}
{"timestamp":"2026-03-16T19:43:35.525Z","importId":3,"level":"WARN","message":"Linha 7908: Pontuação é 0 ou null","category":"PONTUACAO","context":{"rowNumber":7908,"points":0,"cnpj":"04033961000153","saleId":"3411574A","executiveName":"Elza Lara"}}
{"timestamp":"2026-03-16T19:43:35.664Z","importId":3,"level":"WARN","message":"Linha 8005: Pontuação é 0 ou null","category":"PONTUACAO","context":{"rowNumber":8005,"points":0,"cnpj":"15875000000102","saleId":"3409621A","executiveName":"Elza Lara"}}
{"timestamp":"2026-03-16T19:43:35.780Z","importId":3,"level":"WARN","message":"Linha 8090: Pontuação é 0 ou null","category":"PONTUACAO","context":{"rowNumber":8090,"points":0,"cnpj":"44456530000114","saleId":"3409731A","executiveName":"Walter Junior"}}
{"timestamp":"2026-03-16T19:43:35.785Z","importId":3,"level":"WARN","message":"Linha 8092: Pontuação é 0 ou null","category":"PONTUACAO","context":{"rowNumber":8092,"points":0,"cnpj":"44456530000114","saleId":"3409729A","executiveName":"Walter Junior"}}
{"timestamp":"2026-03-16T19:43:35.846Z","importId":3,"level":"WARN","message":"Linha 8134: Pontuação é 0 ou null","category":"PONTUACAO","context":{"rowNumber":8134,"points":0,"cnpj":"58693110000166","saleId":"3409684A","executiveName":"Rafaela Soares"}}
{"timestamp":"2026-03-16T19:43:35.853Z","importId":3,"level":"WARN","message":"Linha 8139: Pontuação é 0 ou null","category":"PONTUACAO","context":{"rowNumber":8139,"points":0,"cnpj":"57954299000130","saleId":"3409670A","executiveName":"Ricardo Bueno"}}
{"timestamp":"2026-03-16T19:43:35.858Z","importId":3,"level":"WARN","message":"Linha 8140: Pontuação é 0 ou null","category":"PONTUACAO","context":{"rowNumber":8140,"points":0,"cnpj":"57954299000130","saleId":"3409669A","executiveName":"Ricardo Bueno"}}
{"timestamp":"2026-03-16T19:43:35.860Z","importId":3,"level":"WARN","message":"Linha 8141: Pontuação é 0 ou null","category":"PONTUACAO","context":{"rowNumber":8141,"points":0,"cnpj":"57954299000130","saleId":"3409668A","executiveName":"Ricardo Bueno"}}
{"timestamp":"2026-03-16T19:43:35.861Z","importId":3,"level":"WARN","message":"Linha 8142: Pontuação é 0 ou null","category":"PONTUACAO","context":{"rowNumber":8142,"points":0,"cnpj":"57954299000130","saleId":"3409667A","executiveName":"Ricardo Bueno"}}
{"timestamp":"2026-03-16T19:43:35.863Z","importId":3,"level":"WARN","message":"Linha 8143: Pontuação é 0 ou null","category":"PONTUACAO","context":{"rowNumber":8143,"points":0,"cnpj":"12100779000104","saleId":"3409659A","executiveName":"Carlos Brito"}}
{"timestamp":"2026-03-16T19:43:35.891Z","importId":3,"level":"WARN","message":"Linha 8160: Pontuação é 0 ou null","category":"PONTUACAO","context":{"rowNumber":8160,"points":0,"cnpj":"29871389000122","saleId":"3409714A","executiveName":"Kelly Furno"}}
{"timestamp":"2026-03-16T19:43:35.895Z","importId":3,"level":"WARN","message":"Linha 8161: Pontuação é 0 ou null","category":"PONTUACAO","context":{"rowNumber":8161,"points":0,"cnpj":"29871389000122","saleId":"3409713A","executiveName":"Kelly Furno"}}
{"timestamp":"2026-03-16T19:43:35.897Z","importId":3,"level":"WARN","message":"Linha 8162: Pontuação é 0 ou null","category":"PONTUACAO","context":{"rowNumber":8162,"points":0,"cnpj":"26203213000104","saleId":"3409712A","executiveName":"Roberto Garbin"}}
{"timestamp":"2026-03-16T19:43:35.898Z","importId":3,"level":"WARN","message":"Linha 8163: Pontuação é 0 ou null","category":"PONTUACAO","context":{"rowNumber":8163,"points":0,"cnpj":"26203213000104","saleId":"3409711A","executiveName":"Roberto Garbin"}}
{"timestamp":"2026-03-16T19:43:35.900Z","importId":3,"level":"WARN","message":"Linha 8164: Pontuação é 0 ou null","category":"PONTUACAO","context":{"rowNumber":8164,"points":0,"cnpj":"26605232000167","saleId":"3409710A","executiveName":"Ricardo Bueno"}}
{"timestamp":"2026-03-16T19:43:35.904Z","importId":3,"level":"WARN","message":"Linha 8165: Pontuação é 0 ou null","category":"PONTUACAO","context":{"rowNumber":8165,"points":0,"cnpj":"26605232000167","saleId":"3409709A","executiveName":"Ricardo Bueno"}}
{"timestamp":"2026-03-16T19:43:35.910Z","importId":3,"level":"WARN","message":"Linha 8169: Pontuação é 0 ou null","category":"PONTUACAO","context":{"rowNumber":8169,"points":0,"cnpj":"14391514000120","saleId":"3409704A","executiveName":"Elzo Nogueira"}}
{"timestamp":"2026-03-16T19:43:35.913Z","importId":3,"level":"WARN","message":"Linha 8170: Pontuação é 0 ou null","category":"PONTUACAO","context":{"rowNumber":8170,"points":0,"cnpj":"14391514000120","saleId":"3409703A","executiveName":"Elzo Nogueira"}}
{"timestamp":"2026-03-16T19:43:35.915Z","importId":3,"level":"WARN","message":"Linha 8171: Pontuação é 0 ou null","category":"PONTUACAO","context":{"rowNumber":8171,"points":0,"cnpj":"14391514000120","saleId":"3409702A","executiveName":"Elzo Nogueira"}}
{"timestamp":"2026-03-16T19:43:36.160Z","importId":3,"level":"WARN","message":"Linha 8364: Pontuação é 0 ou null","category":"PONTUACAO","context":{"rowNumber":8364,"points":0,"cnpj":"20027725000180","saleId":"3409170A","executiveName":"Karla Reis"}}
{"timestamp":"2026-03-16T19:43:36.288Z","importId":3,"level":"WARN","message":"Linha 8467: Pontuação é 0 ou null","category":"PONTUACAO","context":{"rowNumber":8467,"points":0,"cnpj":"00141852000107","saleId":"3410239A","executiveName":"Pasquale Neto"}}
{"timestamp":"2026-03-16T19:43:36.375Z","importId":3,"level":"WARN","message":"Linha 8533: Pontuação é 0 ou null","category":"PONTUACAO","context":{"rowNumber":8533,"points":0,"cnpj":"41398797000104","saleId":"3410587A","executiveName":"Marlon Wander"}}
{"timestamp":"2026-03-16T19:43:36.380Z","importId":3,"level":"WARN","message":"Linha 8535: Pontuação é 0 ou null","category":"PONTUACAO","context":{"rowNumber":8535,"points":0,"cnpj":"22624188000181","saleId":"3410586A","executiveName":"Ricardo Bueno"}}
{"timestamp":"2026-03-16T19:43:36.382Z","importId":3,"level":"WARN","message":"Linha 8536: Pontuação é 0 ou null","category":"PONTUACAO","context":{"rowNumber":8536,"points":0,"cnpj":"22624188000181","saleId":"3410585A","executiveName":"Ricardo Bueno"}}
{"timestamp":"2026-03-16T19:43:36.384Z","importId":3,"level":"WARN","message":"Linha 8537: Pontuação é 0 ou null","category":"PONTUACAO","context":{"rowNumber":8537,"points":0,"cnpj":"22624188000181","saleId":"3410584A","executiveName":"Ricardo Bueno"}}
{"timestamp":"2026-03-16T19:43:36.387Z","importId":3,"level":"WARN","message":"Linha 8538: Pontuação é 0 ou null","category":"PONTUACAO","context":{"rowNumber":8538,"points":0,"cnpj":"20496582000156","saleId":"3410583A","executiveName":"Miguel Jenotti"}}
{"timestamp":"2026-03-16T19:43:36.388Z","importId":3,"level":"WARN","message":"Linha 8539: Pontuação é 0 ou null","category":"PONTUACAO","context":{"rowNumber":8539,"points":0,"cnpj":"20496582000156","saleId":"3410582A","executiveName":"Miguel Jenotti"}}
{"timestamp":"2026-03-16T19:43:36.391Z","importId":3,"level":"WARN","message":"Linha 8541: Pontuação é 0 ou null","category":"PONTUACAO","context":{"rowNumber":8541,"points":0,"cnpj":"11812253000186","saleId":"3410578A","executiveName":"Grasiele Nascimento"}}
{"timestamp":"2026-03-16T19:43:36.396Z","importId":3,"level":"WARN","message":"Linha 8543: Pontuação é 0 ou null","category":"PONTUACAO","context":{"rowNumber":8543,"points":0,"cnpj":"17470982000188","saleId":"3410576A","executiveName":"Claudia Dias"}}
{"timestamp":"2026-03-16T19:43:36.397Z","importId":3,"level":"WARN","message":"Linha 8544: Pontuação é 0 ou null","category":"PONTUACAO","context":{"rowNumber":8544,"points":0,"cnpj":"17470982000188","saleId":"3410575A","executiveName":"Claudia Dias"}}
{"timestamp":"2026-03-16T19:43:36.403Z","importId":3,"level":"WARN","message":"Linha 8547: Pontuação é 0 ou null","category":"PONTUACAO","context":{"rowNumber":8547,"points":0,"cnpj":"15875000000102","saleId":"3410572A","executiveName":"Elza Lara"}}
{"timestamp":"2026-03-16T19:43:36.406Z","importId":3,"level":"WARN","message":"Linha 8549: Pontuação é 0 ou null","category":"PONTUACAO","context":{"rowNumber":8549,"points":0,"cnpj":"57954299000130","saleId":"3410566A","executiveName":"Ricardo Bueno"}}
{"timestamp":"2026-03-16T19:43:36.407Z","importId":3,"level":"WARN","message":"Linha 8550: Pontuação é 0 ou null","category":"PONTUACAO","context":{"rowNumber":8550,"points":0,"cnpj":"57954299000130","saleId":"3410565A","executiveName":"Ricardo Bueno"}}
{"timestamp":"2026-03-16T19:43:36.415Z","importId":3,"level":"WARN","message":"Linha 8555: Pontuação é 0 ou null","category":"PONTUACAO","context":{"rowNumber":8555,"points":0,"cnpj":"07709889000120","saleId":"3410559A","executiveName":"Carlos Brito"}}
{"timestamp":"2026-03-16T19:43:36.503Z","importId":3,"level":"WARN","message":"Linha 8622: Pontuação é 0 ou null","category":"PONTUACAO","context":{"rowNumber":8622,"points":0,"cnpj":"66822503000150","saleId":"3409956A","executiveName":"Ricardo Morais"}}
{"timestamp":"2026-03-16T19:43:36.653Z","importId":3,"level":"WARN","message":"Linha 8738: Pontuação é 0 ou null","category":"PONTUACAO","context":{"rowNumber":8738,"points":0,"cnpj":"15505790000487","saleId":"3410137A","executiveName":"Carlos Brito"}}
{"timestamp":"2026-03-16T19:43:36.695Z","importId":3,"level":"WARN","message":"Linha 8771: Pontuação é 0 ou null","category":"PONTUACAO","context":{"rowNumber":8771,"points":0,"cnpj":"08808140000100","saleId":"3410181A","executiveName":"Leonardo Ligabo"}}
{"timestamp":"2026-03-16T19:43:36.699Z","importId":3,"level":"WARN","message":"Linha 8774: Pontuação é 0 ou null","category":"PONTUACAO","context":{"rowNumber":8774,"points":0,"cnpj":"04545594000177","saleId":"3410126A","executiveName":"Pasquale Neto"}}
{"timestamp":"2026-03-16T19:43:36.704Z","importId":3,"level":"WARN","message":"Linha 8776: Pontuação é 0 ou null","category":"PONTUACAO","context":{"rowNumber":8776,"points":0,"cnpj":"04545594000177","saleId":"3410125A","executiveName":"Pasquale Neto"}}
{"timestamp":"2026-03-16T19:43:36.716Z","importId":3,"level":"WARN","message":"Linha 8784: Pontuação é 0 ou null","category":"PONTUACAO","context":{"rowNumber":8784,"points":0,"cnpj":"21860827000145","saleId":"3410070A","executiveName":"Ricardo Morais"}}
{"timestamp":"2026-03-16T19:43:36.726Z","importId":3,"level":"WARN","message":"Linha 8792: Pontuação é 0 ou null","category":"PONTUACAO","context":{"rowNumber":8792,"points":0,"cnpj":"43398083000121","saleId":"3410037A","executiveName":"Karla Reis"}}
{"timestamp":"2026-03-16T19:43:36.729Z","importId":3,"level":"WARN","message":"Linha 8793: Pontuação é 0 ou null","category":"PONTUACAO","context":{"rowNumber":8793,"points":0,"cnpj":"43398083000121","saleId":"3410036A","executiveName":"Karla Reis"}}
{"timestamp":"2026-03-16T19:43:36.740Z","importId":3,"level":"WARN","message":"Linha 8802: Pontuação é 0 ou null","category":"PONTUACAO","context":{"rowNumber":8802,"points":0,"cnpj":"34229543000105","saleId":"3410068A","executiveName":"Walter Junior"}}
{"timestamp":"2026-03-16T19:43:36.747Z","importId":3,"level":"WARN","message":"Linha 8806: Pontuação é 0 ou null","category":"PONTUACAO","context":{"rowNumber":8806,"points":0,"cnpj":"07709889000120","saleId":"3410121A","executiveName":"Carlos Brito"}}
{"timestamp":"2026-03-16T19:43:36.769Z","importId":3,"level":"WARN","message":"Linha 8825: Pontuação é 0 ou null","category":"PONTUACAO","context":{"rowNumber":8825,"points":0,"cnpj":"52190694000170","saleId":"3410100A","executiveName":"Maira Vallim"}}
{"timestamp":"2026-03-16T19:43:36.772Z","importId":3,"level":"WARN","message":"Linha 8826: Pontuação é 0 ou null","category":"PONTUACAO","context":{"rowNumber":8826,"points":0,"cnpj":"07709889000120","saleId":"3410123A","executiveName":"Carlos Brito"}}
{"timestamp":"2026-03-16T19:43:37.075Z","importId":3,"level":"WARN","message":"Linha 9071: Pontuação é 0 ou null","category":"PONTUACAO","context":{"rowNumber":9071,"points":0,"cnpj":"41731303000161","saleId":"201997M1702648","executiveName":"VALDIR ULMER MOELLER"}}
{"timestamp":"2026-03-16T19:43:37.650Z","importId":3,"level":"WARN","message":"Linha 9548: Pontuação é 0 ou null","category":"PONTUACAO","context":{"rowNumber":9548,"points":0,"cnpj":"24821099000150","saleId":"3413224A","executiveName":"Elza Lara"}}
{"timestamp":"2026-03-16T19:43:37.655Z","importId":3,"level":"WARN","message":"Linha 9550: Pontuação é 0 ou null","category":"PONTUACAO","context":{"rowNumber":9550,"points":0,"cnpj":"24821099000150","saleId":"3413223A","executiveName":"Elza Lara"}}
{"timestamp":"2026-03-16T19:43:37.659Z","importId":3,"level":"WARN","message":"Linha 9554: Pontuação é 0 ou null","category":"PONTUACAO","context":{"rowNumber":9554,"points":0,"cnpj":"07068285000141","saleId":"3413222A","executiveName":"Ricardo Bueno"}}
{"timestamp":"2026-03-16T19:43:37.664Z","importId":3,"level":"WARN","message":"Linha 9556: Pontuação é 0 ou null","category":"PONTUACAO","context":{"rowNumber":9556,"points":0,"cnpj":"13616531000155","saleId":"3413220A","executiveName":"Pasquale Neto"}}
{"timestamp":"2026-03-16T19:43:37.668Z","importId":3,"level":"WARN","message":"Linha 9558: Pontuação é 0 ou null","category":"PONTUACAO","context":{"rowNumber":9558,"points":0,"cnpj":"57608093000159","saleId":"3413219A","executiveName":"Cristiano Dafre"}}
{"timestamp":"2026-03-16T19:43:37.684Z","importId":3,"level":"WARN","message":"Linha 9572: Pontuação é 0 ou null","category":"PONTUACAO","context":{"rowNumber":9572,"points":0,"cnpj":"28209105000174","saleId":"3413211A","executiveName":"Ronaldo Coelho"}}
{"timestamp":"2026-03-16T19:43:37.686Z","importId":3,"level":"WARN","message":"Linha 9574: Pontuação é 0 ou null","category":"PONTUACAO","context":{"rowNumber":9574,"points":0,"cnpj":"28209105000174","saleId":"3413210A","executiveName":"Ronaldo Coelho"}}
{"timestamp":"2026-03-16T19:43:37.693Z","importId":3,"level":"WARN","message":"Linha 9578: Pontuação é 0 ou null","category":"PONTUACAO","context":{"rowNumber":9578,"points":0,"cnpj":"52652039000197","saleId":"3413221A","executiveName":"Ricardo Morais"}}
{"timestamp":"2026-03-16T19:43:37.954Z","importId":3,"level":"WARN","message":"Linha 9789: Pontuação é 0 ou null","category":"PONTUACAO","context":{"rowNumber":9789,"points":0,"cnpj":"57426975000101","saleId":"3423500A","executiveName":"Miguel Jenotti"}}
{"timestamp":"2026-03-16T19:43:37.957Z","importId":3,"level":"WARN","message":"Linha 9791: Pontuação é 0 ou null","category":"PONTUACAO","context":{"rowNumber":9791,"points":0,"cnpj":"03531680000168","saleId":"3415418A","executiveName":"Rafaela Soares"}}
{"timestamp":"2026-03-16T19:43:37.960Z","importId":3,"level":"WARN","message":"Linha 9792: Pontuação é 0 ou null","category":"PONTUACAO","context":{"rowNumber":9792,"points":0,"cnpj":"03531680000168","saleId":"3415417A","executiveName":"Rafaela Soares"}}
{"timestamp":"2026-03-16T19:43:37.962Z","importId":3,"level":"WARN","message":"Linha 9793: Pontuação é 0 ou null","category":"PONTUACAO","context":{"rowNumber":9793,"points":0,"cnpj":"03531680000168","saleId":"3415416A","executiveName":"Rafaela Soares"}}
{"timestamp":"2026-03-16T19:43:37.964Z","importId":3,"level":"WARN","message":"Linha 9794: Pontuação é 0 ou null","category":"PONTUACAO","context":{"rowNumber":9794,"points":0,"cnpj":"03531680000168","saleId":"3415415A","executiveName":"Rafaela Soares"}}
{"timestamp":"2026-03-16T19:43:37.968Z","importId":3,"level":"WARN","message":"Linha 9795: Pontuação é 0 ou null","category":"PONTUACAO","context":{"rowNumber":9795,"points":0,"cnpj":"03531680000168","saleId":"3415414A","executiveName":"Rafaela Soares"}}
{"timestamp":"2026-03-16T19:43:37.970Z","importId":3,"level":"WARN","message":"Linha 9796: Pontuação é 0 ou null","category":"PONTUACAO","context":{"rowNumber":9796,"points":0,"cnpj":"09591997000176","saleId":"3415412A","executiveName":"Marlon Wander"}}
{"timestamp":"2026-03-16T19:43:37.971Z","importId":3,"level":"WARN","message":"Linha 9797: Pontuação é 0 ou null","category":"PONTUACAO","context":{"rowNumber":9797,"points":0,"cnpj":"09591997000176","saleId":"3415411A","executiveName":"Marlon Wander"}}
{"timestamp":"2026-03-16T19:43:37.974Z","importId":3,"level":"WARN","message":"Linha 9798: Pontuação é 0 ou null","category":"PONTUACAO","context":{"rowNumber":9798,"points":0,"cnpj":"01004367000146","saleId":"3415407A","executiveName":"Marlon Wander"}}
{"timestamp":"2026-03-16T19:43:37.975Z","importId":3,"level":"WARN","message":"Linha 9799: Pontuação é 0 ou null","category":"PONTUACAO","context":{"rowNumber":9799,"points":0,"cnpj":"01004367000146","saleId":"3415406A","executiveName":"Marlon Wander"}}
{"timestamp":"2026-03-16T19:43:37.977Z","importId":3,"level":"WARN","message":"Linha 9800: Pontuação é 0 ou null","category":"PONTUACAO","context":{"rowNumber":9800,"points":0,"cnpj":"01004367000146","saleId":"3415405A","executiveName":"Marlon Wander"}}
{"timestamp":"2026-03-16T19:43:37.980Z","importId":3,"level":"WARN","message":"Linha 9801: Pontuação é 0 ou null","category":"PONTUACAO","context":{"rowNumber":9801,"points":0,"cnpj":"01004367000146","saleId":"3415404A","executiveName":"Marlon Wander"}}
{"timestamp":"2026-03-16T19:43:37.982Z","importId":3,"level":"WARN","message":"Linha 9802: Pontuação é 0 ou null","category":"PONTUACAO","context":{"rowNumber":9802,"points":0,"cnpj":"03531680000168","saleId":"3415419A","executiveName":"Rafaela Soares"}}
{"timestamp":"2026-03-16T19:43:37.984Z","importId":3,"level":"WARN","message":"Linha 9803: Pontuação é 0 ou null","category":"PONTUACAO","context":{"rowNumber":9803,"points":0,"cnpj":"06990616000133","saleId":"3415399A","executiveName":"Ricardo Morais"}}
{"timestamp":"2026-03-16T19:43:37.987Z","importId":3,"level":"WARN","message":"Linha 9804: Pontuação é 0 ou null","category":"PONTUACAO","context":{"rowNumber":9804,"points":0,"cnpj":"06990616000133","saleId":"3415397A","executiveName":"Ricardo Morais"}}
{"timestamp":"2026-03-16T19:43:37.989Z","importId":3,"level":"WARN","message":"Linha 9805: Pontuação é 0 ou null","category":"PONTUACAO","context":{"rowNumber":9805,"points":0,"cnpj":"06990616000133","saleId":"3415396A","executiveName":"Ricardo Morais"}}
{"timestamp":"2026-03-16T19:43:37.991Z","importId":3,"level":"WARN","message":"Linha 9806: Pontuação é 0 ou null","category":"PONTUACAO","context":{"rowNumber":9806,"points":0,"cnpj":"01469664000167","saleId":"3415390A","executiveName":"William Silva"}}
{"timestamp":"2026-03-16T19:43:37.993Z","importId":3,"level":"WARN","message":"Linha 9807: Pontuação é 0 ou null","category":"PONTUACAO","context":{"rowNumber":9807,"points":0,"cnpj":"01469664000167","saleId":"3415389A","executiveName":"William Silva"}}
{"timestamp":"2026-03-16T19:43:37.996Z","importId":3,"level":"WARN","message":"Linha 9808: Pontuação é 0 ou null","category":"PONTUACAO","context":{"rowNumber":9808,"points":0,"cnpj":"01469664000167","saleId":"3415388A","executiveName":"William Silva"}}
{"timestamp":"2026-03-16T19:43:37.997Z","importId":3,"level":"WARN","message":"Linha 9809: Pontuação é 0 ou null","category":"PONTUACAO","context":{"rowNumber":9809,"points":0,"cnpj":"02727156000102","saleId":"3415366A","executiveName":"Elza Lara"}}
{"timestamp":"2026-03-16T19:43:38.003Z","importId":3,"level":"WARN","message":"Linha 9814: Pontuação é 0 ou null","category":"PONTUACAO","context":{"rowNumber":9814,"points":0,"cnpj":"08950874000111","saleId":"3414320A","executiveName":"Elza Lara"}}
{"timestamp":"2026-03-16T19:43:38.007Z","importId":3,"level":"WARN","message":"Linha 9815: Pontuação é 0 ou null","category":"PONTUACAO","context":{"rowNumber":9815,"points":0,"cnpj":"06990616000133","saleId":"3415398A","executiveName":"Ricardo Morais"}}
{"timestamp":"2026-03-16T19:43:38.009Z","importId":3,"level":"WARN","message":"Linha 9816: Pontuação é 0 ou null","category":"PONTUACAO","context":{"rowNumber":9816,"points":0,"cnpj":"55652800000189","saleId":"3414288A","executiveName":"Marlon Wander"}}
{"timestamp":"2026-03-16T19:43:38.011Z","importId":3,"level":"WARN","message":"Linha 9817: Pontuação é 0 ou null","category":"PONTUACAO","context":{"rowNumber":9817,"points":0,"cnpj":"13625296000188","saleId":"3415420A","executiveName":"Carlos Brito"}}
{"timestamp":"2026-03-16T19:43:38.012Z","importId":3,"level":"WARN","message":"Linha 9818: Pontuação é 0 ou null","category":"PONTUACAO","context":{"rowNumber":9818,"points":0,"cnpj":"57541948000171","saleId":"3415431A","executiveName":"William Silva"}}
{"timestamp":"2026-03-16T19:43:38.015Z","importId":3,"level":"WARN","message":"Linha 9819: Pontuação é 0 ou null","category":"PONTUACAO","context":{"rowNumber":9819,"points":0,"cnpj":"21860827000145","saleId":"3415493A","executiveName":"Ricardo Morais"}}
{"timestamp":"2026-03-16T19:43:38.017Z","importId":3,"level":"WARN","message":"Linha 9820: Pontuação é 0 ou null","category":"PONTUACAO","context":{"rowNumber":9820,"points":0,"cnpj":"21860827000145","saleId":"3415492A","executiveName":"Ricardo Morais"}}
{"timestamp":"2026-03-16T19:43:38.019Z","importId":3,"level":"WARN","message":"Linha 9821: Pontuação é 0 ou null","category":"PONTUACAO","context":{"rowNumber":9821,"points":0,"cnpj":"21860827000145","saleId":"3415491A","executiveName":"Ricardo Morais"}}
{"timestamp":"2026-03-16T19:43:38.021Z","importId":3,"level":"WARN","message":"Linha 9822: Pontuação é 0 ou null","category":"PONTUACAO","context":{"rowNumber":9822,"points":0,"cnpj":"21860827000145","saleId":"3415490A","executiveName":"Ricardo Morais"}}
{"timestamp":"2026-03-16T19:43:38.023Z","importId":3,"level":"WARN","message":"Linha 9823: Pontuação é 0 ou null","category":"PONTUACAO","context":{"rowNumber":9823,"points":0,"cnpj":"43398083000121","saleId":"3415479A","executiveName":"Karla Reis"}}
{"timestamp":"2026-03-16T19:43:38.025Z","importId":3,"level":"WARN","message":"Linha 9824: Pontuação é 0 ou null","category":"PONTUACAO","context":{"rowNumber":9824,"points":0,"cnpj":"43398083000121","saleId":"3415478A","executiveName":"Karla Reis"}}
{"timestamp":"2026-03-16T19:43:38.028Z","importId":3,"level":"WARN","message":"Linha 9825: Pontuação é 0 ou null","category":"PONTUACAO","context":{"rowNumber":9825,"points":0,"cnpj":"16860367000115","saleId":"3415473A","executiveName":"Andreza Lubatsch"}}
{"timestamp":"2026-03-16T19:43:38.030Z","importId":3,"level":"WARN","message":"Linha 9826: Pontuação é 0 ou null","category":"PONTUACAO","context":{"rowNumber":9826,"points":0,"cnpj":"20027725000180","saleId":"3415465A","executiveName":"Karla Reis"}}
{"timestamp":"2026-03-16T19:43:38.033Z","importId":3,"level":"WARN","message":"Linha 9827: Pontuação é 0 ou null","category":"PONTUACAO","context":{"rowNumber":9827,"points":0,"cnpj":"20027725000180","saleId":"3415464A","executiveName":"Karla Reis"}}
{"timestamp":"2026-03-16T19:43:38.035Z","importId":3,"level":"WARN","message":"Linha 9828: Pontuação é 0 ou null","category":"PONTUACAO","context":{"rowNumber":9828,"points":0,"cnpj":"32577645000188","saleId":"3415463A","executiveName":"Elza Lara"}}
{"timestamp":"2026-03-16T19:43:38.036Z","importId":3,"level":"WARN","message":"Linha 9829: Pontuação é 0 ou null","category":"PONTUACAO","context":{"rowNumber":9829,"points":0,"cnpj":"32577645000188","saleId":"3415462A","executiveName":"Elza Lara"}}
{"timestamp":"2026-03-16T19:43:38.040Z","importId":3,"level":"WARN","message":"Linha 9830: Pontuação é 0 ou null","category":"PONTUACAO","context":{"rowNumber":9830,"points":0,"cnpj":"13625296000188","saleId":"3415422A","executiveName":"Carlos Brito"}}
{"timestamp":"2026-03-16T19:43:38.042Z","importId":3,"level":"WARN","message":"Linha 9831: Pontuação é 0 ou null","category":"PONTUACAO","context":{"rowNumber":9831,"points":0,"cnpj":"39472827000133","saleId":"3415454A","executiveName":"Cristiano Dafre"}}
{"timestamp":"2026-03-16T19:43:38.044Z","importId":3,"level":"WARN","message":"Linha 9832: Pontuação é 0 ou null","category":"PONTUACAO","context":{"rowNumber":9832,"points":0,"cnpj":"30940737000155","saleId":"3415450A","executiveName":"Marlon Wander"}}
{"timestamp":"2026-03-16T19:43:38.047Z","importId":3,"level":"WARN","message":"Linha 9833: Pontuação é 0 ou null","category":"PONTUACAO","context":{"rowNumber":9833,"points":0,"cnpj":"23446445000103","saleId":"3415443A","executiveName":"Miguel Jenotti"}}
{"timestamp":"2026-03-16T19:43:38.048Z","importId":3,"level":"WARN","message":"Linha 9834: Pontuação é 0 ou null","category":"PONTUACAO","context":{"rowNumber":9834,"points":0,"cnpj":"23446445000103","saleId":"3415442A","executiveName":"Miguel Jenotti"}}
{"timestamp":"2026-03-16T19:43:38.053Z","importId":3,"level":"WARN","message":"Linha 9835: Pontuação é 0 ou null","category":"PONTUACAO","context":{"rowNumber":9835,"points":0,"cnpj":"83028811715","saleId":"3415441A","executiveName":"Elza Lara"}}
{"timestamp":"2026-03-16T19:43:38.056Z","importId":3,"level":"WARN","message":"Linha 9836: Pontuação é 0 ou null","category":"PONTUACAO","context":{"rowNumber":9836,"points":0,"cnpj":"83028811715","saleId":"3415440A","executiveName":"Elza Lara"}}
{"timestamp":"2026-03-16T19:43:38.058Z","importId":3,"level":"WARN","message":"Linha 9837: Pontuação é 0 ou null","category":"PONTUACAO","context":{"rowNumber":9837,"points":0,"cnpj":"83028811715","saleId":"3415439A","executiveName":"Elza Lara"}}
{"timestamp":"2026-03-16T19:43:38.062Z","importId":3,"level":"WARN","message":"Linha 9838: Pontuação é 0 ou null","category":"PONTUACAO","context":{"rowNumber":9838,"points":0,"cnpj":"83028811715","saleId":"3415438A","executiveName":"Elza Lara"}}
{"timestamp":"2026-03-16T19:43:38.064Z","importId":3,"level":"WARN","message":"Linha 9839: Pontuação é 0 ou null","category":"PONTUACAO","context":{"rowNumber":9839,"points":0,"cnpj":"53107595000145","saleId":"3415435A","executiveName":"Walter Junior"}}
{"timestamp":"2026-03-16T19:43:38.066Z","importId":3,"level":"WARN","message":"Linha 9840: Pontuação é 0 ou null","category":"PONTUACAO","context":{"rowNumber":9840,"points":0,"cnpj":"53107595000145","saleId":"3415434A","executiveName":"Walter Junior"}}
{"timestamp":"2026-03-16T19:43:38.067Z","importId":3,"level":"WARN","message":"Linha 9841: Pontuação é 0 ou null","category":"PONTUACAO","context":{"rowNumber":9841,"points":0,"cnpj":"11619894000119","saleId":"3415433A","executiveName":"Armando Soares"}}
{"timestamp":"2026-03-16T19:43:38.070Z","importId":3,"level":"WARN","message":"Linha 9842: Pontuação é 0 ou null","category":"PONTUACAO","context":{"rowNumber":9842,"points":0,"cnpj":"57541948000171","saleId":"3415432A","executiveName":"William Silva"}}
{"timestamp":"2026-03-16T19:43:38.072Z","importId":3,"level":"WARN","message":"Linha 9843: Pontuação é 0 ou null","category":"PONTUACAO","context":{"rowNumber":9843,"points":0,"cnpj":"30940737000155","saleId":"3415451A","executiveName":"Marlon Wander"}}
{"timestamp":"2026-03-16T19:43:38.074Z","importId":3,"level":"WARN","message":"Linha 9844: Pontuação é 0 ou null","category":"PONTUACAO","context":{"rowNumber":9844,"points":0,"cnpj":"21860827000145","saleId":"3415494A","executiveName":"Ricardo Morais"}}
{"timestamp":"2026-03-16T19:43:38.078Z","importId":3,"level":"WARN","message":"Linha 9845: Pontuação é 0 ou null","category":"PONTUACAO","context":{"rowNumber":9845,"points":0,"cnpj":"08281351000120","saleId":"3414287A","executiveName":"Miguel Jenotti"}}
{"timestamp":"2026-03-16T19:43:38.080Z","importId":3,"level":"WARN","message":"Linha 9846: Pontuação é 0 ou null","category":"PONTUACAO","context":{"rowNumber":9846,"points":0,"cnpj":"08281351000120","saleId":"3414285A","executiveName":"Miguel Jenotti"}}
{"timestamp":"2026-03-16T19:43:38.086Z","importId":3,"level":"WARN","message":"Linha 9849: Pontuação é 0 ou null","category":"PONTUACAO","context":{"rowNumber":9849,"points":0,"cnpj":"11820109000191","saleId":"3414253A","executiveName":"Soraya Romano"}}
{"timestamp":"2026-03-16T19:43:38.091Z","importId":3,"level":"WARN","message":"Linha 9853: Pontuação é 0 ou null","category":"PONTUACAO","context":{"rowNumber":9853,"points":0,"cnpj":"10443597000100","saleId":"3414249A","executiveName":"Elza Lara"}}
{"timestamp":"2026-03-16T19:43:38.093Z","importId":3,"level":"WARN","message":"Linha 9854: Pontuação é 0 ou null","category":"PONTUACAO","context":{"rowNumber":9854,"points":0,"cnpj":"10443597000100","saleId":"3414248A","executiveName":"Elza Lara"}}
{"timestamp":"2026-03-16T19:43:38.098Z","importId":3,"level":"WARN","message":"Linha 9856: Pontuação é 0 ou null","category":"PONTUACAO","context":{"rowNumber":9856,"points":0,"cnpj":"07540346000121","saleId":"3414245A","executiveName":"Ricardo Morais"}}
{"timestamp":"2026-03-16T19:43:38.106Z","importId":3,"level":"WARN","message":"Linha 9862: Pontuação é 0 ou null","category":"PONTUACAO","context":{"rowNumber":9862,"points":0,"cnpj":"57608093000159","saleId":"3414239A","executiveName":"Cristiano Dafre"}}
{"timestamp":"2026-03-16T19:43:38.130Z","importId":3,"level":"WARN","message":"Linha 9879: Pontuação é 0 ou null","category":"PONTUACAO","context":{"rowNumber":9879,"points":0,"cnpj":"75527804000142","saleId":"3414280A","executiveName":"Clarissa Cavalheiro"}}
{"timestamp":"2026-03-16T19:43:38.133Z","importId":3,"level":"WARN","message":"Linha 9880: Pontuação é 0 ou null","category":"PONTUACAO","context":{"rowNumber":9880,"points":0,"cnpj":"75527804000142","saleId":"3414279A","executiveName":"Clarissa Cavalheiro"}}
{"timestamp":"2026-03-16T19:43:38.142Z","importId":3,"level":"WARN","message":"Linha 9885: Pontuação é 0 ou null","category":"PONTUACAO","context":{"rowNumber":9885,"points":0,"cnpj":"45105652000129","saleId":"3414274A","executiveName":"Leonardo Ligabo"}}
{"timestamp":"2026-03-16T19:43:38.143Z","importId":3,"level":"WARN","message":"Linha 9886: Pontuação é 0 ou null","category":"PONTUACAO","context":{"rowNumber":9886,"points":0,"cnpj":"11820109000191","saleId":"3414258A","executiveName":"Soraya Romano"}}
{"timestamp":"2026-03-16T19:43:38.146Z","importId":3,"level":"WARN","message":"Linha 9888: Pontuação é 0 ou null","category":"PONTUACAO","context":{"rowNumber":9888,"points":0,"cnpj":"24839282000183","saleId":"3414270A","executiveName":"Karla Reis"}}
{"timestamp":"2026-03-16T19:43:38.150Z","importId":3,"level":"WARN","message":"Linha 9890: Pontuação é 0 ou null","category":"PONTUACAO","context":{"rowNumber":9890,"points":0,"cnpj":"27932042000117","saleId":"3414268A","executiveName":"William Silva"}}
{"timestamp":"2026-03-16T19:43:38.152Z","importId":3,"level":"WARN","message":"Linha 9891: Pontuação é 0 ou null","category":"PONTUACAO","context":{"rowNumber":9891,"points":0,"cnpj":"27932042000117","saleId":"3414267A","executiveName":"William Silva"}}
{"timestamp":"2026-03-16T19:43:38.153Z","importId":3,"level":"WARN","message":"Linha 9892: Pontuação é 0 ou null","category":"PONTUACAO","context":{"rowNumber":9892,"points":0,"cnpj":"27932042000117","saleId":"3414266A","executiveName":"William Silva"}}
{"timestamp":"2026-03-16T19:43:38.165Z","importId":3,"level":"WARN","message":"Linha 9901: Pontuação é 0 ou null","category":"PONTUACAO","context":{"rowNumber":9901,"points":0,"cnpj":"08808140000100","saleId":"3415508A","executiveName":"Leonardo Ligabo"}}
{"timestamp":"2026-03-16T19:43:38.173Z","importId":3,"level":"WARN","message":"Linha 9906: Pontuação é 0 ou null","category":"PONTUACAO","context":{"rowNumber":9906,"points":0,"cnpj":"15006080000160","saleId":"3419089A","executiveName":"Pasquale Neto"}}
{"timestamp":"2026-03-16T19:43:38.176Z","importId":3,"level":"WARN","message":"Linha 9907: Pontuação é 0 ou null","category":"PONTUACAO","context":{"rowNumber":9907,"points":0,"cnpj":"00141852000107","saleId":"3419088A","executiveName":"Pasquale Neto"}}
{"timestamp":"2026-03-16T19:43:38.187Z","importId":3,"level":"WARN","message":"Linha 9914: Pontuação é 0 ou null","category":"PONTUACAO","context":{"rowNumber":9914,"points":0,"cnpj":"06256161000127","saleId":"3421081A","executiveName":"Pasquale Neto"}}
{"timestamp":"2026-03-16T19:43:38.198Z","importId":3,"level":"WARN","message":"Linha 9922: Pontuação é 0 ou null","category":"PONTUACAO","context":{"rowNumber":9922,"points":0,"cnpj":"02660296000100","saleId":"3418186A","executiveName":"Kelly Furno"}}
{"timestamp":"2026-03-16T19:43:38.202Z","importId":3,"level":"WARN","message":"Linha 9923: Pontuação é 0 ou null","category":"PONTUACAO","context":{"rowNumber":9923,"points":0,"cnpj":"02116253000150","saleId":"3418166A","executiveName":"Elza Lara"}}
{"timestamp":"2026-03-16T19:43:38.206Z","importId":3,"level":"WARN","message":"Linha 9925: Pontuação é 0 ou null","category":"PONTUACAO","context":{"rowNumber":9925,"points":0,"cnpj":"02116253000150","saleId":"3418164A","executiveName":"Elza Lara"}}
{"timestamp":"2026-03-16T19:43:38.211Z","importId":3,"level":"WARN","message":"Linha 9928: Pontuação é 0 ou null","category":"PONTUACAO","context":{"rowNumber":9928,"points":0,"cnpj":"02116253000150","saleId":"3418161A","executiveName":"Elza Lara"}}
{"timestamp":"2026-03-16T19:43:38.217Z","importId":3,"level":"WARN","message":"Linha 9932: Pontuação é 0 ou null","category":"PONTUACAO","context":{"rowNumber":9932,"points":0,"cnpj":"07868518000190","saleId":"3427922A","executiveName":"Luana Fagundes"}}
{"timestamp":"2026-03-16T19:43:38.219Z","importId":3,"level":"WARN","message":"Linha 9933: Pontuação é 0 ou null","category":"PONTUACAO","context":{"rowNumber":9933,"points":0,"cnpj":"07868518000190","saleId":"3427921A","executiveName":"Luana Fagundes"}}
{"timestamp":"2026-03-16T19:43:38.220Z","importId":3,"level":"WARN","message":"Linha 9934: Pontuação é 0 ou null","category":"PONTUACAO","context":{"rowNumber":9934,"points":0,"cnpj":"01491692000180","saleId":"3427676A","executiveName":"Ricardo Morais"}}
{"timestamp":"2026-03-16T19:43:38.227Z","importId":3,"level":"WARN","message":"Linha 9937: Pontuação é 0 ou null","category":"PONTUACAO","context":{"rowNumber":9937,"points":0,"cnpj":"32734735000135","saleId":"3425920A","executiveName":"Cristiano Dafre"}}
{"timestamp":"2026-03-16T19:43:38.248Z","importId":3,"level":"WARN","message":"Linha 9953: Pontuação é 0 ou null","category":"PONTUACAO","context":{"rowNumber":9953,"points":0,"cnpj":"48186332000139","saleId":"3421813A","executiveName":"Ricardo Morais"}}
{"timestamp":"2026-03-16T19:43:38.253Z","importId":3,"level":"WARN","message":"Linha 9956: Pontuação é 0 ou null","category":"PONTUACAO","context":{"rowNumber":9956,"points":0,"cnpj":"08808140000100","saleId":"3415509A","executiveName":"Leonardo Ligabo"}}
{"timestamp":"2026-03-16T19:43:38.255Z","importId":3,"level":"WARN","message":"Linha 9957: Pontuação é 0 ou null","category":"PONTUACAO","context":{"rowNumber":9957,"points":0,"cnpj":"02116253000150","saleId":"3418160A","executiveName":"Elza Lara"}}
{"timestamp":"2026-03-16T19:43:38.267Z","importId":3,"level":"WARN","message":"Linha 9966: Pontuação é 0 ou null","category":"PONTUACAO","context":{"rowNumber":9966,"points":0,"cnpj":"11820109000191","saleId":"3415881A","executiveName":"Soraya Romano"}}
{"timestamp":"2026-03-16T19:43:38.269Z","importId":3,"level":"WARN","message":"Linha 9967: Pontuação é 0 ou null","category":"PONTUACAO","context":{"rowNumber":9967,"points":0,"cnpj":"11820109000191","saleId":"3415880A","executiveName":"Soraya Romano"}}
{"timestamp":"2026-03-16T19:43:38.271Z","importId":3,"level":"WARN","message":"Linha 9968: Pontuação é 0 ou null","category":"PONTUACAO","context":{"rowNumber":9968,"points":0,"cnpj":"11820109000191","saleId":"3415879A","executiveName":"Soraya Romano"}}
{"timestamp":"2026-03-16T19:43:38.273Z","importId":3,"level":"WARN","message":"Linha 9969: Pontuação é 0 ou null","category":"PONTUACAO","context":{"rowNumber":9969,"points":0,"cnpj":"11820109000191","saleId":"3415878A","executiveName":"Soraya Romano"}}
{"timestamp":"2026-03-16T19:43:38.275Z","importId":3,"level":"WARN","message":"Linha 9971: Pontuação é 0 ou null","category":"PONTUACAO","context":{"rowNumber":9971,"points":0,"cnpj":"11820109000191","saleId":"3415877A","executiveName":"Soraya Romano"}}
{"timestamp":"2026-03-16T19:43:38.277Z","importId":3,"level":"WARN","message":"Linha 9972: Pontuação é 0 ou null","category":"PONTUACAO","context":{"rowNumber":9972,"points":0,"cnpj":"20027725000180","saleId":"3415857A","executiveName":"Karla Reis"}}
{"timestamp":"2026-03-16T19:43:38.279Z","importId":3,"level":"WARN","message":"Linha 9973: Pontuação é 0 ou null","category":"PONTUACAO","context":{"rowNumber":9973,"points":0,"cnpj":"28550155000110","saleId":"3415854A","executiveName":"Karla Reis"}}
{"timestamp":"2026-03-16T19:43:38.281Z","importId":3,"level":"WARN","message":"Linha 9974: Pontuação é 0 ou null","category":"PONTUACAO","context":{"rowNumber":9974,"points":0,"cnpj":"28550155000110","saleId":"3415853A","executiveName":"Karla Reis"}}
{"timestamp":"2026-03-16T19:43:38.283Z","importId":3,"level":"WARN","message":"Linha 9975: Pontuação é 0 ou null","category":"PONTUACAO","context":{"rowNumber":9975,"points":0,"cnpj":"28550155000110","saleId":"3415852A","executiveName":"Karla Reis"}}
{"timestamp":"2026-03-16T19:43:38.285Z","importId":3,"level":"WARN","message":"Linha 9976: Pontuação é 0 ou null","category":"PONTUACAO","context":{"rowNumber":9976,"points":0,"cnpj":"04987672000193","saleId":"3415834A","executiveName":"Andrea Cordovil"}}
{"timestamp":"2026-03-16T19:43:38.292Z","importId":3,"level":"WARN","message":"Linha 9980: Pontuação é 0 ou null","category":"PONTUACAO","context":{"rowNumber":9980,"points":0,"cnpj":"59316984000167","saleId":"3415818A","executiveName":"Marlon Wander"}}
{"timestamp":"2026-03-16T19:43:38.293Z","importId":3,"level":"WARN","message":"Linha 9981: Pontuação é 0 ou null","category":"PONTUACAO","context":{"rowNumber":9981,"points":0,"cnpj":"03208191000170","saleId":"3415737A","executiveName":"Elza Lara"}}
{"timestamp":"2026-03-16T19:43:38.295Z","importId":3,"level":"WARN","message":"Linha 9982: Pontuação é 0 ou null","category":"PONTUACAO","context":{"rowNumber":9982,"points":0,"cnpj":"32734735000135","saleId":"3415731A","executiveName":"Cristiano Dafre"}}
{"timestamp":"2026-03-16T19:43:38.298Z","importId":3,"level":"WARN","message":"Linha 9983: Pontuação é 0 ou null","category":"PONTUACAO","context":{"rowNumber":9983,"points":0,"cnpj":"11820109000191","saleId":"3415872A","executiveName":"Soraya Romano"}}
{"timestamp":"2026-03-16T19:43:38.299Z","importId":3,"level":"WARN","message":"Linha 9984: Pontuação é 0 ou null","category":"PONTUACAO","context":{"rowNumber":9984,"points":0,"cnpj":"34097119000146","saleId":"3418140A","executiveName":"Andrea Cordovil"}}
{"timestamp":"2026-03-16T19:43:38.307Z","importId":3,"level":"WARN","message":"Linha 9988: Pontuação é 0 ou null","category":"PONTUACAO","context":{"rowNumber":9988,"points":0,"cnpj":"03627804000103","saleId":"3416174A","executiveName":"Elzo Nogueira"}}
{"timestamp":"2026-03-16T19:43:38.308Z","importId":3,"level":"WARN","message":"Linha 9989: Pontuação é 0 ou null","category":"PONTUACAO","context":{"rowNumber":9989,"points":0,"cnpj":"64787883000104","saleId":"3416173A","executiveName":"Andrea Cordovil"}}
{"timestamp":"2026-03-16T19:43:38.310Z","importId":3,"level":"WARN","message":"Linha 9990: Pontuação é 0 ou null","category":"PONTUACAO","context":{"rowNumber":9990,"points":0,"cnpj":"64787883000104","saleId":"3416172A","executiveName":"Andrea Cordovil"}}
{"timestamp":"2026-03-16T19:43:38.312Z","importId":3,"level":"WARN","message":"Linha 9991: Pontuação é 0 ou null","category":"PONTUACAO","context":{"rowNumber":9991,"points":0,"cnpj":"24869123000121","saleId":"3416171A","executiveName":"Elza Lara"}}
{"timestamp":"2026-03-16T19:43:38.314Z","importId":3,"level":"WARN","message":"Linha 9992: Pontuação é 0 ou null","category":"PONTUACAO","context":{"rowNumber":9992,"points":0,"cnpj":"30607677000153","saleId":"3416169A","executiveName":"Rafaela Soares"}}
{"timestamp":"2026-03-16T19:43:38.315Z","importId":3,"level":"WARN","message":"Linha 9993: Pontuação é 0 ou null","category":"PONTUACAO","context":{"rowNumber":9993,"points":0,"cnpj":"30607677000153","saleId":"3416166A","executiveName":"Rafaela Soares"}}
{"timestamp":"2026-03-16T19:43:38.318Z","importId":3,"level":"WARN","message":"Linha 9994: Pontuação é 0 ou null","category":"PONTUACAO","context":{"rowNumber":9994,"points":0,"cnpj":"43398083000121","saleId":"3416148A","executiveName":"Karla Reis"}}
{"timestamp":"2026-03-16T19:43:38.320Z","importId":3,"level":"WARN","message":"Linha 9995: Pontuação é 0 ou null","category":"PONTUACAO","context":{"rowNumber":9995,"points":0,"cnpj":"36417780000117","saleId":"3416026A","executiveName":"Kelly Furno"}}
{"timestamp":"2026-03-16T19:43:38.322Z","importId":3,"level":"WARN","message":"Linha 9996: Pontuação é 0 ou null","category":"PONTUACAO","context":{"rowNumber":9996,"points":0,"cnpj":"36417780000117","saleId":"3416015A","executiveName":"Kelly Furno"}}
{"timestamp":"2026-03-16T19:43:38.324Z","importId":3,"level":"WARN","message":"Linha 9997: Pontuação é 0 ou null","category":"PONTUACAO","context":{"rowNumber":9997,"points":0,"cnpj":"36417780000117","saleId":"3416013A","executiveName":"Kelly Furno"}}
{"timestamp":"2026-03-16T19:43:38.655Z","importId":3,"level":"WARN","message":"Linha 10255: Pontuação é 0 ou null","category":"PONTUACAO","context":{"rowNumber":10255,"points":0,"cnpj":"53107595000145","saleId":"3412180A","executiveName":"Walter Junior"}}
{"timestamp":"2026-03-16T19:43:38.658Z","importId":3,"level":"WARN","message":"Linha 10256: Pontuação é 0 ou null","category":"PONTUACAO","context":{"rowNumber":10256,"points":0,"cnpj":"53107595000145","saleId":"3412179A","executiveName":"Walter Junior"}}
{"timestamp":"2026-03-16T19:43:38.672Z","importId":3,"level":"WARN","message":"Linha 10266: Pontuação é 0 ou null","category":"PONTUACAO","context":{"rowNumber":10266,"points":0,"cnpj":"01335651000103","saleId":"3412204A","executiveName":"Elza Lara"}}
{"timestamp":"2026-03-16T19:43:38.751Z","importId":3,"level":"WARN","message":"Linha 10327: Pontuação é 0 ou null","category":"PONTUACAO","context":{"rowNumber":10327,"points":0,"cnpj":"20536275000151","saleId":"3412152A","executiveName":"Elza Lara"}}
{"timestamp":"2026-03-16T19:43:38.752Z","importId":3,"level":"WARN","message":"Linha 10328: Pontuação é 0 ou null","category":"PONTUACAO","context":{"rowNumber":10328,"points":0,"cnpj":"58451394001075","saleId":"3412151A","executiveName":"Sem Promotor"}}
{"timestamp":"2026-03-16T19:43:38.755Z","importId":3,"level":"WARN","message":"Linha 10329: Pontuação é 0 ou null","category":"PONTUACAO","context":{"rowNumber":10329,"points":0,"cnpj":"58451394001075","saleId":"3412150A","executiveName":"Sem Promotor"}}
{"timestamp":"2026-03-16T19:43:38.757Z","importId":3,"level":"WARN","message":"Linha 10330: Pontuação é 0 ou null","category":"PONTUACAO","context":{"rowNumber":10330,"points":0,"cnpj":"25317409000167","saleId":"3412149A","executiveName":"Luana Fagundes"}}
{"timestamp":"2026-03-16T19:43:38.794Z","importId":3,"level":"WARN","message":"Linha 10357: Pontuação é 0 ou null","category":"PONTUACAO","context":{"rowNumber":10357,"points":0,"cnpj":"00003058000199","saleId":"3412366A","executiveName":"Pasquale Neto"}}
{"timestamp":"2026-03-16T19:43:38.796Z","importId":3,"level":"WARN","message":"Linha 10358: Pontuação é 0 ou null","category":"PONTUACAO","context":{"rowNumber":10358,"points":0,"cnpj":"00003058000199","saleId":"3412365A","executiveName":"Pasquale Neto"}}
{"timestamp":"2026-03-16T19:43:38.836Z","importId":3,"level":"WARN","message":"Linha 10390: Pontuação é 0 ou null","category":"PONTUACAO","context":{"rowNumber":10390,"points":0,"cnpj":"21860827000145","saleId":"3412380A","executiveName":"Ricardo Morais"}}
{"timestamp":"2026-03-16T19:43:38.851Z","importId":3,"level":"WARN","message":"Linha 10400: Pontuação é 0 ou null","category":"PONTUACAO","context":{"rowNumber":10400,"points":0,"cnpj":"00003058000199","saleId":"3412384A","executiveName":"Pasquale Neto"}}
{"timestamp":"2026-03-16T19:43:38.853Z","importId":3,"level":"WARN","message":"Linha 10401: Pontuação é 0 ou null","category":"PONTUACAO","context":{"rowNumber":10401,"points":0,"cnpj":"21860827000145","saleId":"3412383A","executiveName":"Ricardo Morais"}}
{"timestamp":"2026-03-16T19:43:38.862Z","importId":3,"level":"WARN","message":"Linha 10407: Pontuação é 0 ou null","category":"PONTUACAO","context":{"rowNumber":10407,"points":0,"cnpj":"26203213000104","saleId":"3412300A","executiveName":"Roberto Garbin"}}
{"timestamp":"2026-03-16T19:43:38.864Z","importId":3,"level":"WARN","message":"Linha 10408: Pontuação é 0 ou null","category":"PONTUACAO","context":{"rowNumber":10408,"points":0,"cnpj":"26203213000104","saleId":"3412299A","executiveName":"Roberto Garbin"}}
{"timestamp":"2026-03-16T19:43:38.868Z","importId":3,"level":"WARN","message":"Linha 10409: Pontuação é 0 ou null","category":"PONTUACAO","context":{"rowNumber":10409,"points":0,"cnpj":"26203213000104","saleId":"3412298A","executiveName":"Roberto Garbin"}}
{"timestamp":"2026-03-16T19:43:38.869Z","importId":3,"level":"WARN","message":"Linha 10410: Pontuação é 0 ou null","category":"PONTUACAO","context":{"rowNumber":10410,"points":0,"cnpj":"26203213000104","saleId":"3412297A","executiveName":"Roberto Garbin"}}
{"timestamp":"2026-03-16T19:43:38.871Z","importId":3,"level":"WARN","message":"Linha 10411: Pontuação é 0 ou null","category":"PONTUACAO","context":{"rowNumber":10411,"points":0,"cnpj":"26203213000104","saleId":"3412296A","executiveName":"Roberto Garbin"}}
{"timestamp":"2026-03-16T19:43:38.873Z","importId":3,"level":"WARN","message":"Linha 10412: Pontuação é 0 ou null","category":"PONTUACAO","context":{"rowNumber":10412,"points":0,"cnpj":"26203213000104","saleId":"3412295A","executiveName":"Roberto Garbin"}}
{"timestamp":"2026-03-16T19:43:38.876Z","importId":3,"level":"WARN","message":"Linha 10413: Pontuação é 0 ou null","category":"PONTUACAO","context":{"rowNumber":10413,"points":0,"cnpj":"04033961000153","saleId":"3412294A","executiveName":"Elza Lara"}}
{"timestamp":"2026-03-16T19:43:38.882Z","importId":3,"level":"WARN","message":"Linha 10416: Pontuação é 0 ou null","category":"PONTUACAO","context":{"rowNumber":10416,"points":0,"cnpj":"20929210000176","saleId":"3412291A","executiveName":"Gabriela Carvalho"}}
{"timestamp":"2026-03-16T19:43:38.885Z","importId":3,"level":"WARN","message":"Linha 10418: Pontuação é 0 ou null","category":"PONTUACAO","context":{"rowNumber":10418,"points":0,"cnpj":"20536275000151","saleId":"3412301A","executiveName":"Elza Lara"}}
{"timestamp":"2026-03-16T19:43:38.904Z","importId":3,"level":"WARN","message":"Linha 10433: Pontuação é 0 ou null","category":"PONTUACAO","context":{"rowNumber":10433,"points":0,"cnpj":"29215726000123","saleId":"3412302A","executiveName":"Ricardo Morais"}}
{"timestamp":"2026-03-16T19:43:38.917Z","importId":3,"level":"WARN","message":"Linha 10442: Pontuação é 0 ou null","category":"PONTUACAO","context":{"rowNumber":10442,"points":0,"cnpj":"21432799000165","saleId":"3412333A","executiveName":"Andreza Lubatsch"}}
{"timestamp":"2026-03-16T19:43:38.927Z","importId":3,"level":"WARN","message":"Linha 10448: Pontuação é 0 ou null","category":"PONTUACAO","context":{"rowNumber":10448,"points":0,"cnpj":"16849620000130","saleId":"3412315A","executiveName":"Rafaela Soares"}}
{"timestamp":"2026-03-16T19:43:38.929Z","importId":3,"level":"WARN","message":"Linha 10449: Pontuação é 0 ou null","category":"PONTUACAO","context":{"rowNumber":10449,"points":0,"cnpj":"16849620000130","saleId":"3412314A","executiveName":"Rafaela Soares"}}
{"timestamp":"2026-03-16T19:43:38.931Z","importId":3,"level":"WARN","message":"Linha 10451: Pontuação é 0 ou null","category":"PONTUACAO","context":{"rowNumber":10451,"points":0,"cnpj":"16849620000130","saleId":"3412312A","executiveName":"Rafaela Soares"}}
{"timestamp":"2026-03-16T19:43:38.934Z","importId":3,"level":"WARN","message":"Linha 10452: Pontuação é 0 ou null","category":"PONTUACAO","context":{"rowNumber":10452,"points":0,"cnpj":"16849620000130","saleId":"3412311A","executiveName":"Rafaela Soares"}}
{"timestamp":"2026-03-16T19:43:38.949Z","importId":3,"level":"WARN","message":"Linha 10463: Pontuação é 0 ou null","category":"PONTUACAO","context":{"rowNumber":10463,"points":0,"cnpj":"67565887000136","saleId":"3411805A","executiveName":"Pasquale Neto"}}
{"timestamp":"2026-03-16T19:43:39.029Z","importId":3,"level":"WARN","message":"Linha 10520: Pontuação é 0 ou null","category":"PONTUACAO","context":{"rowNumber":10520,"points":0,"cnpj":"12100779000104","saleId":"3411664A","executiveName":"Carlos Brito"}}
{"timestamp":"2026-03-16T19:43:39.033Z","importId":3,"level":"WARN","message":"Linha 10522: Pontuação é 0 ou null","category":"PONTUACAO","context":{"rowNumber":10522,"points":0,"cnpj":"21211391000163","saleId":"3411651A","executiveName":"Maira Vallim"}}
{"timestamp":"2026-03-16T19:43:39.047Z","importId":3,"level":"WARN","message":"Linha 10532: Pontuação é 0 ou null","category":"PONTUACAO","context":{"rowNumber":10532,"points":0,"cnpj":"03085219000129","saleId":"3411571A","executiveName":"Carlos Brito"}}
{"timestamp":"2026-03-16T19:43:39.390Z","importId":3,"level":"WARN","message":"Linha 10799: Pontuação é 0 ou null","category":"PONTUACAO","context":{"rowNumber":10799,"points":0,"cnpj":"10477006000108","saleId":"3413134A","executiveName":"Karla Reis"}}
{"timestamp":"2026-03-16T19:43:39.394Z","importId":3,"level":"WARN","message":"Linha 10800: Pontuação é 0 ou null","category":"PONTUACAO","context":{"rowNumber":10800,"points":0,"cnpj":"23157294000165","saleId":"3413133A","executiveName":"Ricardo Morais"}}
{"timestamp":"2026-03-16T19:43:39.399Z","importId":3,"level":"WARN","message":"Linha 10804: Pontuação é 0 ou null","category":"PONTUACAO","context":{"rowNumber":10804,"points":0,"cnpj":"10745956000176","saleId":"3413129A","executiveName":"Elza Lara"}}
{"timestamp":"2026-03-16T19:43:39.403Z","importId":3,"level":"WARN","message":"Linha 10805: Pontuação é 0 ou null","category":"PONTUACAO","context":{"rowNumber":10805,"points":0,"cnpj":"24117034000129","saleId":"3413128A","executiveName":"Miguel Jenotti"}}
{"timestamp":"2026-03-16T19:43:39.405Z","importId":3,"level":"WARN","message":"Linha 10806: Pontuação é 0 ou null","category":"PONTUACAO","context":{"rowNumber":10806,"points":0,"cnpj":"24117034000129","saleId":"3413127A","executiveName":"Miguel Jenotti"}}
{"timestamp":"2026-03-16T19:43:39.409Z","importId":3,"level":"WARN","message":"Linha 10809: Pontuação é 0 ou null","category":"PONTUACAO","context":{"rowNumber":10809,"points":0,"cnpj":"21316386000115","saleId":"3413124A","executiveName":"Cristiano Dafre"}}
{"timestamp":"2026-03-16T19:43:39.414Z","importId":3,"level":"WARN","message":"Linha 10812: Pontuação é 0 ou null","category":"PONTUACAO","context":{"rowNumber":10812,"points":0,"cnpj":"15875000000102","saleId":"3413121A","executiveName":"Elza Lara"}}
{"timestamp":"2026-03-16T19:43:39.417Z","importId":3,"level":"WARN","message":"Linha 10814: Pontuação é 0 ou null","category":"PONTUACAO","context":{"rowNumber":10814,"points":0,"cnpj":"59468322000102","saleId":"3413119A","executiveName":"Carlos Brito"}}
{"timestamp":"2026-03-16T19:43:39.420Z","importId":3,"level":"WARN","message":"Linha 10815: Pontuação é 0 ou null","category":"PONTUACAO","context":{"rowNumber":10815,"points":0,"cnpj":"59468322000102","saleId":"3413118A","executiveName":"Carlos Brito"}}
{"timestamp":"2026-03-16T19:43:39.421Z","importId":3,"level":"WARN","message":"Linha 10816: Pontuação é 0 ou null","category":"PONTUACAO","context":{"rowNumber":10816,"points":0,"cnpj":"59468322000102","saleId":"3413117A","executiveName":"Carlos Brito"}}
{"timestamp":"2026-03-16T19:43:39.424Z","importId":3,"level":"WARN","message":"Linha 10817: Pontuação é 0 ou null","category":"PONTUACAO","context":{"rowNumber":10817,"points":0,"cnpj":"59468322000102","saleId":"3413116A","executiveName":"Carlos Brito"}}
{"timestamp":"2026-03-16T19:43:39.440Z","importId":3,"level":"WARN","message":"Linha 10828: Pontuação é 0 ou null","category":"PONTUACAO","context":{"rowNumber":10828,"points":0,"cnpj":"21860827000145","saleId":"3413164A","executiveName":"Ricardo Morais"}}
{"timestamp":"2026-03-16T19:43:39.452Z","importId":3,"level":"WARN","message":"Linha 10835: Pontuação é 0 ou null","category":"PONTUACAO","context":{"rowNumber":10835,"points":0,"cnpj":"33104371000172","saleId":"3413157A","executiveName":"Luana Fagundes"}}
{"timestamp":"2026-03-16T19:43:39.459Z","importId":3,"level":"WARN","message":"Linha 10841: Pontuação é 0 ou null","category":"PONTUACAO","context":{"rowNumber":10841,"points":0,"cnpj":"55378004000108","saleId":"3413151A","executiveName":"Maira Vallim"}}
{"timestamp":"2026-03-16T19:43:39.460Z","importId":3,"level":"WARN","message":"Linha 10842: Pontuação é 0 ou null","category":"PONTUACAO","context":{"rowNumber":10842,"points":0,"cnpj":"06301781000130","saleId":"3413150A","executiveName":"Armando Soares"}}
{"timestamp":"2026-03-16T19:43:39.462Z","importId":3,"level":"WARN","message":"Linha 10843: Pontuação é 0 ou null","category":"PONTUACAO","context":{"rowNumber":10843,"points":0,"cnpj":"06301781000130","saleId":"3413149A","executiveName":"Armando Soares"}}
{"timestamp":"2026-03-16T19:43:39.468Z","importId":3,"level":"WARN","message":"Linha 10846: Pontuação é 0 ou null","category":"PONTUACAO","context":{"rowNumber":10846,"points":0,"cnpj":"03677175000126","saleId":"3413146A","executiveName":"Rafaela Soares"}}
{"timestamp":"2026-03-16T19:43:39.471Z","importId":3,"level":"WARN","message":"Linha 10847: Pontuação é 0 ou null","category":"PONTUACAO","context":{"rowNumber":10847,"points":0,"cnpj":"01004367000146","saleId":"3413144A","executiveName":"Marlon Wander"}}
{"timestamp":"2026-03-16T19:43:40.256Z","importId":3,"level":"WARN","message":"Linha 11445: Pontuação é 0 ou null","category":"PONTUACAO","context":{"rowNumber":11445,"points":0,"cnpj":"49267804000140","saleId":"3427594A","executiveName":"Ricardo Morais"}}
{"timestamp":"2026-03-16T19:43:40.262Z","importId":3,"level":"WARN","message":"Linha 11449: Pontuação é 0 ou null","category":"PONTUACAO","context":{"rowNumber":11449,"points":0,"cnpj":"51956360000100","saleId":"3421863A","executiveName":"Ricardo Morais"}}
{"timestamp":"2026-03-16T19:43:40.265Z","importId":3,"level":"WARN","message":"Linha 11450: Pontuação é 0 ou null","category":"PONTUACAO","context":{"rowNumber":11450,"points":0,"cnpj":"02884465000188","saleId":"3415386A","executiveName":"Pasquale Neto"}}
{"timestamp":"2026-03-16T19:43:40.280Z","importId":3,"level":"WARN","message":"Linha 11462: Pontuação é 0 ou null","category":"PONTUACAO","context":{"rowNumber":11462,"points":0,"cnpj":"30607677000153","saleId":"3415447A","executiveName":"Rafaela Soares"}}
{"timestamp":"2026-03-16T19:43:40.300Z","importId":3,"level":"WARN","message":"Linha 11477: Pontuação é 0 ou null","category":"PONTUACAO","context":{"rowNumber":11477,"points":0,"cnpj":"57007508000139","saleId":"3415517A","executiveName":"Elza Lara"}}
{"timestamp":"2026-03-16T19:43:40.302Z","importId":3,"level":"WARN","message":"Linha 11478: Pontuação é 0 ou null","category":"PONTUACAO","context":{"rowNumber":11478,"points":0,"cnpj":"31674892000130","saleId":"3415732A","executiveName":"Miguel Jenotti"}}
{"timestamp":"2026-03-16T19:43:40.306Z","importId":3,"level":"WARN","message":"Linha 11480: Pontuação é 0 ou null","category":"PONTUACAO","context":{"rowNumber":11480,"points":0,"cnpj":"51956360000100","saleId":"3421862A","executiveName":"Ricardo Morais"}}
{"timestamp":"2026-03-16T19:43:40.308Z","importId":3,"level":"WARN","message":"Linha 11481: Pontuação é 0 ou null","category":"PONTUACAO","context":{"rowNumber":11481,"points":0,"cnpj":"51956360000100","saleId":"3421830A","executiveName":"Ricardo Morais"}}
{"timestamp":"2026-03-16T19:43:40.310Z","importId":3,"level":"WARN","message":"Linha 11482: Pontuação é 0 ou null","category":"PONTUACAO","context":{"rowNumber":11482,"points":0,"cnpj":"51956360000100","saleId":"3421829A","executiveName":"Ricardo Morais"}}
{"timestamp":"2026-03-16T19:43:40.313Z","importId":3,"level":"WARN","message":"Linha 11483: Pontuação é 0 ou null","category":"PONTUACAO","context":{"rowNumber":11483,"points":0,"cnpj":"49267804000140","saleId":"3421814A","executiveName":"Ricardo Morais"}}
{"timestamp":"2026-03-16T19:43:40.318Z","importId":3,"level":"WARN","message":"Linha 11486: Pontuação é 0 ou null","category":"PONTUACAO","context":{"rowNumber":11486,"points":0,"cnpj":"20945347000114","saleId":"3416245A","executiveName":"Karla Reis"}}
{"timestamp":"2026-03-16T19:43:40.320Z","importId":3,"level":"WARN","message":"Linha 11487: Pontuação é 0 ou null","category":"PONTUACAO","context":{"rowNumber":11487,"points":0,"cnpj":"57954299000130","saleId":"3416244A","executiveName":"Ricardo Bueno"}}
{"timestamp":"2026-03-16T19:43:40.323Z","importId":3,"level":"WARN","message":"Linha 11488: Pontuação é 0 ou null","category":"PONTUACAO","context":{"rowNumber":11488,"points":0,"cnpj":"57954299000130","saleId":"3416243A","executiveName":"Ricardo Bueno"}}
{"timestamp":"2026-03-16T19:43:40.325Z","importId":3,"level":"WARN","message":"Linha 11489: Pontuação é 0 ou null","category":"PONTUACAO","context":{"rowNumber":11489,"points":0,"cnpj":"18587179000190","saleId":"3416163A","executiveName":"Gabriela Carvalho"}}
{"timestamp":"2026-03-16T19:43:40.327Z","importId":3,"level":"WARN","message":"Linha 11490: Pontuação é 0 ou null","category":"PONTUACAO","context":{"rowNumber":11490,"points":0,"cnpj":"03627804000103","saleId":"3416161A","executiveName":"Elzo Nogueira"}}
{"timestamp":"2026-03-16T19:43:40.329Z","importId":3,"level":"WARN","message":"Linha 11491: Pontuação é 0 ou null","category":"PONTUACAO","context":{"rowNumber":11491,"points":0,"cnpj":"03627804000103","saleId":"3416150A","executiveName":"Elzo Nogueira"}}
{"timestamp":"2026-03-16T19:43:40.331Z","importId":3,"level":"WARN","message":"Linha 11492: Pontuação é 0 ou null","category":"PONTUACAO","context":{"rowNumber":11492,"points":0,"cnpj":"10880027000170","saleId":"3415959A","executiveName":"Ricardo Morais"}}
{"timestamp":"2026-03-16T19:43:40.339Z","importId":3,"level":"WARN","message":"Linha 11496: Pontuação é 0 ou null","category":"PONTUACAO","context":{"rowNumber":11496,"points":0,"cnpj":"20536275000151","saleId":"3415849A","executiveName":"Elza Lara"}}
{"timestamp":"2026-03-16T19:43:40.340Z","importId":3,"level":"WARN","message":"Linha 11497: Pontuação é 0 ou null","category":"PONTUACAO","context":{"rowNumber":11497,"points":0,"cnpj":"20536275000151","saleId":"3415848A","executiveName":"Elza Lara"}}
{"timestamp":"2026-03-16T19:43:40.343Z","importId":3,"level":"WARN","message":"Linha 11499: Pontuação é 0 ou null","category":"PONTUACAO","context":{"rowNumber":11499,"points":0,"cnpj":"20606282000182","saleId":"3415844A","executiveName":"Armando Soares"}}
{"timestamp":"2026-03-16T19:43:40.345Z","importId":3,"level":"WARN","message":"Linha 11500: Pontuação é 0 ou null","category":"PONTUACAO","context":{"rowNumber":11500,"points":0,"cnpj":"20606282000182","saleId":"3415843A","executiveName":"Armando Soares"}}
{"timestamp":"2026-03-16T19:43:40.348Z","importId":3,"level":"WARN","message":"Linha 11501: Pontuação é 0 ou null","category":"PONTUACAO","context":{"rowNumber":11501,"points":0,"cnpj":"20606282000182","saleId":"3415842A","executiveName":"Armando Soares"}}
{"timestamp":"2026-03-16T19:43:40.350Z","importId":3,"level":"WARN","message":"Linha 11502: Pontuação é 0 ou null","category":"PONTUACAO","context":{"rowNumber":11502,"points":0,"cnpj":"20606282000182","saleId":"3415841A","executiveName":"Armando Soares"}}
{"timestamp":"2026-03-16T19:43:40.353Z","importId":3,"level":"WARN","message":"Linha 11503: Pontuação é 0 ou null","category":"PONTUACAO","context":{"rowNumber":11503,"points":0,"cnpj":"20606282000182","saleId":"3415840A","executiveName":"Armando Soares"}}
{"timestamp":"2026-03-16T19:43:40.356Z","importId":3,"level":"WARN","message":"Linha 11504: Pontuação é 0 ou null","category":"PONTUACAO","context":{"rowNumber":11504,"points":0,"cnpj":"20606282000182","saleId":"3415839A","executiveName":"Armando Soares"}}
{"timestamp":"2026-03-16T19:43:40.359Z","importId":3,"level":"WARN","message":"Linha 11505: Pontuação é 0 ou null","category":"PONTUACAO","context":{"rowNumber":11505,"points":0,"cnpj":"20606282000182","saleId":"3415838A","executiveName":"Armando Soares"}}
{"timestamp":"2026-03-16T19:43:40.365Z","importId":3,"level":"WARN","message":"Linha 11509: Pontuação é 0 ou null","category":"PONTUACAO","context":{"rowNumber":11509,"points":0,"cnpj":"18587179000190","saleId":"3416165A","executiveName":"Gabriela Carvalho"}}
{"timestamp":"2026-03-16T19:43:40.370Z","importId":3,"level":"WARN","message":"Linha 11512: Pontuação é 0 ou null","category":"PONTUACAO","context":{"rowNumber":11512,"points":0,"cnpj":"03683159000146","saleId":"3414381A","executiveName":"Rafaela Soares"}}
{"timestamp":"2026-03-16T19:43:40.372Z","importId":3,"level":"WARN","message":"Linha 11513: Pontuação é 0 ou null","category":"PONTUACAO","context":{"rowNumber":11513,"points":0,"cnpj":"10880027000170","saleId":"3414380A","executiveName":"Ricardo Morais"}}
{"timestamp":"2026-03-16T19:43:40.406Z","importId":3,"level":"WARN","message":"Linha 11535: Pontuação é 0 ou null","category":"PONTUACAO","context":{"rowNumber":11535,"points":0,"cnpj":"61360615000113","saleId":"3414329A","executiveName":"Carlos Brito"}}
{"timestamp":"2026-03-16T19:43:40.408Z","importId":3,"level":"WARN","message":"Linha 11536: Pontuação é 0 ou null","category":"PONTUACAO","context":{"rowNumber":11536,"points":0,"cnpj":"20779646000126","saleId":"3414325A","executiveName":"William Silva"}}
{"timestamp":"2026-03-16T19:43:40.411Z","importId":3,"level":"WARN","message":"Linha 11538: Pontuação é 0 ou null","category":"PONTUACAO","context":{"rowNumber":11538,"points":0,"cnpj":"03627804000103","saleId":"3414324A","executiveName":"Elzo Nogueira"}}
{"timestamp":"2026-03-16T19:43:40.421Z","importId":3,"level":"WARN","message":"Linha 11545: Pontuação é 0 ou null","category":"PONTUACAO","context":{"rowNumber":11545,"points":0,"cnpj":"24907191000138","saleId":"3414433A","executiveName":"Marlon Wander"}}
{"timestamp":"2026-03-16T19:43:40.805Z","importId":3,"level":"WARN","message":"Linha 11825: Pontuação é 0 ou null","category":"PONTUACAO","context":{"rowNumber":11825,"points":0,"cnpj":"04057079000148","saleId":"3416143A","executiveName":"William Silva"}}
{"timestamp":"2026-03-16T19:43:40.807Z","importId":3,"level":"WARN","message":"Linha 11826: Pontuação é 0 ou null","category":"PONTUACAO","context":{"rowNumber":11826,"points":0,"cnpj":"04057079000148","saleId":"3416144A","executiveName":"William Silva"}}
{"timestamp":"2026-03-16T19:43:40.809Z","importId":3,"level":"WARN","message":"Linha 11827: Pontuação é 0 ou null","category":"PONTUACAO","context":{"rowNumber":11827,"points":0,"cnpj":"67565887000136","saleId":"3416145A","executiveName":"Pasquale Neto"}}
{"timestamp":"2026-03-16T19:43:40.812Z","importId":3,"level":"WARN","message":"Linha 11828: Pontuação é 0 ou null","category":"PONTUACAO","context":{"rowNumber":11828,"points":0,"cnpj":"67565887000136","saleId":"3416147A","executiveName":"Pasquale Neto"}}
{"timestamp":"2026-03-16T19:43:40.817Z","importId":3,"level":"WARN","message":"Linha 11831: Pontuação é 0 ou null","category":"PONTUACAO","context":{"rowNumber":11831,"points":0,"cnpj":"28845497000168","saleId":"3418853A","executiveName":"Karla Reis"}}
{"timestamp":"2026-03-16T19:43:40.819Z","importId":3,"level":"WARN","message":"Linha 11832: Pontuação é 0 ou null","category":"PONTUACAO","context":{"rowNumber":11832,"points":0,"cnpj":"28845497000168","saleId":"3418854A","executiveName":"Karla Reis"}}
{"timestamp":"2026-03-16T19:43:40.822Z","importId":3,"level":"WARN","message":"Linha 11833: Pontuação é 0 ou null","category":"PONTUACAO","context":{"rowNumber":11833,"points":0,"cnpj":"28845497000168","saleId":"3418855A","executiveName":"Karla Reis"}}
{"timestamp":"2026-03-16T19:43:40.824Z","importId":3,"level":"WARN","message":"Linha 11834: Pontuação é 0 ou null","category":"PONTUACAO","context":{"rowNumber":11834,"points":0,"cnpj":"28845497000168","saleId":"3418856A","executiveName":"Karla Reis"}}
{"timestamp":"2026-03-16T19:43:40.827Z","importId":3,"level":"WARN","message":"Linha 11835: Pontuação é 0 ou null","category":"PONTUACAO","context":{"rowNumber":11835,"points":0,"cnpj":"28845497000168","saleId":"3418857A","executiveName":"Karla Reis"}}
{"timestamp":"2026-03-16T19:43:40.828Z","importId":3,"level":"WARN","message":"Linha 11836: Pontuação é 0 ou null","category":"PONTUACAO","context":{"rowNumber":11836,"points":0,"cnpj":"28845497000168","saleId":"3418858A","executiveName":"Karla Reis"}}
{"timestamp":"2026-03-16T19:43:40.832Z","importId":3,"level":"WARN","message":"Linha 11837: Pontuação é 0 ou null","category":"PONTUACAO","context":{"rowNumber":11837,"points":0,"cnpj":"29499764000155","saleId":"3420993A","executiveName":"Claudia Dias"}}
{"timestamp":"2026-03-16T19:43:40.834Z","importId":3,"level":"WARN","message":"Linha 11838: Pontuação é 0 ou null","category":"PONTUACAO","context":{"rowNumber":11838,"points":0,"cnpj":"15117936000255","saleId":"3421864A","executiveName":"Ronaldo Coelho"}}
{"timestamp":"2026-03-16T19:43:40.836Z","importId":3,"level":"WARN","message":"Linha 11839: Pontuação é 0 ou null","category":"PONTUACAO","context":{"rowNumber":11839,"points":0,"cnpj":"62767201000176","saleId":"3421891A","executiveName":"Gabriela Carvalho"}}
{"timestamp":"2026-03-16T19:43:40.851Z","importId":3,"level":"WARN","message":"Linha 11851: Pontuação é 0 ou null","category":"PONTUACAO","context":{"rowNumber":11851,"points":0,"cnpj":"28845497000168","saleId":"3415740A","executiveName":"Karla Reis"}}
{"timestamp":"2026-03-16T19:43:40.883Z","importId":3,"level":"WARN","message":"Linha 11873: Pontuação é 0 ou null","category":"PONTUACAO","context":{"rowNumber":11873,"points":0,"cnpj":"28845497000168","saleId":"3415738A","executiveName":"Karla Reis"}}
{"timestamp":"2026-03-16T19:43:40.885Z","importId":3,"level":"WARN","message":"Linha 11874: Pontuação é 0 ou null","category":"PONTUACAO","context":{"rowNumber":11874,"points":0,"cnpj":"28845497000168","saleId":"3415739A","executiveName":"Karla Reis"}}
{"timestamp":"2026-03-16T19:43:42.015Z","importId":3,"level":"WARN","message":"Linha 12734: Pontuação é 0 ou null","category":"PONTUACAO","context":{"rowNumber":12734,"points":0,"cnpj":"00566155000190","saleId":"3417950A","executiveName":"Carlos Barbassa"}}
{"timestamp":"2026-03-16T19:43:42.024Z","importId":3,"level":"WARN","message":"Linha 12739: Pontuação é 0 ou null","category":"PONTUACAO","context":{"rowNumber":12739,"points":0,"cnpj":"20929210000176","saleId":"3417968A","executiveName":"Gabriela Carvalho"}}
{"timestamp":"2026-03-16T19:43:42.026Z","importId":3,"level":"WARN","message":"Linha 12740: Pontuação é 0 ou null","category":"PONTUACAO","context":{"rowNumber":12740,"points":0,"cnpj":"20929210000176","saleId":"3417967A","executiveName":"Gabriela Carvalho"}}
{"timestamp":"2026-03-16T19:43:42.028Z","importId":3,"level":"WARN","message":"Linha 12741: Pontuação é 0 ou null","category":"PONTUACAO","context":{"rowNumber":12741,"points":0,"cnpj":"20929210000176","saleId":"3417966A","executiveName":"Gabriela Carvalho"}}
{"timestamp":"2026-03-16T19:43:42.037Z","importId":3,"level":"WARN","message":"Linha 12746: Pontuação é 0 ou null","category":"PONTUACAO","context":{"rowNumber":12746,"points":0,"cnpj":"04194078000145","saleId":"3417961A","executiveName":"Carlos Brito"}}
{"timestamp":"2026-03-16T19:43:42.038Z","importId":3,"level":"WARN","message":"Linha 12747: Pontuação é 0 ou null","category":"PONTUACAO","context":{"rowNumber":12747,"points":0,"cnpj":"29944382000193","saleId":"3417960A","executiveName":"Clarissa Cavalheiro"}}
{"timestamp":"2026-03-16T19:43:42.041Z","importId":3,"level":"WARN","message":"Linha 12748: Pontuação é 0 ou null","category":"PONTUACAO","context":{"rowNumber":12748,"points":0,"cnpj":"30607677000153","saleId":"3417959A","executiveName":"Rafaela Soares"}}
{"timestamp":"2026-03-16T19:43:42.043Z","importId":3,"level":"WARN","message":"Linha 12749: Pontuação é 0 ou null","category":"PONTUACAO","context":{"rowNumber":12749,"points":0,"cnpj":"30607677000153","saleId":"3417958A","executiveName":"Rafaela Soares"}}
{"timestamp":"2026-03-16T19:43:42.044Z","importId":3,"level":"WARN","message":"Linha 12750: Pontuação é 0 ou null","category":"PONTUACAO","context":{"rowNumber":12750,"points":0,"cnpj":"24194791000104","saleId":"3417956A","executiveName":"Elzo Nogueira"}}
{"timestamp":"2026-03-16T19:43:42.046Z","importId":3,"level":"WARN","message":"Linha 12751: Pontuação é 0 ou null","category":"PONTUACAO","context":{"rowNumber":12751,"points":0,"cnpj":"22694062000183","saleId":"3417955A","executiveName":"Marlon Wander"}}
{"timestamp":"2026-03-16T19:43:42.050Z","importId":3,"level":"WARN","message":"Linha 12753: Pontuação é 0 ou null","category":"PONTUACAO","context":{"rowNumber":12753,"points":0,"cnpj":"00566155000190","saleId":"3417949A","executiveName":"Carlos Barbassa"}}
{"timestamp":"2026-03-16T19:43:42.052Z","importId":3,"level":"WARN","message":"Linha 12754: Pontuação é 0 ou null","category":"PONTUACAO","context":{"rowNumber":12754,"points":0,"cnpj":"04194078000145","saleId":"3417962A","executiveName":"Carlos Brito"}}
{"timestamp":"2026-03-16T19:43:42.054Z","importId":3,"level":"WARN","message":"Linha 12755: Pontuação é 0 ou null","category":"PONTUACAO","context":{"rowNumber":12755,"points":0,"cnpj":"00566155000190","saleId":"3417948A","executiveName":"Carlos Barbassa"}}
{"timestamp":"2026-03-16T19:43:42.057Z","importId":3,"level":"WARN","message":"Linha 12756: Pontuação é 0 ou null","category":"PONTUACAO","context":{"rowNumber":12756,"points":0,"cnpj":"11820109000191","saleId":"3417982A","executiveName":"Soraya Romano"}}
{"timestamp":"2026-03-16T19:43:42.061Z","importId":3,"level":"WARN","message":"Linha 12758: Pontuação é 0 ou null","category":"PONTUACAO","context":{"rowNumber":12758,"points":0,"cnpj":"04424544000131","saleId":"3418827A","executiveName":"Carlos Brito"}}
{"timestamp":"2026-03-16T19:43:42.063Z","importId":3,"level":"WARN","message":"Linha 12759: Pontuação é 0 ou null","category":"PONTUACAO","context":{"rowNumber":12759,"points":0,"cnpj":"04424544000131","saleId":"3418826A","executiveName":"Carlos Brito"}}
{"timestamp":"2026-03-16T19:43:42.065Z","importId":3,"level":"WARN","message":"Linha 12760: Pontuação é 0 ou null","category":"PONTUACAO","context":{"rowNumber":12760,"points":0,"cnpj":"52652039000197","saleId":"3418821A","executiveName":"Ricardo Morais"}}
{"timestamp":"2026-03-16T19:43:42.067Z","importId":3,"level":"WARN","message":"Linha 12761: Pontuação é 0 ou null","category":"PONTUACAO","context":{"rowNumber":12761,"points":0,"cnpj":"52652039000197","saleId":"3418820A","executiveName":"Ricardo Morais"}}
{"timestamp":"2026-03-16T19:43:42.070Z","importId":3,"level":"WARN","message":"Linha 12762: Pontuação é 0 ou null","category":"PONTUACAO","context":{"rowNumber":12762,"points":0,"cnpj":"10880027000170","saleId":"3418819A","executiveName":"Ricardo Morais"}}
{"timestamp":"2026-03-16T19:43:42.073Z","importId":3,"level":"WARN","message":"Linha 12763: Pontuação é 0 ou null","category":"PONTUACAO","context":{"rowNumber":12763,"points":0,"cnpj":"10880027000170","saleId":"3418818A","executiveName":"Ricardo Morais"}}
{"timestamp":"2026-03-16T19:43:42.075Z","importId":3,"level":"WARN","message":"Linha 12764: Pontuação é 0 ou null","category":"PONTUACAO","context":{"rowNumber":12764,"points":0,"cnpj":"10880027000170","saleId":"3418817A","executiveName":"Ricardo Morais"}}
{"timestamp":"2026-03-16T19:43:42.079Z","importId":3,"level":"WARN","message":"Linha 12765: Pontuação é 0 ou null","category":"PONTUACAO","context":{"rowNumber":12765,"points":0,"cnpj":"10880027000170","saleId":"3418816A","executiveName":"Ricardo Morais"}}
{"timestamp":"2026-03-16T19:43:42.082Z","importId":3,"level":"WARN","message":"Linha 12767: Pontuação é 0 ou null","category":"PONTUACAO","context":{"rowNumber":12767,"points":0,"cnpj":"04643629000100","saleId":"3418815A","executiveName":"Pasquale Neto"}}
{"timestamp":"2026-03-16T19:43:42.084Z","importId":3,"level":"WARN","message":"Linha 12768: Pontuação é 0 ou null","category":"PONTUACAO","context":{"rowNumber":12768,"points":0,"cnpj":"00141852000107","saleId":"3418813A","executiveName":"Pasquale Neto"}}
{"timestamp":"2026-03-16T19:43:42.088Z","importId":3,"level":"WARN","message":"Linha 12769: Pontuação é 0 ou null","category":"PONTUACAO","context":{"rowNumber":12769,"points":0,"cnpj":"00141852000107","saleId":"3418812A","executiveName":"Pasquale Neto"}}
{"timestamp":"2026-03-16T19:43:42.099Z","importId":3,"level":"WARN","message":"Linha 12776: Pontuação é 0 ou null","category":"PONTUACAO","context":{"rowNumber":12776,"points":0,"cnpj":"00141852000107","saleId":"3418814A","executiveName":"Pasquale Neto"}}
{"timestamp":"2026-03-16T19:43:42.101Z","importId":3,"level":"WARN","message":"Linha 12777: Pontuação é 0 ou null","category":"PONTUACAO","context":{"rowNumber":12777,"points":0,"cnpj":"04424544000131","saleId":"3418828A","executiveName":"Carlos Brito"}}
{"timestamp":"2026-03-16T19:43:42.103Z","importId":3,"level":"WARN","message":"Linha 12778: Pontuação é 0 ou null","category":"PONTUACAO","context":{"rowNumber":12778,"points":0,"cnpj":"02116253000150","saleId":"3417947A","executiveName":"Elza Lara"}}
{"timestamp":"2026-03-16T19:43:42.109Z","importId":3,"level":"WARN","message":"Linha 12782: Pontuação é 0 ou null","category":"PONTUACAO","context":{"rowNumber":12782,"points":0,"cnpj":"20606282000182","saleId":"3417909A","executiveName":"Armando Soares"}}
{"timestamp":"2026-03-16T19:43:42.112Z","importId":3,"level":"WARN","message":"Linha 12783: Pontuação é 0 ou null","category":"PONTUACAO","context":{"rowNumber":12783,"points":0,"cnpj":"03173094000199","saleId":"3417908A","executiveName":"Gabriela Carvalho"}}
{"timestamp":"2026-03-16T19:43:42.116Z","importId":3,"level":"WARN","message":"Linha 12785: Pontuação é 0 ou null","category":"PONTUACAO","context":{"rowNumber":12785,"points":0,"cnpj":"10808506000185","saleId":"3417906A","executiveName":"Elza Lara"}}
{"timestamp":"2026-03-16T19:43:42.118Z","importId":3,"level":"WARN","message":"Linha 12786: Pontuação é 0 ou null","category":"PONTUACAO","context":{"rowNumber":12786,"points":0,"cnpj":"10808506000185","saleId":"3417905A","executiveName":"Elza Lara"}}
{"timestamp":"2026-03-16T19:43:42.126Z","importId":3,"level":"WARN","message":"Linha 12792: Pontuação é 0 ou null","category":"PONTUACAO","context":{"rowNumber":12792,"points":0,"cnpj":"00141852000107","saleId":"3417887A","executiveName":"Pasquale Neto"}}
{"timestamp":"2026-03-16T19:43:42.128Z","importId":3,"level":"WARN","message":"Linha 12793: Pontuação é 0 ou null","category":"PONTUACAO","context":{"rowNumber":12793,"points":0,"cnpj":"00141852000107","saleId":"3417886A","executiveName":"Pasquale Neto"}}
{"timestamp":"2026-03-16T19:43:42.141Z","importId":3,"level":"WARN","message":"Linha 12800: Pontuação é 0 ou null","category":"PONTUACAO","context":{"rowNumber":12800,"points":0,"cnpj":"26203213000104","saleId":"3417913A","executiveName":"Roberto Garbin"}}
{"timestamp":"2026-03-16T19:43:42.146Z","importId":3,"level":"WARN","message":"Linha 12804: Pontuação é 0 ou null","category":"PONTUACAO","context":{"rowNumber":12804,"points":0,"cnpj":"23342602000122","saleId":"3417931A","executiveName":"Cassia Shimabukuro"}}
{"timestamp":"2026-03-16T19:43:42.151Z","importId":3,"level":"WARN","message":"Linha 12805: Pontuação é 0 ou null","category":"PONTUACAO","context":{"rowNumber":12805,"points":0,"cnpj":"23342602000122","saleId":"3417930A","executiveName":"Cassia Shimabukuro"}}
{"timestamp":"2026-03-16T19:43:42.153Z","importId":3,"level":"WARN","message":"Linha 12806: Pontuação é 0 ou null","category":"PONTUACAO","context":{"rowNumber":12806,"points":0,"cnpj":"23342602000122","saleId":"3417929A","executiveName":"Cassia Shimabukuro"}}
{"timestamp":"2026-03-16T19:43:42.155Z","importId":3,"level":"WARN","message":"Linha 12807: Pontuação é 0 ou null","category":"PONTUACAO","context":{"rowNumber":12807,"points":0,"cnpj":"08808140000100","saleId":"3417928A","executiveName":"Leonardo Ligabo"}}
{"timestamp":"2026-03-16T19:43:42.161Z","importId":3,"level":"WARN","message":"Linha 12810: Pontuação é 0 ou null","category":"PONTUACAO","context":{"rowNumber":12810,"points":0,"cnpj":"26203213000104","saleId":"3417914A","executiveName":"Roberto Garbin"}}
{"timestamp":"2026-03-16T19:43:42.165Z","importId":3,"level":"WARN","message":"Linha 12812: Pontuação é 0 ou null","category":"PONTUACAO","context":{"rowNumber":12812,"points":0,"cnpj":"24869123000121","saleId":"3417923A","executiveName":"Elza Lara"}}
{"timestamp":"2026-03-16T19:43:42.168Z","importId":3,"level":"WARN","message":"Linha 12814: Pontuação é 0 ou null","category":"PONTUACAO","context":{"rowNumber":12814,"points":0,"cnpj":"44247693000197","saleId":"3417921A","executiveName":"Cristiano Dafre"}}
{"timestamp":"2026-03-16T19:43:42.174Z","importId":3,"level":"WARN","message":"Linha 12816: Pontuação é 0 ou null","category":"PONTUACAO","context":{"rowNumber":12816,"points":0,"cnpj":"57297491000100","saleId":"3417919A","executiveName":"Carlos Barbassa"}}
{"timestamp":"2026-03-16T19:43:42.179Z","importId":3,"level":"WARN","message":"Linha 12820: Pontuação é 0 ou null","category":"PONTUACAO","context":{"rowNumber":12820,"points":0,"cnpj":"24869123000121","saleId":"3417924A","executiveName":"Elza Lara"}}
{"timestamp":"2026-03-16T19:43:42.182Z","importId":3,"level":"WARN","message":"Linha 12821: Pontuação é 0 ou null","category":"PONTUACAO","context":{"rowNumber":12821,"points":0,"cnpj":"04424544000131","saleId":"3418829A","executiveName":"Carlos Brito"}}
{"timestamp":"2026-03-16T19:43:42.186Z","importId":3,"level":"WARN","message":"Linha 12822: Pontuação é 0 ou null","category":"PONTUACAO","context":{"rowNumber":12822,"points":0,"cnpj":"67226779000139","saleId":"3418833A","executiveName":"Marlon Wander"}}
{"timestamp":"2026-03-16T19:43:42.187Z","importId":3,"level":"WARN","message":"Linha 12823: Pontuação é 0 ou null","category":"PONTUACAO","context":{"rowNumber":12823,"points":0,"cnpj":"57297491000100","saleId":"3418851A","executiveName":"Carlos Barbassa"}}
{"timestamp":"2026-03-16T19:43:42.189Z","importId":3,"level":"WARN","message":"Linha 12824: Pontuação é 0 ou null","category":"PONTUACAO","context":{"rowNumber":12824,"points":0,"cnpj":"03326099000104","saleId":"3423252A","executiveName":"Marlon Wander"}}
{"timestamp":"2026-03-16T19:43:42.191Z","importId":3,"level":"WARN","message":"Linha 12825: Pontuação é 0 ou null","category":"PONTUACAO","context":{"rowNumber":12825,"points":0,"cnpj":"03326099000104","saleId":"3423251A","executiveName":"Marlon Wander"}}
{"timestamp":"2026-03-16T19:43:42.194Z","importId":3,"level":"WARN","message":"Linha 12826: Pontuação é 0 ou null","category":"PONTUACAO","context":{"rowNumber":12826,"points":0,"cnpj":"39861693000142","saleId":"3421776A","executiveName":"Karla Reis"}}
{"timestamp":"2026-03-16T19:43:42.197Z","importId":3,"level":"WARN","message":"Linha 12827: Pontuação é 0 ou null","category":"PONTUACAO","context":{"rowNumber":12827,"points":0,"cnpj":"10876798000193","saleId":"3421775A","executiveName":"Gabriela Carvalho"}}
{"timestamp":"2026-03-16T19:43:42.199Z","importId":3,"level":"WARN","message":"Linha 12828: Pontuação é 0 ou null","category":"PONTUACAO","context":{"rowNumber":12828,"points":0,"cnpj":"10876798000193","saleId":"3421774A","executiveName":"Gabriela Carvalho"}}
{"timestamp":"2026-03-16T19:43:42.201Z","importId":3,"level":"WARN","message":"Linha 12829: Pontuação é 0 ou null","category":"PONTUACAO","context":{"rowNumber":12829,"points":0,"cnpj":"10876798000193","saleId":"3421773A","executiveName":"Gabriela Carvalho"}}
{"timestamp":"2026-03-16T19:43:42.204Z","importId":3,"level":"WARN","message":"Linha 12830: Pontuação é 0 ou null","category":"PONTUACAO","context":{"rowNumber":12830,"points":0,"cnpj":"49832366000116","saleId":"3421772A","executiveName":"Claudia Dias"}}
{"timestamp":"2026-03-16T19:43:42.205Z","importId":3,"level":"WARN","message":"Linha 12831: Pontuação é 0 ou null","category":"PONTUACAO","context":{"rowNumber":12831,"points":0,"cnpj":"44580085000108","saleId":"3421764A","executiveName":"Cristiano Dafre"}}
{"timestamp":"2026-03-16T19:43:42.209Z","importId":3,"level":"WARN","message":"Linha 12832: Pontuação é 0 ou null","category":"PONTUACAO","context":{"rowNumber":12832,"points":0,"cnpj":"07709889000120","saleId":"3423362A","executiveName":"Carlos Brito"}}
{"timestamp":"2026-03-16T19:43:42.211Z","importId":3,"level":"WARN","message":"Linha 12833: Pontuação é 0 ou null","category":"PONTUACAO","context":{"rowNumber":12833,"points":0,"cnpj":"27893083000141","saleId":"3421759A","executiveName":"Andrea Cordovil"}}
{"timestamp":"2026-03-16T19:43:42.214Z","importId":3,"level":"WARN","message":"Linha 12834: Pontuação é 0 ou null","category":"PONTUACAO","context":{"rowNumber":12834,"points":0,"cnpj":"27893083000141","saleId":"3421757A","executiveName":"Andrea Cordovil"}}
{"timestamp":"2026-03-16T19:43:42.218Z","importId":3,"level":"WARN","message":"Linha 12835: Pontuação é 0 ou null","category":"PONTUACAO","context":{"rowNumber":12835,"points":0,"cnpj":"27893083000141","saleId":"3421756A","executiveName":"Andrea Cordovil"}}
{"timestamp":"2026-03-16T19:43:42.220Z","importId":3,"level":"WARN","message":"Linha 12836: Pontuação é 0 ou null","category":"PONTUACAO","context":{"rowNumber":12836,"points":0,"cnpj":"31831834000172","saleId":"3421755A","executiveName":"Elza Lara"}}
{"timestamp":"2026-03-16T19:43:42.222Z","importId":3,"level":"WARN","message":"Linha 12837: Pontuação é 0 ou null","category":"PONTUACAO","context":{"rowNumber":12837,"points":0,"cnpj":"31831834000172","saleId":"3421754A","executiveName":"Elza Lara"}}
{"timestamp":"2026-03-16T19:43:42.224Z","importId":3,"level":"WARN","message":"Linha 12838: Pontuação é 0 ou null","category":"PONTUACAO","context":{"rowNumber":12838,"points":0,"cnpj":"31831834000172","saleId":"3421753A","executiveName":"Elza Lara"}}
{"timestamp":"2026-03-16T19:43:42.226Z","importId":3,"level":"WARN","message":"Linha 12839: Pontuação é 0 ou null","category":"PONTUACAO","context":{"rowNumber":12839,"points":0,"cnpj":"24117034000129","saleId":"3421752A","executiveName":"Miguel Jenotti"}}
{"timestamp":"2026-03-16T19:43:42.229Z","importId":3,"level":"WARN","message":"Linha 12840: Pontuação é 0 ou null","category":"PONTUACAO","context":{"rowNumber":12840,"points":0,"cnpj":"03677175000126","saleId":"3421746A","executiveName":"Rafaela Soares"}}
{"timestamp":"2026-03-16T19:43:42.230Z","importId":3,"level":"WARN","message":"Linha 12841: Pontuação é 0 ou null","category":"PONTUACAO","context":{"rowNumber":12841,"points":0,"cnpj":"03677175000126","saleId":"3421745A","executiveName":"Rafaela Soares"}}
{"timestamp":"2026-03-16T19:43:42.233Z","importId":3,"level":"WARN","message":"Linha 12842: Pontuação é 0 ou null","category":"PONTUACAO","context":{"rowNumber":12842,"points":0,"cnpj":"27893083000141","saleId":"3421758A","executiveName":"Andrea Cordovil"}}
{"timestamp":"2026-03-16T19:43:42.235Z","importId":3,"level":"WARN","message":"Linha 12843: Pontuação é 0 ou null","category":"PONTUACAO","context":{"rowNumber":12843,"points":0,"cnpj":"21432799000165","saleId":"3421740A","executiveName":"Andreza Lubatsch"}}
{"timestamp":"2026-03-16T19:43:42.237Z","importId":3,"level":"WARN","message":"Linha 12844: Pontuação é 0 ou null","category":"PONTUACAO","context":{"rowNumber":12844,"points":0,"cnpj":"07709889000120","saleId":"3423363A","executiveName":"Carlos Brito"}}
{"timestamp":"2026-03-16T19:43:42.241Z","importId":3,"level":"WARN","message":"Linha 12845: Pontuação é 0 ou null","category":"PONTUACAO","context":{"rowNumber":12845,"points":0,"cnpj":"23407471000114","saleId":"3423370A","executiveName":"Elzo Nogueira"}}
{"timestamp":"2026-03-16T19:43:42.242Z","importId":3,"level":"WARN","message":"Linha 12846: Pontuação é 0 ou null","category":"PONTUACAO","context":{"rowNumber":12846,"points":0,"cnpj":"20470627000113","saleId":"3426826A","executiveName":"Andrea Cordovil"}}
{"timestamp":"2026-03-16T19:43:42.244Z","importId":3,"level":"WARN","message":"Linha 12847: Pontuação é 0 ou null","category":"PONTUACAO","context":{"rowNumber":12847,"points":0,"cnpj":"12693411000199","saleId":"3426793A","executiveName":"Luana Fagundes"}}
{"timestamp":"2026-03-16T19:43:42.247Z","importId":3,"level":"WARN","message":"Linha 12848: Pontuação é 0 ou null","category":"PONTUACAO","context":{"rowNumber":12848,"points":0,"cnpj":"20470627000113","saleId":"3426428A","executiveName":"Andrea Cordovil"}}
{"timestamp":"2026-03-16T19:43:42.249Z","importId":3,"level":"WARN","message":"Linha 12849: Pontuação é 0 ou null","category":"PONTUACAO","context":{"rowNumber":12849,"points":0,"cnpj":"20470627000113","saleId":"3426427A","executiveName":"Andrea Cordovil"}}
{"timestamp":"2026-03-16T19:43:42.251Z","importId":3,"level":"WARN","message":"Linha 12850: Pontuação é 0 ou null","category":"PONTUACAO","context":{"rowNumber":12850,"points":0,"cnpj":"20470627000113","saleId":"3426426A","executiveName":"Andrea Cordovil"}}
{"timestamp":"2026-03-16T19:43:42.256Z","importId":3,"level":"WARN","message":"Linha 12852: Pontuação é 0 ou null","category":"PONTUACAO","context":{"rowNumber":12852,"points":0,"cnpj":"50116474000171","saleId":"3423937A","executiveName":"Ricardo Morais"}}
{"timestamp":"2026-03-16T19:43:42.258Z","importId":3,"level":"WARN","message":"Linha 12853: Pontuação é 0 ou null","category":"PONTUACAO","context":{"rowNumber":12853,"points":0,"cnpj":"41604069000101","saleId":"3423935A","executiveName":"Pasquale Neto"}}
{"timestamp":"2026-03-16T19:43:42.260Z","importId":3,"level":"WARN","message":"Linha 12854: Pontuação é 0 ou null","category":"PONTUACAO","context":{"rowNumber":12854,"points":0,"cnpj":"07709889000120","saleId":"3423364A","executiveName":"Carlos Brito"}}
{"timestamp":"2026-03-16T19:43:42.264Z","importId":3,"level":"WARN","message":"Linha 12855: Pontuação é 0 ou null","category":"PONTUACAO","context":{"rowNumber":12855,"points":0,"cnpj":"41604069000101","saleId":"3423930A","executiveName":"Pasquale Neto"}}
{"timestamp":"2026-03-16T19:43:42.269Z","importId":3,"level":"WARN","message":"Linha 12859: Pontuação é 0 ou null","category":"PONTUACAO","context":{"rowNumber":12859,"points":0,"cnpj":"07068285000141","saleId":"3423891A","executiveName":"Ricardo Bueno"}}
{"timestamp":"2026-03-16T19:43:42.272Z","importId":3,"level":"WARN","message":"Linha 12860: Pontuação é 0 ou null","category":"PONTUACAO","context":{"rowNumber":12860,"points":0,"cnpj":"02577177000180","saleId":"3423859A","executiveName":"Carlos Brito"}}
{"timestamp":"2026-03-16T19:43:42.275Z","importId":3,"level":"WARN","message":"Linha 12861: Pontuação é 0 ou null","category":"PONTUACAO","context":{"rowNumber":12861,"points":0,"cnpj":"02577177000180","saleId":"3423858A","executiveName":"Carlos Brito"}}
{"timestamp":"2026-03-16T19:43:42.277Z","importId":3,"level":"WARN","message":"Linha 12863: Pontuação é 0 ou null","category":"PONTUACAO","context":{"rowNumber":12863,"points":0,"cnpj":"02577177000180","saleId":"3423813A","executiveName":"Carlos Brito"}}
{"timestamp":"2026-03-16T19:43:42.280Z","importId":3,"level":"WARN","message":"Linha 12864: Pontuação é 0 ou null","category":"PONTUACAO","context":{"rowNumber":12864,"points":0,"cnpj":"22894619000120","saleId":"3423929A","executiveName":"Leonardo Ligabo"}}
{"timestamp":"2026-03-16T19:43:42.283Z","importId":3,"level":"WARN","message":"Linha 12865: Pontuação é 0 ou null","category":"PONTUACAO","context":{"rowNumber":12865,"points":0,"cnpj":"16384336000135","saleId":"3421739A","executiveName":"Cristiano Dafre"}}
{"timestamp":"2026-03-16T19:43:42.286Z","importId":3,"level":"WARN","message":"Linha 12866: Pontuação é 0 ou null","category":"PONTUACAO","context":{"rowNumber":12866,"points":0,"cnpj":"16384336000135","saleId":"3421738A","executiveName":"Cristiano Dafre"}}
{"timestamp":"2026-03-16T19:43:42.288Z","importId":3,"level":"WARN","message":"Linha 12867: Pontuação é 0 ou null","category":"PONTUACAO","context":{"rowNumber":12867,"points":0,"cnpj":"16384336000135","saleId":"3421737A","executiveName":"Cristiano Dafre"}}
{"timestamp":"2026-03-16T19:43:42.290Z","importId":3,"level":"WARN","message":"Linha 12868: Pontuação é 0 ou null","category":"PONTUACAO","context":{"rowNumber":12868,"points":0,"cnpj":"05979491000188","saleId":"3418896A","executiveName":"Cristiano Dafre"}}
{"timestamp":"2026-03-16T19:43:42.292Z","importId":3,"level":"WARN","message":"Linha 12869: Pontuação é 0 ou null","category":"PONTUACAO","context":{"rowNumber":12869,"points":0,"cnpj":"05979491000188","saleId":"3418895A","executiveName":"Cristiano Dafre"}}
{"timestamp":"2026-03-16T19:43:42.294Z","importId":3,"level":"WARN","message":"Linha 12870: Pontuação é 0 ou null","category":"PONTUACAO","context":{"rowNumber":12870,"points":0,"cnpj":"05979491000188","saleId":"3418894A","executiveName":"Cristiano Dafre"}}
{"timestamp":"2026-03-16T19:43:42.295Z","importId":3,"level":"WARN","message":"Linha 12871: Pontuação é 0 ou null","category":"PONTUACAO","context":{"rowNumber":12871,"points":0,"cnpj":"05979491000188","saleId":"3418893A","executiveName":"Cristiano Dafre"}}
{"timestamp":"2026-03-16T19:43:42.297Z","importId":3,"level":"WARN","message":"Linha 12872: Pontuação é 0 ou null","category":"PONTUACAO","context":{"rowNumber":12872,"points":0,"cnpj":"05979491000188","saleId":"3418892A","executiveName":"Cristiano Dafre"}}
{"timestamp":"2026-03-16T19:43:42.299Z","importId":3,"level":"WARN","message":"Linha 12873: Pontuação é 0 ou null","category":"PONTUACAO","context":{"rowNumber":12873,"points":0,"cnpj":"05979491000188","saleId":"3418891A","executiveName":"Cristiano Dafre"}}
{"timestamp":"2026-03-16T19:43:42.301Z","importId":3,"level":"WARN","message":"Linha 12874: Pontuação é 0 ou null","category":"PONTUACAO","context":{"rowNumber":12874,"points":0,"cnpj":"43231644000101","saleId":"3418871A","executiveName":"Pasquale Neto"}}
{"timestamp":"2026-03-16T19:43:42.304Z","importId":3,"level":"WARN","message":"Linha 12875: Pontuação é 0 ou null","category":"PONTUACAO","context":{"rowNumber":12875,"points":0,"cnpj":"43231644000101","saleId":"3418870A","executiveName":"Pasquale Neto"}}
{"timestamp":"2026-03-16T19:43:42.307Z","importId":3,"level":"WARN","message":"Linha 12876: Pontuação é 0 ou null","category":"PONTUACAO","context":{"rowNumber":12876,"points":0,"cnpj":"05979491000188","saleId":"3418897A","executiveName":"Cristiano Dafre"}}
{"timestamp":"2026-03-16T19:43:42.309Z","importId":3,"level":"WARN","message":"Linha 12877: Pontuação é 0 ou null","category":"PONTUACAO","context":{"rowNumber":12877,"points":0,"cnpj":"43231644000101","saleId":"3418869A","executiveName":"Pasquale Neto"}}
{"timestamp":"2026-03-16T19:43:42.312Z","importId":3,"level":"WARN","message":"Linha 12878: Pontuação é 0 ou null","category":"PONTUACAO","context":{"rowNumber":12878,"points":0,"cnpj":"43231644000101","saleId":"3418867A","executiveName":"Pasquale Neto"}}
{"timestamp":"2026-03-16T19:43:42.314Z","importId":3,"level":"WARN","message":"Linha 12879: Pontuação é 0 ou null","category":"PONTUACAO","context":{"rowNumber":12879,"points":0,"cnpj":"43231644000101","saleId":"3418866A","executiveName":"Pasquale Neto"}}
{"timestamp":"2026-03-16T19:43:42.316Z","importId":3,"level":"WARN","message":"Linha 12880: Pontuação é 0 ou null","category":"PONTUACAO","context":{"rowNumber":12880,"points":0,"cnpj":"43231644000101","saleId":"3418865A","executiveName":"Pasquale Neto"}}
{"timestamp":"2026-03-16T19:43:42.319Z","importId":3,"level":"WARN","message":"Linha 12881: Pontuação é 0 ou null","category":"PONTUACAO","context":{"rowNumber":12881,"points":0,"cnpj":"43231644000101","saleId":"3418864A","executiveName":"Pasquale Neto"}}
{"timestamp":"2026-03-16T19:43:42.321Z","importId":3,"level":"WARN","message":"Linha 12882: Pontuação é 0 ou null","category":"PONTUACAO","context":{"rowNumber":12882,"points":0,"cnpj":"43231644000101","saleId":"3418863A","executiveName":"Pasquale Neto"}}
{"timestamp":"2026-03-16T19:43:42.322Z","importId":3,"level":"WARN","message":"Linha 12883: Pontuação é 0 ou null","category":"PONTUACAO","context":{"rowNumber":12883,"points":0,"cnpj":"43231644000101","saleId":"3418862A","executiveName":"Pasquale Neto"}}
{"timestamp":"2026-03-16T19:43:42.326Z","importId":3,"level":"WARN","message":"Linha 12884: Pontuação é 0 ou null","category":"PONTUACAO","context":{"rowNumber":12884,"points":0,"cnpj":"19312117000139","saleId":"3418859A","executiveName":"Clarissa Cavalheiro"}}
{"timestamp":"2026-03-16T19:43:42.330Z","importId":3,"level":"WARN","message":"Linha 12885: Pontuação é 0 ou null","category":"PONTUACAO","context":{"rowNumber":12885,"points":0,"cnpj":"57297491000100","saleId":"3418852A","executiveName":"Carlos Barbassa"}}
{"timestamp":"2026-03-16T19:43:42.332Z","importId":3,"level":"WARN","message":"Linha 12886: Pontuação é 0 ou null","category":"PONTUACAO","context":{"rowNumber":12886,"points":0,"cnpj":"43231644000101","saleId":"3418868A","executiveName":"Pasquale Neto"}}
{"timestamp":"2026-03-16T19:43:42.333Z","importId":3,"level":"WARN","message":"Linha 12887: Pontuação é 0 ou null","category":"PONTUACAO","context":{"rowNumber":12887,"points":0,"cnpj":"05979491000188","saleId":"3418898A","executiveName":"Cristiano Dafre"}}
{"timestamp":"2026-03-16T19:43:42.336Z","importId":3,"level":"WARN","message":"Linha 12888: Pontuação é 0 ou null","category":"PONTUACAO","context":{"rowNumber":12888,"points":0,"cnpj":"05979491000188","saleId":"3418899A","executiveName":"Cristiano Dafre"}}
{"timestamp":"2026-03-16T19:43:42.337Z","importId":3,"level":"WARN","message":"Linha 12889: Pontuação é 0 ou null","category":"PONTUACAO","context":{"rowNumber":12889,"points":0,"cnpj":"05979491000188","saleId":"3418900A","executiveName":"Cristiano Dafre"}}
{"timestamp":"2026-03-16T19:43:42.340Z","importId":3,"level":"WARN","message":"Linha 12890: Pontuação é 0 ou null","category":"PONTUACAO","context":{"rowNumber":12890,"points":0,"cnpj":"16384336000135","saleId":"3421736A","executiveName":"Cristiano Dafre"}}
{"timestamp":"2026-03-16T19:43:42.341Z","importId":3,"level":"WARN","message":"Linha 12891: Pontuação é 0 ou null","category":"PONTUACAO","context":{"rowNumber":12891,"points":0,"cnpj":"03637500000127","saleId":"3421734A","executiveName":"Carlos Brito"}}
{"timestamp":"2026-03-16T19:43:42.344Z","importId":3,"level":"WARN","message":"Linha 12892: Pontuação é 0 ou null","category":"PONTUACAO","context":{"rowNumber":12892,"points":0,"cnpj":"04643629000100","saleId":"3421733A","executiveName":"Pasquale Neto"}}
{"timestamp":"2026-03-16T19:43:42.346Z","importId":3,"level":"WARN","message":"Linha 12893: Pontuação é 0 ou null","category":"PONTUACAO","context":{"rowNumber":12893,"points":0,"cnpj":"04643629000100","saleId":"3421732A","executiveName":"Pasquale Neto"}}
{"timestamp":"2026-03-16T19:43:42.348Z","importId":3,"level":"WARN","message":"Linha 12894: Pontuação é 0 ou null","category":"PONTUACAO","context":{"rowNumber":12894,"points":0,"cnpj":"07709889000120","saleId":"3421726A","executiveName":"Carlos Brito"}}
{"timestamp":"2026-03-16T19:43:42.352Z","importId":3,"level":"WARN","message":"Linha 12895: Pontuação é 0 ou null","category":"PONTUACAO","context":{"rowNumber":12895,"points":0,"cnpj":"07709889000120","saleId":"3421725A","executiveName":"Carlos Brito"}}
{"timestamp":"2026-03-16T19:43:42.354Z","importId":3,"level":"WARN","message":"Linha 12896: Pontuação é 0 ou null","category":"PONTUACAO","context":{"rowNumber":12896,"points":0,"cnpj":"83028811715","saleId":"3420843A","executiveName":"Elza Lara"}}
{"timestamp":"2026-03-16T19:43:42.357Z","importId":3,"level":"WARN","message":"Linha 12898: Pontuação é 0 ou null","category":"PONTUACAO","context":{"rowNumber":12898,"points":0,"cnpj":"23446445000103","saleId":"3419484A","executiveName":"Miguel Jenotti"}}
{"timestamp":"2026-03-16T19:43:42.360Z","importId":3,"level":"WARN","message":"Linha 12899: Pontuação é 0 ou null","category":"PONTUACAO","context":{"rowNumber":12899,"points":0,"cnpj":"36417780000117","saleId":"3419419A","executiveName":"Kelly Furno"}}
{"timestamp":"2026-03-16T19:43:42.362Z","importId":3,"level":"WARN","message":"Linha 12900: Pontuação é 0 ou null","category":"PONTUACAO","context":{"rowNumber":12900,"points":0,"cnpj":"36417780000117","saleId":"3419381A","executiveName":"Kelly Furno"}}
{"timestamp":"2026-03-16T19:43:42.364Z","importId":3,"level":"WARN","message":"Linha 12901: Pontuação é 0 ou null","category":"PONTUACAO","context":{"rowNumber":12901,"points":0,"cnpj":"07709889000120","saleId":"3419361A","executiveName":"Carlos Brito"}}
{"timestamp":"2026-03-16T19:43:42.366Z","importId":3,"level":"WARN","message":"Linha 12902: Pontuação é 0 ou null","category":"PONTUACAO","context":{"rowNumber":12902,"points":0,"cnpj":"07709889000120","saleId":"3419360A","executiveName":"Carlos Brito"}}
{"timestamp":"2026-03-16T19:43:42.378Z","importId":3,"level":"WARN","message":"Linha 12907: Pontuação é 0 ou null","category":"PONTUACAO","context":{"rowNumber":12907,"points":0,"cnpj":"05979491000188","saleId":"3418902A","executiveName":"Cristiano Dafre"}}
{"timestamp":"2026-03-16T19:43:42.379Z","importId":3,"level":"WARN","message":"Linha 12908: Pontuação é 0 ou null","category":"PONTUACAO","context":{"rowNumber":12908,"points":0,"cnpj":"05979491000188","saleId":"3418901A","executiveName":"Cristiano Dafre"}}
{"timestamp":"2026-03-16T19:43:42.626Z","importId":3,"level":"WARN","message":"Linha 13092: Pontuação é 0 ou null","category":"PONTUACAO","context":{"rowNumber":13092,"points":0,"cnpj":"47205712000100","saleId":"3416082A","executiveName":"Elzo Nogueira"}}
{"timestamp":"2026-03-16T19:43:42.628Z","importId":3,"level":"WARN","message":"Linha 13093: Pontuação é 0 ou null","category":"PONTUACAO","context":{"rowNumber":13093,"points":0,"cnpj":"47205712000100","saleId":"3416081A","executiveName":"Elzo Nogueira"}}
{"timestamp":"2026-03-16T19:43:42.633Z","importId":3,"level":"WARN","message":"Linha 13095: Pontuação é 0 ou null","category":"PONTUACAO","context":{"rowNumber":13095,"points":0,"cnpj":"45291912000106","saleId":"3416079A","executiveName":"Carlos Brito"}}
{"timestamp":"2026-03-16T19:43:42.638Z","importId":3,"level":"WARN","message":"Linha 13097: Pontuação é 0 ou null","category":"PONTUACAO","context":{"rowNumber":13097,"points":0,"cnpj":"26223116000183","saleId":"3416077A","executiveName":"Miguel Jenotti"}}
{"timestamp":"2026-03-16T19:43:42.640Z","importId":3,"level":"WARN","message":"Linha 13098: Pontuação é 0 ou null","category":"PONTUACAO","context":{"rowNumber":13098,"points":0,"cnpj":"26223116000183","saleId":"3416076A","executiveName":"Miguel Jenotti"}}
{"timestamp":"2026-03-16T19:43:42.642Z","importId":3,"level":"WARN","message":"Linha 13099: Pontuação é 0 ou null","category":"PONTUACAO","context":{"rowNumber":13099,"points":0,"cnpj":"10880027000170","saleId":"3416085A","executiveName":"Ricardo Morais"}}
{"timestamp":"2026-03-16T19:43:42.644Z","importId":3,"level":"WARN","message":"Linha 13101: Pontuação é 0 ou null","category":"PONTUACAO","context":{"rowNumber":13101,"points":0,"cnpj":"65120404000164","saleId":"3416073A","executiveName":"Carlos Barbassa"}}
{"timestamp":"2026-03-16T19:43:42.646Z","importId":3,"level":"WARN","message":"Linha 13102: Pontuação é 0 ou null","category":"PONTUACAO","context":{"rowNumber":13102,"points":0,"cnpj":"65120404000164","saleId":"3416072A","executiveName":"Carlos Barbassa"}}
{"timestamp":"2026-03-16T19:43:42.690Z","importId":3,"level":"WARN","message":"Linha 13131: Pontuação é 0 ou null","category":"PONTUACAO","context":{"rowNumber":13131,"points":0,"cnpj":"24869123000121","saleId":"3416103A","executiveName":"Elza Lara"}}
{"timestamp":"2026-03-16T19:43:42.821Z","importId":3,"level":"WARN","message":"Linha 13232: Pontuação é 0 ou null","category":"PONTUACAO","context":{"rowNumber":13232,"points":0,"cnpj":"21860827000145","saleId":"3416186A","executiveName":"Ricardo Morais"}}
{"timestamp":"2026-03-16T19:43:42.993Z","importId":3,"level":"WARN","message":"Linha 13358: Pontuação é 0 ou null","category":"PONTUACAO","context":{"rowNumber":13358,"points":0,"cnpj":"62077888000118","saleId":"3415829A","executiveName":"Gabriela Carvalho"}}
{"timestamp":"2026-03-16T19:43:42.995Z","importId":3,"level":"WARN","message":"Linha 13359: Pontuação é 0 ou null","category":"PONTUACAO","context":{"rowNumber":13359,"points":0,"cnpj":"62077888000118","saleId":"3415828A","executiveName":"Gabriela Carvalho"}}
{"timestamp":"2026-03-16T19:43:42.997Z","importId":3,"level":"WARN","message":"Linha 13360: Pontuação é 0 ou null","category":"PONTUACAO","context":{"rowNumber":13360,"points":0,"cnpj":"62077888000118","saleId":"3415827A","executiveName":"Gabriela Carvalho"}}
{"timestamp":"2026-03-16T19:43:43.002Z","importId":3,"level":"WARN","message":"Linha 13362: Pontuação é 0 ou null","category":"PONTUACAO","context":{"rowNumber":13362,"points":0,"cnpj":"03326099000104","saleId":"3415821A","executiveName":"Marlon Wander"}}
{"timestamp":"2026-03-16T19:43:43.003Z","importId":3,"level":"WARN","message":"Linha 13363: Pontuação é 0 ou null","category":"PONTUACAO","context":{"rowNumber":13363,"points":0,"cnpj":"79379491000183","saleId":"3415816A","executiveName":"Marlon Wander"}}
{"timestamp":"2026-03-16T19:43:43.005Z","importId":3,"level":"WARN","message":"Linha 13364: Pontuação é 0 ou null","category":"PONTUACAO","context":{"rowNumber":13364,"points":0,"cnpj":"57608093000159","saleId":"3415814A","executiveName":"Cristiano Dafre"}}
{"timestamp":"2026-03-16T19:43:43.009Z","importId":3,"level":"WARN","message":"Linha 13365: Pontuação é 0 ou null","category":"PONTUACAO","context":{"rowNumber":13365,"points":0,"cnpj":"57608093000159","saleId":"3415813A","executiveName":"Cristiano Dafre"}}
{"timestamp":"2026-03-16T19:43:43.011Z","importId":3,"level":"WARN","message":"Linha 13366: Pontuação é 0 ou null","category":"PONTUACAO","context":{"rowNumber":13366,"points":0,"cnpj":"62077888000118","saleId":"3415830A","executiveName":"Gabriela Carvalho"}}
{"timestamp":"2026-03-16T19:43:43.051Z","importId":3,"level":"WARN","message":"Linha 13388: Pontuação é 0 ou null","category":"PONTUACAO","context":{"rowNumber":13388,"points":0,"cnpj":"11619894000119","saleId":"3415846A","executiveName":"Armando Soares"}}
{"timestamp":"2026-03-16T19:43:43.063Z","importId":3,"level":"WARN","message":"Linha 13396: Pontuação é 0 ou null","category":"PONTUACAO","context":{"rowNumber":13396,"points":0,"cnpj":"55897421000159","saleId":"3415870A","executiveName":"Carlos Barbassa"}}
{"timestamp":"2026-03-16T19:43:43.090Z","importId":3,"level":"WARN","message":"Linha 13414: Pontuação é 0 ou null","category":"PONTUACAO","context":{"rowNumber":13414,"points":0,"cnpj":"24117034000129","saleId":"3415684A","executiveName":"Miguel Jenotti"}}
{"timestamp":"2026-03-16T19:43:43.143Z","importId":3,"level":"WARN","message":"Linha 13448: Pontuação é 0 ou null","category":"PONTUACAO","context":{"rowNumber":13448,"points":0,"cnpj":"15505790000487","saleId":"3416737A","executiveName":"Carlos Brito"}}
{"timestamp":"2026-03-16T19:43:43.146Z","importId":3,"level":"WARN","message":"Linha 13449: Pontuação é 0 ou null","category":"PONTUACAO","context":{"rowNumber":13449,"points":0,"cnpj":"15505790000487","saleId":"3416736A","executiveName":"Carlos Brito"}}
{"timestamp":"2026-03-16T19:43:43.155Z","importId":3,"level":"WARN","message":"Linha 13455: Pontuação é 0 ou null","category":"PONTUACAO","context":{"rowNumber":13455,"points":0,"cnpj":"15505790000487","saleId":"3416739A","executiveName":"Carlos Brito"}}
{"timestamp":"2026-03-16T19:43:43.172Z","importId":3,"level":"WARN","message":"Linha 13467: Pontuação é 0 ou null","category":"PONTUACAO","context":{"rowNumber":13467,"points":0,"cnpj":"15505790000487","saleId":"3416740A","executiveName":"Carlos Brito"}}
{"timestamp":"2026-03-16T19:43:43.173Z","importId":3,"level":"WARN","message":"Linha 13468: Pontuação é 0 ou null","category":"PONTUACAO","context":{"rowNumber":13468,"points":0,"cnpj":"15505790000487","saleId":"3416742A","executiveName":"Carlos Brito"}}
{"timestamp":"2026-03-16T19:43:43.187Z","importId":3,"level":"WARN","message":"Linha 13476: Pontuação é 0 ou null","category":"PONTUACAO","context":{"rowNumber":13476,"points":0,"cnpj":"17519446000120","saleId":"3416794A","executiveName":"Ricardo Morais"}}
{"timestamp":"2026-03-16T19:43:43.198Z","importId":3,"level":"WARN","message":"Linha 13483: Pontuação é 0 ou null","category":"PONTUACAO","context":{"rowNumber":13483,"points":0,"cnpj":"15505790000487","saleId":"3416746A","executiveName":"Carlos Brito"}}
{"timestamp":"2026-03-16T19:43:43.200Z","importId":3,"level":"WARN","message":"Linha 13484: Pontuação é 0 ou null","category":"PONTUACAO","context":{"rowNumber":13484,"points":0,"cnpj":"15505790000487","saleId":"3416745A","executiveName":"Carlos Brito"}}
{"timestamp":"2026-03-16T19:43:43.205Z","importId":3,"level":"WARN","message":"Linha 13486: Pontuação é 0 ou null","category":"PONTUACAO","context":{"rowNumber":13486,"points":0,"cnpj":"15505790000487","saleId":"3416743A","executiveName":"Carlos Brito"}}
{"timestamp":"2026-03-16T19:43:43.326Z","importId":3,"level":"WARN","message":"Linha 13580: Pontuação é 0 ou null","category":"PONTUACAO","context":{"rowNumber":13580,"points":0,"cnpj":"31300477000116","saleId":"3416871A","executiveName":"Kelly Furno"}}
{"timestamp":"2026-03-16T19:43:43.329Z","importId":3,"level":"WARN","message":"Linha 13581: Pontuação é 0 ou null","category":"PONTUACAO","context":{"rowNumber":13581,"points":0,"cnpj":"03223205000124","saleId":"3416870A","executiveName":"Ricardo Bueno"}}
{"timestamp":"2026-03-16T19:43:43.331Z","importId":3,"level":"WARN","message":"Linha 13582: Pontuação é 0 ou null","category":"PONTUACAO","context":{"rowNumber":13582,"points":0,"cnpj":"03223205000124","saleId":"3416869A","executiveName":"Ricardo Bueno"}}
{"timestamp":"2026-03-16T19:43:43.342Z","importId":3,"level":"WARN","message":"Linha 13588: Pontuação é 0 ou null","category":"PONTUACAO","context":{"rowNumber":13588,"points":0,"cnpj":"31300477000116","saleId":"3416872A","executiveName":"Kelly Furno"}}
{"timestamp":"2026-03-16T19:43:43.359Z","importId":3,"level":"WARN","message":"Linha 13601: Pontuação é 0 ou null","category":"PONTUACAO","context":{"rowNumber":13601,"points":0,"cnpj":"30537376000109","saleId":"3416875A","executiveName":"Pasquale Neto"}}
{"timestamp":"2026-03-16T19:43:43.379Z","importId":3,"level":"WARN","message":"Linha 13614: Pontuação é 0 ou null","category":"PONTUACAO","context":{"rowNumber":13614,"points":0,"cnpj":"09401785000189","saleId":"3416882A","executiveName":"Luana Fagundes"}}
{"timestamp":"2026-03-16T19:43:43.385Z","importId":3,"level":"WARN","message":"Linha 13617: Pontuação é 0 ou null","category":"PONTUACAO","context":{"rowNumber":13617,"points":0,"cnpj":"30537376000109","saleId":"3416879A","executiveName":"Pasquale Neto"}}
{"timestamp":"2026-03-16T19:43:43.386Z","importId":3,"level":"WARN","message":"Linha 13618: Pontuação é 0 ou null","category":"PONTUACAO","context":{"rowNumber":13618,"points":0,"cnpj":"30537376000109","saleId":"3416878A","executiveName":"Pasquale Neto"}}
{"timestamp":"2026-03-16T19:43:43.390Z","importId":3,"level":"WARN","message":"Linha 13620: Pontuação é 0 ou null","category":"PONTUACAO","context":{"rowNumber":13620,"points":0,"cnpj":"30537376000109","saleId":"3416876A","executiveName":"Pasquale Neto"}}
{"timestamp":"2026-03-16T19:43:43.395Z","importId":3,"level":"WARN","message":"Linha 13623: Pontuação é 0 ou null","category":"PONTUACAO","context":{"rowNumber":13623,"points":0,"cnpj":"09401785000189","saleId":"3416883A","executiveName":"Luana Fagundes"}}
{"timestamp":"2026-03-16T19:43:43.428Z","importId":3,"level":"WARN","message":"Linha 13647: Pontuação é 0 ou null","category":"PONTUACAO","context":{"rowNumber":13647,"points":0,"cnpj":"04194078000145","saleId":"3416402A","executiveName":"Carlos Brito"}}
{"timestamp":"2026-03-16T19:43:43.430Z","importId":3,"level":"WARN","message":"Linha 13648: Pontuação é 0 ou null","category":"PONTUACAO","context":{"rowNumber":13648,"points":0,"cnpj":"29028738000149","saleId":"3416400A","executiveName":"Carlos Barbassa"}}
{"timestamp":"2026-03-16T19:43:43.435Z","importId":3,"level":"WARN","message":"Linha 13651: Pontuação é 0 ou null","category":"PONTUACAO","context":{"rowNumber":13651,"points":0,"cnpj":"24821099000150","saleId":"3416397A","executiveName":"Elza Lara"}}
{"timestamp":"2026-03-16T19:43:43.440Z","importId":3,"level":"WARN","message":"Linha 13654: Pontuação é 0 ou null","category":"PONTUACAO","context":{"rowNumber":13654,"points":0,"cnpj":"71035992000130","saleId":"3416394A","executiveName":"Elzo Nogueira"}}
{"timestamp":"2026-03-16T19:43:43.445Z","importId":3,"level":"WARN","message":"Linha 13656: Pontuação é 0 ou null","category":"PONTUACAO","context":{"rowNumber":13656,"points":0,"cnpj":"03677175000126","saleId":"3416393A","executiveName":"Rafaela Soares"}}
{"timestamp":"2026-03-16T19:43:43.447Z","importId":3,"level":"WARN","message":"Linha 13657: Pontuação é 0 ou null","category":"PONTUACAO","context":{"rowNumber":13657,"points":0,"cnpj":"04457219000175","saleId":"3416391A","executiveName":"William Silva"}}
{"timestamp":"2026-03-16T19:43:43.449Z","importId":3,"level":"WARN","message":"Linha 13658: Pontuação é 0 ou null","category":"PONTUACAO","context":{"rowNumber":13658,"points":0,"cnpj":"04457219000175","saleId":"3416390A","executiveName":"William Silva"}}
{"timestamp":"2026-03-16T19:43:43.460Z","importId":3,"level":"WARN","message":"Linha 13665: Pontuação é 0 ou null","category":"PONTUACAO","context":{"rowNumber":13665,"points":0,"cnpj":"04457219000175","saleId":"3416392A","executiveName":"William Silva"}}
{"timestamp":"2026-03-16T19:43:43.525Z","importId":3,"level":"WARN","message":"Linha 13710: Pontuação é 0 ou null","category":"PONTUACAO","context":{"rowNumber":13710,"points":0,"cnpj":"04194078000145","saleId":"3416403A","executiveName":"Carlos Brito"}}
{"timestamp":"2026-03-16T19:43:43.528Z","importId":3,"level":"WARN","message":"Linha 13711: Pontuação é 0 ou null","category":"PONTUACAO","context":{"rowNumber":13711,"points":0,"cnpj":"04194078000145","saleId":"3416404A","executiveName":"Carlos Brito"}}
{"timestamp":"2026-03-16T19:43:43.530Z","importId":3,"level":"WARN","message":"Linha 13713: Pontuação é 0 ou null","category":"PONTUACAO","context":{"rowNumber":13713,"points":0,"cnpj":"04420274000190","saleId":"3416406A","executiveName":"Elza Lara"}}
{"timestamp":"2026-03-16T19:43:43.540Z","importId":3,"level":"WARN","message":"Linha 13719: Pontuação é 0 ou null","category":"PONTUACAO","context":{"rowNumber":13719,"points":0,"cnpj":"15505790000487","saleId":"3416480A","executiveName":"Carlos Brito"}}
{"timestamp":"2026-03-16T19:43:43.544Z","importId":3,"level":"WARN","message":"Linha 13721: Pontuação é 0 ou null","category":"PONTUACAO","context":{"rowNumber":13721,"points":0,"cnpj":"15117936001065","saleId":"3416478A","executiveName":"Ronaldo Coelho"}}
{"timestamp":"2026-03-16T19:43:43.547Z","importId":3,"level":"WARN","message":"Linha 13723: Pontuação é 0 ou null","category":"PONTUACAO","context":{"rowNumber":13723,"points":0,"cnpj":"15117936001065","saleId":"3416477A","executiveName":"Ronaldo Coelho"}}
{"timestamp":"2026-03-16T19:43:43.549Z","importId":3,"level":"WARN","message":"Linha 13724: Pontuação é 0 ou null","category":"PONTUACAO","context":{"rowNumber":13724,"points":0,"cnpj":"15117936001065","saleId":"3416475A","executiveName":"Ronaldo Coelho"}}
{"timestamp":"2026-03-16T19:43:43.561Z","importId":3,"level":"WARN","message":"Linha 13732: Pontuação é 0 ou null","category":"PONTUACAO","context":{"rowNumber":13732,"points":0,"cnpj":"15117936001065","saleId":"3416476A","executiveName":"Ronaldo Coelho"}}
{"timestamp":"2026-03-16T19:43:43.572Z","importId":3,"level":"WARN","message":"Linha 13738: Pontuação é 0 ou null","category":"PONTUACAO","context":{"rowNumber":13738,"points":0,"cnpj":"04194078000145","saleId":"3416405A","executiveName":"Carlos Brito"}}
{"timestamp":"2026-03-16T19:43:43.600Z","importId":3,"level":"WARN","message":"Linha 13759: Pontuação é 0 ou null","category":"PONTUACAO","context":{"rowNumber":13759,"points":0,"cnpj":"58423229000119","saleId":"3416426A","executiveName":"Miguel Jenotti"}}
{"timestamp":"2026-03-16T19:43:43.611Z","importId":3,"level":"WARN","message":"Linha 13766: Pontuação é 0 ou null","category":"PONTUACAO","context":{"rowNumber":13766,"points":0,"cnpj":"21284549000125","saleId":"3416416A","executiveName":"Elza Lara"}}
{"timestamp":"2026-03-16T19:43:43.614Z","importId":3,"level":"WARN","message":"Linha 13767: Pontuação é 0 ou null","category":"PONTUACAO","context":{"rowNumber":13767,"points":0,"cnpj":"24821099000150","saleId":"3416427A","executiveName":"Elza Lara"}}
{"timestamp":"2026-03-16T19:43:43.616Z","importId":3,"level":"WARN","message":"Linha 13768: Pontuação é 0 ou null","category":"PONTUACAO","context":{"rowNumber":13768,"points":0,"cnpj":"21284549000125","saleId":"3416415A","executiveName":"Elza Lara"}}
{"timestamp":"2026-03-16T19:43:43.618Z","importId":3,"level":"WARN","message":"Linha 13769: Pontuação é 0 ou null","category":"PONTUACAO","context":{"rowNumber":13769,"points":0,"cnpj":"21284549000125","saleId":"3416413A","executiveName":"Elza Lara"}}
{"timestamp":"2026-03-16T19:43:43.630Z","importId":3,"level":"WARN","message":"Linha 13777: Pontuação é 0 ou null","category":"PONTUACAO","context":{"rowNumber":13777,"points":0,"cnpj":"21284549000125","saleId":"3416414A","executiveName":"Elza Lara"}}
{"timestamp":"2026-03-16T19:43:43.680Z","importId":3,"level":"WARN","message":"Linha 13817: Pontuação é 0 ou null","category":"PONTUACAO","context":{"rowNumber":13817,"points":0,"cnpj":"25773332850","saleId":"209470M1703115","executiveName":"VALDIR ULMER MOELLER"}}
{"timestamp":"2026-03-16T19:43:43.720Z","importId":3,"level":"WARN","message":"Linha 13847: Pontuação é 0 ou null","category":"PONTUACAO","context":{"rowNumber":13847,"points":0,"cnpj":"25773332850","saleId":"209347M1703108","executiveName":"VALDIR ULMER MOELLER"}}
{"timestamp":"2026-03-16T19:43:43.725Z","importId":3,"level":"WARN","message":"Linha 13850: Pontuação é 0 ou null","category":"PONTUACAO","context":{"rowNumber":13850,"points":0,"cnpj":"25773332850","saleId":"209343M1703105","executiveName":"VALDIR ULMER MOELLER"}}
{"timestamp":"2026-03-16T19:43:43.729Z","importId":3,"level":"WARN","message":"Linha 13853: Pontuação é 0 ou null","category":"PONTUACAO","context":{"rowNumber":13853,"points":0,"cnpj":"25773332850","saleId":"209327M1703114","executiveName":"VALDIR ULMER MOELLER"}}
{"timestamp":"2026-03-16T19:43:43.735Z","importId":3,"level":"WARN","message":"Linha 13856: Pontuação é 0 ou null","category":"PONTUACAO","context":{"rowNumber":13856,"points":0,"cnpj":"25773332850","saleId":"209206M1703113","executiveName":"VALDIR ULMER MOELLER"}}
{"timestamp":"2026-03-16T19:43:43.757Z","importId":3,"level":"WARN","message":"Linha 13874: Pontuação é 0 ou null","category":"PONTUACAO","context":{"rowNumber":13874,"points":0,"cnpj":"25773332850","saleId":"208904M1703102","executiveName":"VALDIR ULMER MOELLER"}}
{"timestamp":"2026-03-16T19:43:43.768Z","importId":3,"level":"WARN","message":"Linha 13880: Pontuação é 0 ou null","category":"PONTUACAO","context":{"rowNumber":13880,"points":0,"cnpj":"25773332850","saleId":"208689M1703101","executiveName":"VALDIR ULMER MOELLER"}}
{"timestamp":"2026-03-16T19:43:43.851Z","importId":3,"level":"WARN","message":"Linha 13943: Pontuação é 0 ou null","category":"PONTUACAO","context":{"rowNumber":13943,"points":0,"cnpj":"25773332850","saleId":"208844M1703098","executiveName":"VALDIR ULMER MOELLER"}}
{"timestamp":"2026-03-16T19:43:44.015Z","importId":3,"level":"WARN","message":"Linha 14063: Pontuação é 0 ou null","category":"PONTUACAO","context":{"rowNumber":14063,"points":0,"cnpj":"41416177000150","saleId":"207052M1703155","executiveName":"Sem Promotor"}}
{"timestamp":"2026-03-16T19:43:44.931Z","importId":3,"level":"WARN","message":"Linha 14758: Pontuação é 0 ou null","category":"PONTUACAO","context":{"rowNumber":14758,"points":0,"cnpj":"28845497000168","saleId":"3420820A","executiveName":"Karla Reis"}}
{"timestamp":"2026-03-16T19:43:44.937Z","importId":3,"level":"WARN","message":"Linha 14760: Pontuação é 0 ou null","category":"PONTUACAO","context":{"rowNumber":14760,"points":0,"cnpj":"79379491000183","saleId":"3420796A","executiveName":"Marlon Wander"}}
{"timestamp":"2026-03-16T19:43:44.963Z","importId":3,"level":"WARN","message":"Linha 14775: Pontuação é 0 ou null","category":"PONTUACAO","context":{"rowNumber":14775,"points":0,"cnpj":"65231480000147","saleId":"3420768A","executiveName":"Elza Lara"}}
{"timestamp":"2026-03-16T19:43:44.967Z","importId":3,"level":"WARN","message":"Linha 14777: Pontuação é 0 ou null","category":"PONTUACAO","context":{"rowNumber":14777,"points":0,"cnpj":"35078592000149","saleId":"3420765A","executiveName":"Karla Reis"}}
{"timestamp":"2026-03-16T19:43:44.968Z","importId":3,"level":"WARN","message":"Linha 14778: Pontuação é 0 ou null","category":"PONTUACAO","context":{"rowNumber":14778,"points":0,"cnpj":"35078592000149","saleId":"3420764A","executiveName":"Karla Reis"}}
{"timestamp":"2026-03-16T19:43:44.974Z","importId":3,"level":"WARN","message":"Linha 14782: Pontuação é 0 ou null","category":"PONTUACAO","context":{"rowNumber":14782,"points":0,"cnpj":"40373092000170","saleId":"3420759A","executiveName":"Karla Reis"}}
{"timestamp":"2026-03-16T19:43:44.976Z","importId":3,"level":"WARN","message":"Linha 14783: Pontuação é 0 ou null","category":"PONTUACAO","context":{"rowNumber":14783,"points":0,"cnpj":"40373092000170","saleId":"3420758A","executiveName":"Karla Reis"}}
{"timestamp":"2026-03-16T19:43:44.977Z","importId":3,"level":"WARN","message":"Linha 14784: Pontuação é 0 ou null","category":"PONTUACAO","context":{"rowNumber":14784,"points":0,"cnpj":"40373092000170","saleId":"3420757A","executiveName":"Karla Reis"}}
{"timestamp":"2026-03-16T19:43:44.982Z","importId":3,"level":"WARN","message":"Linha 14787: Pontuação é 0 ou null","category":"PONTUACAO","context":{"rowNumber":14787,"points":0,"cnpj":"79379491000183","saleId":"3420797A","executiveName":"Marlon Wander"}}
{"timestamp":"2026-03-16T19:43:44.985Z","importId":3,"level":"WARN","message":"Linha 14789: Pontuação é 0 ou null","category":"PONTUACAO","context":{"rowNumber":14789,"points":0,"cnpj":"40304172000173","saleId":"3420798A","executiveName":"Elza Lara"}}
{"timestamp":"2026-03-16T19:43:44.987Z","importId":3,"level":"WARN","message":"Linha 14790: Pontuação é 0 ou null","category":"PONTUACAO","context":{"rowNumber":14790,"points":0,"cnpj":"18483090000184","saleId":"3420801A","executiveName":"Ricardo Morais"}}
{"timestamp":"2026-03-16T19:43:44.991Z","importId":3,"level":"WARN","message":"Linha 14794: Pontuação é 0 ou null","category":"PONTUACAO","context":{"rowNumber":14794,"points":0,"cnpj":"15117936000506","saleId":"3420913A","executiveName":"Ronaldo Coelho"}}
{"timestamp":"2026-03-16T19:43:44.993Z","importId":3,"level":"WARN","message":"Linha 14795: Pontuação é 0 ou null","category":"PONTUACAO","context":{"rowNumber":14795,"points":0,"cnpj":"01931473000175","saleId":"3420877A","executiveName":"Pasquale Neto"}}
{"timestamp":"2026-03-16T19:43:44.996Z","importId":3,"level":"WARN","message":"Linha 14796: Pontuação é 0 ou null","category":"PONTUACAO","context":{"rowNumber":14796,"points":0,"cnpj":"27380065000166","saleId":"3420862A","executiveName":"Ricardo Morais"}}
{"timestamp":"2026-03-16T19:43:45.000Z","importId":3,"level":"WARN","message":"Linha 14800: Pontuação é 0 ou null","category":"PONTUACAO","context":{"rowNumber":14800,"points":0,"cnpj":"10654543000186","saleId":"3420839A","executiveName":"Karla Reis"}}
{"timestamp":"2026-03-16T19:43:45.002Z","importId":3,"level":"WARN","message":"Linha 14801: Pontuação é 0 ou null","category":"PONTUACAO","context":{"rowNumber":14801,"points":0,"cnpj":"68253921000108","saleId":"3420838A","executiveName":"Soraya Romano"}}
{"timestamp":"2026-03-16T19:43:45.009Z","importId":3,"level":"WARN","message":"Linha 14805: Pontuação é 0 ou null","category":"PONTUACAO","context":{"rowNumber":14805,"points":0,"cnpj":"43304326000115","saleId":"3420822A","executiveName":"Ricardo Bueno"}}
{"timestamp":"2026-03-16T19:43:45.011Z","importId":3,"level":"WARN","message":"Linha 14806: Pontuação é 0 ou null","category":"PONTUACAO","context":{"rowNumber":14806,"points":0,"cnpj":"28845497000168","saleId":"3420821A","executiveName":"Karla Reis"}}
{"timestamp":"2026-03-16T19:43:45.012Z","importId":3,"level":"WARN","message":"Linha 14807: Pontuação é 0 ou null","category":"PONTUACAO","context":{"rowNumber":14807,"points":0,"cnpj":"28845497000168","saleId":"3420819A","executiveName":"Karla Reis"}}
{"timestamp":"2026-03-16T19:43:45.014Z","importId":3,"level":"WARN","message":"Linha 14808: Pontuação é 0 ou null","category":"PONTUACAO","context":{"rowNumber":14808,"points":0,"cnpj":"22624188000181","saleId":"3420817A","executiveName":"Ricardo Bueno"}}
{"timestamp":"2026-03-16T19:43:45.016Z","importId":3,"level":"WARN","message":"Linha 14809: Pontuação é 0 ou null","category":"PONTUACAO","context":{"rowNumber":14809,"points":0,"cnpj":"22624188000181","saleId":"3420816A","executiveName":"Ricardo Bueno"}}
{"timestamp":"2026-03-16T19:43:45.019Z","importId":3,"level":"WARN","message":"Linha 14810: Pontuação é 0 ou null","category":"PONTUACAO","context":{"rowNumber":14810,"points":0,"cnpj":"04033961000153","saleId":"3420814A","executiveName":"Elza Lara"}}
{"timestamp":"2026-03-16T19:43:45.020Z","importId":3,"level":"WARN","message":"Linha 14811: Pontuação é 0 ou null","category":"PONTUACAO","context":{"rowNumber":14811,"points":0,"cnpj":"03683159000146","saleId":"3420810A","executiveName":"Rafaela Soares"}}
{"timestamp":"2026-03-16T19:43:45.022Z","importId":3,"level":"WARN","message":"Linha 14812: Pontuação é 0 ou null","category":"PONTUACAO","context":{"rowNumber":14812,"points":0,"cnpj":"15210932000136","saleId":"3420809A","executiveName":"Claudia Dias"}}
{"timestamp":"2026-03-16T19:43:45.024Z","importId":3,"level":"WARN","message":"Linha 14813: Pontuação é 0 ou null","category":"PONTUACAO","context":{"rowNumber":14813,"points":0,"cnpj":"15210932000136","saleId":"3420808A","executiveName":"Claudia Dias"}}
{"timestamp":"2026-03-16T19:43:45.026Z","importId":3,"level":"WARN","message":"Linha 14814: Pontuação é 0 ou null","category":"PONTUACAO","context":{"rowNumber":14814,"points":0,"cnpj":"15210932000136","saleId":"3420807A","executiveName":"Claudia Dias"}}
{"timestamp":"2026-03-16T19:43:45.030Z","importId":3,"level":"WARN","message":"Linha 14815: Pontuação é 0 ou null","category":"PONTUACAO","context":{"rowNumber":14815,"points":0,"cnpj":"15210932000136","saleId":"3420806A","executiveName":"Claudia Dias"}}
{"timestamp":"2026-03-16T19:43:45.031Z","importId":3,"level":"WARN","message":"Linha 14816: Pontuação é 0 ou null","category":"PONTUACAO","context":{"rowNumber":14816,"points":0,"cnpj":"01004367000146","saleId":"3420805A","executiveName":"Marlon Wander"}}
{"timestamp":"2026-03-16T19:43:45.033Z","importId":3,"level":"WARN","message":"Linha 14817: Pontuação é 0 ou null","category":"PONTUACAO","context":{"rowNumber":14817,"points":0,"cnpj":"01004367000146","saleId":"3420804A","executiveName":"Marlon Wander"}}
{"timestamp":"2026-03-16T19:43:45.035Z","importId":3,"level":"WARN","message":"Linha 14818: Pontuação é 0 ou null","category":"PONTUACAO","context":{"rowNumber":14818,"points":0,"cnpj":"40304172000173","saleId":"3420799A","executiveName":"Elza Lara"}}
{"timestamp":"2026-03-16T19:43:45.038Z","importId":3,"level":"WARN","message":"Linha 14821: Pontuação é 0 ou null","category":"PONTUACAO","context":{"rowNumber":14821,"points":0,"cnpj":"22225061000190","saleId":"3420751A","executiveName":"Miguel Jenotti"}}
{"timestamp":"2026-03-16T19:43:45.041Z","importId":3,"level":"WARN","message":"Linha 14822: Pontuação é 0 ou null","category":"PONTUACAO","context":{"rowNumber":14822,"points":0,"cnpj":"17519446000120","saleId":"3420718A","executiveName":"Ricardo Morais"}}
{"timestamp":"2026-03-16T19:43:45.046Z","importId":3,"level":"WARN","message":"Linha 14825: Pontuação é 0 ou null","category":"PONTUACAO","context":{"rowNumber":14825,"points":0,"cnpj":"06698980000124","saleId":"3420709A","executiveName":"Cristiano Dafre"}}
{"timestamp":"2026-03-16T19:43:45.053Z","importId":3,"level":"WARN","message":"Linha 14830: Pontuação é 0 ou null","category":"PONTUACAO","context":{"rowNumber":14830,"points":0,"cnpj":"05488469000135","saleId":"3420703A","executiveName":"Claudia Dias"}}
{"timestamp":"2026-03-16T19:43:45.055Z","importId":3,"level":"WARN","message":"Linha 14831: Pontuação é 0 ou null","category":"PONTUACAO","context":{"rowNumber":14831,"points":0,"cnpj":"07709889000120","saleId":"3420701A","executiveName":"Carlos Brito"}}
{"timestamp":"2026-03-16T19:43:45.078Z","importId":3,"level":"WARN","message":"Linha 14849: Pontuação é 0 ou null","category":"PONTUACAO","context":{"rowNumber":14849,"points":0,"cnpj":"03918816000197","saleId":"3420719A","executiveName":"Ricardo Morais"}}
{"timestamp":"2026-03-16T19:43:45.087Z","importId":3,"level":"WARN","message":"Linha 14857: Pontuação é 0 ou null","category":"PONTUACAO","context":{"rowNumber":14857,"points":0,"cnpj":"29944382000193","saleId":"3420746A","executiveName":"Clarissa Cavalheiro"}}
{"timestamp":"2026-03-16T19:43:45.093Z","importId":3,"level":"WARN","message":"Linha 14862: Pontuação é 0 ou null","category":"PONTUACAO","context":{"rowNumber":14862,"points":0,"cnpj":"20536275000151","saleId":"3420741A","executiveName":"Elza Lara"}}
{"timestamp":"2026-03-16T19:43:45.096Z","importId":3,"level":"WARN","message":"Linha 14863: Pontuação é 0 ou null","category":"PONTUACAO","context":{"rowNumber":14863,"points":0,"cnpj":"24821099000150","saleId":"3420740A","executiveName":"Elza Lara"}}
{"timestamp":"2026-03-16T19:43:45.098Z","importId":3,"level":"WARN","message":"Linha 14864: Pontuação é 0 ou null","category":"PONTUACAO","context":{"rowNumber":14864,"points":0,"cnpj":"24821099000150","saleId":"3420739A","executiveName":"Elza Lara"}}
{"timestamp":"2026-03-16T19:43:45.101Z","importId":3,"level":"WARN","message":"Linha 14865: Pontuação é 0 ou null","category":"PONTUACAO","context":{"rowNumber":14865,"points":0,"cnpj":"24821099000150","saleId":"3420738A","executiveName":"Elza Lara"}}
{"timestamp":"2026-03-16T19:43:45.102Z","importId":3,"level":"WARN","message":"Linha 14866: Pontuação é 0 ou null","category":"PONTUACAO","context":{"rowNumber":14866,"points":0,"cnpj":"26605232000167","saleId":"3420737A","executiveName":"Ricardo Bueno"}}
{"timestamp":"2026-03-16T19:43:45.104Z","importId":3,"level":"WARN","message":"Linha 14867: Pontuação é 0 ou null","category":"PONTUACAO","context":{"rowNumber":14867,"points":0,"cnpj":"26605232000167","saleId":"3420736A","executiveName":"Ricardo Bueno"}}
{"timestamp":"2026-03-16T19:43:45.107Z","importId":3,"level":"WARN","message":"Linha 14868: Pontuação é 0 ou null","category":"PONTUACAO","context":{"rowNumber":14868,"points":0,"cnpj":"24327557000108","saleId":"3420735A","executiveName":"Leonardo Ligabo"}}
{"timestamp":"2026-03-16T19:43:45.109Z","importId":3,"level":"WARN","message":"Linha 14869: Pontuação é 0 ou null","category":"PONTUACAO","context":{"rowNumber":14869,"points":0,"cnpj":"24194791000104","saleId":"3420734A","executiveName":"Elzo Nogueira"}}
{"timestamp":"2026-03-16T19:43:45.111Z","importId":3,"level":"WARN","message":"Linha 14870: Pontuação é 0 ou null","category":"PONTUACAO","context":{"rowNumber":14870,"points":0,"cnpj":"03329746000131","saleId":"3420733A","executiveName":"Luana Fagundes"}}
{"timestamp":"2026-03-16T19:43:45.112Z","importId":3,"level":"WARN","message":"Linha 14871: Pontuação é 0 ou null","category":"PONTUACAO","context":{"rowNumber":14871,"points":0,"cnpj":"03329746000131","saleId":"3420732A","executiveName":"Luana Fagundes"}}
{"timestamp":"2026-03-16T19:43:45.114Z","importId":3,"level":"WARN","message":"Linha 14872: Pontuação é 0 ou null","category":"PONTUACAO","context":{"rowNumber":14872,"points":0,"cnpj":"03329746000131","saleId":"3420731A","executiveName":"Luana Fagundes"}}
{"timestamp":"2026-03-16T19:43:45.117Z","importId":3,"level":"WARN","message":"Linha 14873: Pontuação é 0 ou null","category":"PONTUACAO","context":{"rowNumber":14873,"points":0,"cnpj":"03329746000131","saleId":"3420730A","executiveName":"Luana Fagundes"}}
{"timestamp":"2026-03-16T19:43:45.130Z","importId":3,"level":"WARN","message":"Linha 14884: Pontuação é 0 ou null","category":"PONTUACAO","context":{"rowNumber":14884,"points":0,"cnpj":"22652163000191","saleId":"3426440A","executiveName":"Marlon Wander"}}
{"timestamp":"2026-03-16T19:43:45.133Z","importId":3,"level":"WARN","message":"Linha 14885: Pontuação é 0 ou null","category":"PONTUACAO","context":{"rowNumber":14885,"points":0,"cnpj":"13744379000196","saleId":"3426439A","executiveName":"Elza Lara"}}
{"timestamp":"2026-03-16T19:43:45.135Z","importId":3,"level":"WARN","message":"Linha 14886: Pontuação é 0 ou null","category":"PONTUACAO","context":{"rowNumber":14886,"points":0,"cnpj":"60963550000138","saleId":"3426416A","executiveName":"Marlon Wander"}}
{"timestamp":"2026-03-16T19:43:45.136Z","importId":3,"level":"WARN","message":"Linha 14887: Pontuação é 0 ou null","category":"PONTUACAO","context":{"rowNumber":14887,"points":0,"cnpj":"60963550000138","saleId":"3426415A","executiveName":"Marlon Wander"}}
{"timestamp":"2026-03-16T19:43:45.139Z","importId":3,"level":"WARN","message":"Linha 14888: Pontuação é 0 ou null","category":"PONTUACAO","context":{"rowNumber":14888,"points":0,"cnpj":"55378004000108","saleId":"3426410A","executiveName":"Maira Vallim"}}
{"timestamp":"2026-03-16T19:43:45.141Z","importId":3,"level":"WARN","message":"Linha 14889: Pontuação é 0 ou null","category":"PONTUACAO","context":{"rowNumber":14889,"points":0,"cnpj":"55378004000108","saleId":"3426409A","executiveName":"Maira Vallim"}}
{"timestamp":"2026-03-16T19:43:45.143Z","importId":3,"level":"WARN","message":"Linha 14890: Pontuação é 0 ou null","category":"PONTUACAO","context":{"rowNumber":14890,"points":0,"cnpj":"02708513000187","saleId":"3426408A","executiveName":"Pasquale Neto"}}
{"timestamp":"2026-03-16T19:43:45.145Z","importId":3,"level":"WARN","message":"Linha 14891: Pontuação é 0 ou null","category":"PONTUACAO","context":{"rowNumber":14891,"points":0,"cnpj":"07304097000175","saleId":"3426407A","executiveName":"Miguel Jenotti"}}
{"timestamp":"2026-03-16T19:43:45.146Z","importId":3,"level":"WARN","message":"Linha 14892: Pontuação é 0 ou null","category":"PONTUACAO","context":{"rowNumber":14892,"points":0,"cnpj":"48186332000139","saleId":"3426395A","executiveName":"Ricardo Morais"}}
{"timestamp":"2026-03-16T19:43:45.149Z","importId":3,"level":"WARN","message":"Linha 14893: Pontuação é 0 ou null","category":"PONTUACAO","context":{"rowNumber":14893,"points":0,"cnpj":"48186332000139","saleId":"3426394A","executiveName":"Ricardo Morais"}}
{"timestamp":"2026-03-16T19:43:45.151Z","importId":3,"level":"WARN","message":"Linha 14894: Pontuação é 0 ou null","category":"PONTUACAO","context":{"rowNumber":14894,"points":0,"cnpj":"07697910000114","saleId":"3426391A","executiveName":"Miguel Jenotti"}}
{"timestamp":"2026-03-16T19:43:45.153Z","importId":3,"level":"WARN","message":"Linha 14895: Pontuação é 0 ou null","category":"PONTUACAO","context":{"rowNumber":14895,"points":0,"cnpj":"07697910000114","saleId":"3426390A","executiveName":"Miguel Jenotti"}}
{"timestamp":"2026-03-16T19:43:45.155Z","importId":3,"level":"WARN","message":"Linha 14896: Pontuação é 0 ou null","category":"PONTUACAO","context":{"rowNumber":14896,"points":0,"cnpj":"02176990000149","saleId":"3426389A","executiveName":"Gabriela Carvalho"}}
{"timestamp":"2026-03-16T19:43:45.156Z","importId":3,"level":"WARN","message":"Linha 14897: Pontuação é 0 ou null","category":"PONTUACAO","context":{"rowNumber":14897,"points":0,"cnpj":"57608093000159","saleId":"3426378A","executiveName":"Cristiano Dafre"}}
{"timestamp":"2026-03-16T19:43:45.158Z","importId":3,"level":"WARN","message":"Linha 14898: Pontuação é 0 ou null","category":"PONTUACAO","context":{"rowNumber":14898,"points":0,"cnpj":"00003058000199","saleId":"3426377A","executiveName":"Pasquale Neto"}}
{"timestamp":"2026-03-16T19:43:45.161Z","importId":3,"level":"WARN","message":"Linha 14900: Pontuação é 0 ou null","category":"PONTUACAO","context":{"rowNumber":14900,"points":0,"cnpj":"38498558000111","saleId":"3423969A","executiveName":"Elza Lara"}}
{"timestamp":"2026-03-16T19:43:45.163Z","importId":3,"level":"WARN","message":"Linha 14901: Pontuação é 0 ou null","category":"PONTUACAO","context":{"rowNumber":14901,"points":0,"cnpj":"38498558000111","saleId":"3423965A","executiveName":"Elza Lara"}}
{"timestamp":"2026-03-16T19:43:45.164Z","importId":3,"level":"WARN","message":"Linha 14902: Pontuação é 0 ou null","category":"PONTUACAO","context":{"rowNumber":14902,"points":0,"cnpj":"59397149000107","saleId":"3423882A","executiveName":"William Silva"}}
{"timestamp":"2026-03-16T19:43:45.167Z","importId":3,"level":"WARN","message":"Linha 14904: Pontuação é 0 ou null","category":"PONTUACAO","context":{"rowNumber":14904,"points":0,"cnpj":"28942436000119","saleId":"3423860A","executiveName":"Claudia Dias"}}
{"timestamp":"2026-03-16T19:43:45.171Z","importId":3,"level":"WARN","message":"Linha 14905: Pontuação é 0 ou null","category":"PONTUACAO","context":{"rowNumber":14905,"points":0,"cnpj":"00264550000118","saleId":"3423806A","executiveName":"Elza Lara"}}
{"timestamp":"2026-03-16T19:43:45.172Z","importId":3,"level":"WARN","message":"Linha 14906: Pontuação é 0 ou null","category":"PONTUACAO","context":{"rowNumber":14906,"points":0,"cnpj":"50592007000118","saleId":"3423416A","executiveName":"Marlon Wander"}}
{"timestamp":"2026-03-16T19:43:45.174Z","importId":3,"level":"WARN","message":"Linha 14907: Pontuação é 0 ou null","category":"PONTUACAO","context":{"rowNumber":14907,"points":0,"cnpj":"49129688000101","saleId":"3423415A","executiveName":"Marlon Wander"}}
{"timestamp":"2026-03-16T19:43:45.176Z","importId":3,"level":"WARN","message":"Linha 14908: Pontuação é 0 ou null","category":"PONTUACAO","context":{"rowNumber":14908,"points":0,"cnpj":"50845480000160","saleId":"3423406A","executiveName":"Marlon Wander"}}
{"timestamp":"2026-03-16T19:43:45.178Z","importId":3,"level":"WARN","message":"Linha 14909: Pontuação é 0 ou null","category":"PONTUACAO","context":{"rowNumber":14909,"points":0,"cnpj":"49129688000101","saleId":"3423392A","executiveName":"Marlon Wander"}}
{"timestamp":"2026-03-16T19:43:45.180Z","importId":3,"level":"WARN","message":"Linha 14910: Pontuação é 0 ou null","category":"PONTUACAO","context":{"rowNumber":14910,"points":0,"cnpj":"75527804000142","saleId":"3423377A","executiveName":"Clarissa Cavalheiro"}}
{"timestamp":"2026-03-16T19:43:45.182Z","importId":3,"level":"WARN","message":"Linha 14911: Pontuação é 0 ou null","category":"PONTUACAO","context":{"rowNumber":14911,"points":0,"cnpj":"11462986000138","saleId":"3426441A","executiveName":"Leonardo Ligabo"}}
{"timestamp":"2026-03-16T19:43:45.184Z","importId":3,"level":"WARN","message":"Linha 14913: Pontuação é 0 ou null","category":"PONTUACAO","context":{"rowNumber":14913,"points":0,"cnpj":"18189867000100","saleId":"3426442A","executiveName":"Miguel Jenotti"}}
{"timestamp":"2026-03-16T19:43:45.186Z","importId":3,"level":"WARN","message":"Linha 14914: Pontuação é 0 ou null","category":"PONTUACAO","context":{"rowNumber":14914,"points":0,"cnpj":"30607677000153","saleId":"3426454A","executiveName":"Rafaela Soares"}}
{"timestamp":"2026-03-16T19:43:45.189Z","importId":3,"level":"WARN","message":"Linha 14916: Pontuação é 0 ou null","category":"PONTUACAO","context":{"rowNumber":14916,"points":0,"cnpj":"32172167000126","saleId":"3430325A","executiveName":"Carlos Barbassa"}}
{"timestamp":"2026-03-16T19:43:45.192Z","importId":3,"level":"WARN","message":"Linha 14917: Pontuação é 0 ou null","category":"PONTUACAO","context":{"rowNumber":14917,"points":0,"cnpj":"17556546000126","saleId":"3426828A","executiveName":"Armando Soares"}}
{"timestamp":"2026-03-16T19:43:45.193Z","importId":3,"level":"WARN","message":"Linha 14918: Pontuação é 0 ou null","category":"PONTUACAO","context":{"rowNumber":14918,"points":0,"cnpj":"41434285000156","saleId":"3426818A","executiveName":"Claudia Dias"}}
{"timestamp":"2026-03-16T19:43:45.195Z","importId":3,"level":"WARN","message":"Linha 14919: Pontuação é 0 ou null","category":"PONTUACAO","context":{"rowNumber":14919,"points":0,"cnpj":"41434285000156","saleId":"3426817A","executiveName":"Claudia Dias"}}
{"timestamp":"2026-03-16T19:43:45.201Z","importId":3,"level":"WARN","message":"Linha 14924: Pontuação é 0 ou null","category":"PONTUACAO","context":{"rowNumber":14924,"points":0,"cnpj":"35104274000105","saleId":"3426795A","executiveName":"Carlos Barbassa"}}
{"timestamp":"2026-03-16T19:43:45.204Z","importId":3,"level":"WARN","message":"Linha 14925: Pontuação é 0 ou null","category":"PONTUACAO","context":{"rowNumber":14925,"points":0,"cnpj":"35104274000105","saleId":"3426794A","executiveName":"Carlos Barbassa"}}
{"timestamp":"2026-03-16T19:43:45.206Z","importId":3,"level":"WARN","message":"Linha 14927: Pontuação é 0 ou null","category":"PONTUACAO","context":{"rowNumber":14927,"points":0,"cnpj":"03683159000146","saleId":"3426784A","executiveName":"Rafaela Soares"}}
{"timestamp":"2026-03-16T19:43:45.208Z","importId":3,"level":"WARN","message":"Linha 14928: Pontuação é 0 ou null","category":"PONTUACAO","context":{"rowNumber":14928,"points":0,"cnpj":"17351457000143","saleId":"3426477A","executiveName":"Ricardo Morais"}}
{"timestamp":"2026-03-16T19:43:45.210Z","importId":3,"level":"WARN","message":"Linha 14929: Pontuação é 0 ou null","category":"PONTUACAO","context":{"rowNumber":14929,"points":0,"cnpj":"17351457000143","saleId":"3426476A","executiveName":"Ricardo Morais"}}
{"timestamp":"2026-03-16T19:43:45.212Z","importId":3,"level":"WARN","message":"Linha 14930: Pontuação é 0 ou null","category":"PONTUACAO","context":{"rowNumber":14930,"points":0,"cnpj":"20929210000176","saleId":"3426475A","executiveName":"Gabriela Carvalho"}}
{"timestamp":"2026-03-16T19:43:45.214Z","importId":3,"level":"WARN","message":"Linha 14931: Pontuação é 0 ou null","category":"PONTUACAO","context":{"rowNumber":14931,"points":0,"cnpj":"40373092000170","saleId":"3426474A","executiveName":"Karla Reis"}}
{"timestamp":"2026-03-16T19:43:45.216Z","importId":3,"level":"WARN","message":"Linha 14932: Pontuação é 0 ou null","category":"PONTUACAO","context":{"rowNumber":14932,"points":0,"cnpj":"28845497000168","saleId":"3426473A","executiveName":"Karla Reis"}}
{"timestamp":"2026-03-16T19:43:45.218Z","importId":3,"level":"WARN","message":"Linha 14933: Pontuação é 0 ou null","category":"PONTUACAO","context":{"rowNumber":14933,"points":0,"cnpj":"28845497000168","saleId":"3426472A","executiveName":"Karla Reis"}}
{"timestamp":"2026-03-16T19:43:45.220Z","importId":3,"level":"WARN","message":"Linha 14934: Pontuação é 0 ou null","category":"PONTUACAO","context":{"rowNumber":14934,"points":0,"cnpj":"28845497000168","saleId":"3426471A","executiveName":"Karla Reis"}}
{"timestamp":"2026-03-16T19:43:45.223Z","importId":3,"level":"WARN","message":"Linha 14935: Pontuação é 0 ou null","category":"PONTUACAO","context":{"rowNumber":14935,"points":0,"cnpj":"28845497000168","saleId":"3426470A","executiveName":"Karla Reis"}}
{"timestamp":"2026-03-16T19:43:45.225Z","importId":3,"level":"WARN","message":"Linha 14936: Pontuação é 0 ou null","category":"PONTUACAO","context":{"rowNumber":14936,"points":0,"cnpj":"28845497000168","saleId":"3426469A","executiveName":"Karla Reis"}}
{"timestamp":"2026-03-16T19:43:45.227Z","importId":3,"level":"WARN","message":"Linha 14937: Pontuação é 0 ou null","category":"PONTUACAO","context":{"rowNumber":14937,"points":0,"cnpj":"28845497000168","saleId":"3426468A","executiveName":"Karla Reis"}}
{"timestamp":"2026-03-16T19:43:45.229Z","importId":3,"level":"WARN","message":"Linha 14938: Pontuação é 0 ou null","category":"PONTUACAO","context":{"rowNumber":14938,"points":0,"cnpj":"28845497000168","saleId":"3426467A","executiveName":"Karla Reis"}}
{"timestamp":"2026-03-16T19:43:45.230Z","importId":3,"level":"WARN","message":"Linha 14939: Pontuação é 0 ou null","category":"PONTUACAO","context":{"rowNumber":14939,"points":0,"cnpj":"28845497000168","saleId":"3426466A","executiveName":"Karla Reis"}}
{"timestamp":"2026-03-16T19:43:45.232Z","importId":3,"level":"WARN","message":"Linha 14940: Pontuação é 0 ou null","category":"PONTUACAO","context":{"rowNumber":14940,"points":0,"cnpj":"28845497000168","saleId":"3426465A","executiveName":"Karla Reis"}}
{"timestamp":"2026-03-16T19:43:45.234Z","importId":3,"level":"WARN","message":"Linha 14941: Pontuação é 0 ou null","category":"PONTUACAO","context":{"rowNumber":14941,"points":0,"cnpj":"28845497000168","saleId":"3426464A","executiveName":"Karla Reis"}}
{"timestamp":"2026-03-16T19:43:45.236Z","importId":3,"level":"WARN","message":"Linha 14942: Pontuação é 0 ou null","category":"PONTUACAO","context":{"rowNumber":14942,"points":0,"cnpj":"20536275000151","saleId":"3426451A","executiveName":"Elza Lara"}}
{"timestamp":"2026-03-16T19:43:45.241Z","importId":3,"level":"WARN","message":"Linha 14945: Pontuação é 0 ou null","category":"PONTUACAO","context":{"rowNumber":14945,"points":0,"cnpj":"10480372000116","saleId":"3423369A","executiveName":"Kelly Furno"}}
{"timestamp":"2026-03-16T19:43:45.243Z","importId":3,"level":"WARN","message":"Linha 14946: Pontuação é 0 ou null","category":"PONTUACAO","context":{"rowNumber":14946,"points":0,"cnpj":"03677175000126","saleId":"3421742A","executiveName":"Rafaela Soares"}}
{"timestamp":"2026-03-16T19:43:45.244Z","importId":3,"level":"WARN","message":"Linha 14947: Pontuação é 0 ou null","category":"PONTUACAO","context":{"rowNumber":14947,"points":0,"cnpj":"03677175000126","saleId":"3421741A","executiveName":"Rafaela Soares"}}
{"timestamp":"2026-03-16T19:43:45.247Z","importId":3,"level":"WARN","message":"Linha 14948: Pontuação é 0 ou null","category":"PONTUACAO","context":{"rowNumber":14948,"points":0,"cnpj":"18483090000184","saleId":"3421735A","executiveName":"Ricardo Morais"}}
{"timestamp":"2026-03-16T19:43:45.249Z","importId":3,"level":"WARN","message":"Linha 14949: Pontuação é 0 ou null","category":"PONTUACAO","context":{"rowNumber":14949,"points":0,"cnpj":"58758327000107","saleId":"3421731A","executiveName":"Pasquale Neto"}}
{"timestamp":"2026-03-16T19:43:45.251Z","importId":3,"level":"WARN","message":"Linha 14950: Pontuação é 0 ou null","category":"PONTUACAO","context":{"rowNumber":14950,"points":0,"cnpj":"46878674000194","saleId":"3421730A","executiveName":"Claudia Dias"}}
{"timestamp":"2026-03-16T19:43:45.253Z","importId":3,"level":"WARN","message":"Linha 14951: Pontuação é 0 ou null","category":"PONTUACAO","context":{"rowNumber":14951,"points":0,"cnpj":"57608093000159","saleId":"3421729A","executiveName":"Cristiano Dafre"}}
{"timestamp":"2026-03-16T19:43:45.254Z","importId":3,"level":"WARN","message":"Linha 14952: Pontuação é 0 ou null","category":"PONTUACAO","context":{"rowNumber":14952,"points":0,"cnpj":"57608093000159","saleId":"3421727A","executiveName":"Cristiano Dafre"}}
{"timestamp":"2026-03-16T19:43:45.256Z","importId":3,"level":"WARN","message":"Linha 14953: Pontuação é 0 ou null","category":"PONTUACAO","context":{"rowNumber":14953,"points":0,"cnpj":"59717926000145","saleId":"3421724A","executiveName":"Ronaldo Coelho"}}
{"timestamp":"2026-03-16T19:43:45.258Z","importId":3,"level":"WARN","message":"Linha 14954: Pontuação é 0 ou null","category":"PONTUACAO","context":{"rowNumber":14954,"points":0,"cnpj":"59717926000145","saleId":"3421723A","executiveName":"Ronaldo Coelho"}}
{"timestamp":"2026-03-16T19:43:45.265Z","importId":3,"level":"WARN","message":"Linha 14959: Pontuação é 0 ou null","category":"PONTUACAO","context":{"rowNumber":14959,"points":0,"cnpj":"22225061000190","saleId":"3421484A","executiveName":"Miguel Jenotti"}}
{"timestamp":"2026-03-16T19:43:45.267Z","importId":3,"level":"WARN","message":"Linha 14960: Pontuação é 0 ou null","category":"PONTUACAO","context":{"rowNumber":14960,"points":0,"cnpj":"02116253000150","saleId":"3421466A","executiveName":"Elza Lara"}}
{"timestamp":"2026-03-16T19:43:45.272Z","importId":3,"level":"WARN","message":"Linha 14963: Pontuação é 0 ou null","category":"PONTUACAO","context":{"rowNumber":14963,"points":0,"cnpj":"41434285000156","saleId":"3421179A","executiveName":"Claudia Dias"}}
{"timestamp":"2026-03-16T19:43:45.274Z","importId":3,"level":"WARN","message":"Linha 14964: Pontuação é 0 ou null","category":"PONTUACAO","context":{"rowNumber":14964,"points":0,"cnpj":"41434285000156","saleId":"3421158A","executiveName":"Claudia Dias"}}
{"timestamp":"2026-03-16T19:43:45.277Z","importId":3,"level":"WARN","message":"Linha 14965: Pontuação é 0 ou null","category":"PONTUACAO","context":{"rowNumber":14965,"points":0,"cnpj":"32896161000100","saleId":"3421106A","executiveName":"Cristiano Dafre"}}
{"timestamp":"2026-03-16T19:43:45.287Z","importId":3,"level":"WARN","message":"Linha 14973: Pontuação é 0 ou null","category":"PONTUACAO","context":{"rowNumber":14973,"points":0,"cnpj":"03677175000126","saleId":"3421743A","executiveName":"Rafaela Soares"}}
{"timestamp":"2026-03-16T19:43:45.289Z","importId":3,"level":"WARN","message":"Linha 14974: Pontuação é 0 ou null","category":"PONTUACAO","context":{"rowNumber":14974,"points":0,"cnpj":"19520078000165","saleId":"3423371A","executiveName":"Karla Reis"}}
{"timestamp":"2026-03-16T19:43:45.293Z","importId":3,"level":"WARN","message":"Linha 14975: Pontuação é 0 ou null","category":"PONTUACAO","context":{"rowNumber":14975,"points":0,"cnpj":"03677175000126","saleId":"3421744A","executiveName":"Rafaela Soares"}}
{"timestamp":"2026-03-16T19:43:45.295Z","importId":3,"level":"WARN","message":"Linha 14976: Pontuação é 0 ou null","category":"PONTUACAO","context":{"rowNumber":14976,"points":0,"cnpj":"04697484000120","saleId":"3421748A","executiveName":"Elza Lara"}}
{"timestamp":"2026-03-16T19:43:45.297Z","importId":3,"level":"WARN","message":"Linha 14977: Pontuação é 0 ou null","category":"PONTUACAO","context":{"rowNumber":14977,"points":0,"cnpj":"10972092000125","saleId":"3423365A","executiveName":"Marlon Wander"}}
{"timestamp":"2026-03-16T19:43:45.299Z","importId":3,"level":"WARN","message":"Linha 14978: Pontuação é 0 ou null","category":"PONTUACAO","context":{"rowNumber":14978,"points":0,"cnpj":"07389466000170","saleId":"3423355A","executiveName":"Armando Soares"}}
{"timestamp":"2026-03-16T19:43:45.302Z","importId":3,"level":"WARN","message":"Linha 14979: Pontuação é 0 ou null","category":"PONTUACAO","context":{"rowNumber":14979,"points":0,"cnpj":"07389466000170","saleId":"3423354A","executiveName":"Armando Soares"}}
{"timestamp":"2026-03-16T19:43:45.307Z","importId":3,"level":"WARN","message":"Linha 14982: Pontuação é 0 ou null","category":"PONTUACAO","context":{"rowNumber":14982,"points":0,"cnpj":"21432799000165","saleId":"3423349A","executiveName":"Andreza Lubatsch"}}
{"timestamp":"2026-03-16T19:43:45.309Z","importId":3,"level":"WARN","message":"Linha 14983: Pontuação é 0 ou null","category":"PONTUACAO","context":{"rowNumber":14983,"points":0,"cnpj":"24825865000155","saleId":"3423334A","executiveName":"Luana Fagundes"}}
{"timestamp":"2026-03-16T19:43:45.311Z","importId":3,"level":"WARN","message":"Linha 14984: Pontuação é 0 ou null","category":"PONTUACAO","context":{"rowNumber":14984,"points":0,"cnpj":"24825865000155","saleId":"3423333A","executiveName":"Luana Fagundes"}}
{"timestamp":"2026-03-16T19:43:45.314Z","importId":3,"level":"WARN","message":"Linha 14985: Pontuação é 0 ou null","category":"PONTUACAO","context":{"rowNumber":14985,"points":0,"cnpj":"15875000000102","saleId":"3423277A","executiveName":"Elza Lara"}}
{"timestamp":"2026-03-16T19:43:45.317Z","importId":3,"level":"WARN","message":"Linha 14986: Pontuação é 0 ou null","category":"PONTUACAO","context":{"rowNumber":14986,"points":0,"cnpj":"15875000000102","saleId":"3423276A","executiveName":"Elza Lara"}}
{"timestamp":"2026-03-16T19:43:45.318Z","importId":3,"level":"WARN","message":"Linha 14987: Pontuação é 0 ou null","category":"PONTUACAO","context":{"rowNumber":14987,"points":0,"cnpj":"05424761000194","saleId":"3423218A","executiveName":"Marlon Wander"}}
{"timestamp":"2026-03-16T19:43:45.320Z","importId":3,"level":"WARN","message":"Linha 14988: Pontuação é 0 ou null","category":"PONTUACAO","context":{"rowNumber":14988,"points":0,"cnpj":"05424761000194","saleId":"3423217A","executiveName":"Marlon Wander"}}
{"timestamp":"2026-03-16T19:43:45.323Z","importId":3,"level":"WARN","message":"Linha 14989: Pontuação é 0 ou null","category":"PONTUACAO","context":{"rowNumber":14989,"points":0,"cnpj":"05424761000194","saleId":"3423216A","executiveName":"Marlon Wander"}}
{"timestamp":"2026-03-16T19:43:45.331Z","importId":3,"level":"WARN","message":"Linha 14995: Pontuação é 0 ou null","category":"PONTUACAO","context":{"rowNumber":14995,"points":0,"cnpj":"41369871000164","saleId":"3421768A","executiveName":"Marlon Wander"}}
{"timestamp":"2026-03-16T19:43:45.334Z","importId":3,"level":"WARN","message":"Linha 14996: Pontuação é 0 ou null","category":"PONTUACAO","context":{"rowNumber":14996,"points":0,"cnpj":"41369871000164","saleId":"3421767A","executiveName":"Marlon Wander"}}
{"timestamp":"2026-03-16T19:43:45.336Z","importId":3,"level":"WARN","message":"Linha 14997: Pontuação é 0 ou null","category":"PONTUACAO","context":{"rowNumber":14997,"points":0,"cnpj":"41369871000164","saleId":"3421766A","executiveName":"Marlon Wander"}}
{"timestamp":"2026-03-16T19:43:45.338Z","importId":3,"level":"WARN","message":"Linha 14998: Pontuação é 0 ou null","category":"PONTUACAO","context":{"rowNumber":14998,"points":0,"cnpj":"41369871000164","saleId":"3421765A","executiveName":"Marlon Wander"}}
{"timestamp":"2026-03-16T19:43:45.341Z","importId":3,"level":"WARN","message":"Linha 14999: Pontuação é 0 ou null","category":"PONTUACAO","context":{"rowNumber":14999,"points":0,"cnpj":"18745572000165","saleId":"3421763A","executiveName":"Karla Reis"}}
{"timestamp":"2026-03-16T19:43:45.343Z","importId":3,"level":"WARN","message":"Linha 15000: Pontuação é 0 ou null","category":"PONTUACAO","context":{"rowNumber":15000,"points":0,"cnpj":"18745572000165","saleId":"3421762A","executiveName":"Karla Reis"}}
{"timestamp":"2026-03-16T19:43:45.345Z","importId":3,"level":"WARN","message":"Linha 15001: Pontuação é 0 ou null","category":"PONTUACAO","context":{"rowNumber":15001,"points":0,"cnpj":"18745572000165","saleId":"3421761A","executiveName":"Karla Reis"}}
{"timestamp":"2026-03-16T19:43:45.346Z","importId":3,"level":"WARN","message":"Linha 15002: Pontuação é 0 ou null","category":"PONTUACAO","context":{"rowNumber":15002,"points":0,"cnpj":"18745572000165","saleId":"3421760A","executiveName":"Karla Reis"}}
{"timestamp":"2026-03-16T19:43:45.348Z","importId":3,"level":"WARN","message":"Linha 15003: Pontuação é 0 ou null","category":"PONTUACAO","context":{"rowNumber":15003,"points":0,"cnpj":"04697484000120","saleId":"3421749A","executiveName":"Elza Lara"}}
{"timestamp":"2026-03-16T19:43:45.349Z","importId":3,"level":"WARN","message":"Linha 15004: Pontuação é 0 ou null","category":"PONTUACAO","context":{"rowNumber":15004,"points":0,"cnpj":"07304097000175","saleId":"3421747A","executiveName":"Miguel Jenotti"}}
{"timestamp":"2026-03-16T19:43:45.876Z","importId":3,"level":"WARN","message":"Linha 15410: Pontuação é 0 ou null","category":"PONTUACAO","context":{"rowNumber":15410,"points":0,"cnpj":"27060935000110","saleId":"3418849A","executiveName":"Elza Lara"}}
{"timestamp":"2026-03-16T19:43:45.886Z","importId":3,"level":"WARN","message":"Linha 15411: Pontuação é 0 ou null","category":"PONTUACAO","context":{"rowNumber":15411,"points":0,"cnpj":"26203213000104","saleId":"3418848A","executiveName":"Roberto Garbin"}}
{"timestamp":"2026-03-16T19:43:45.895Z","importId":3,"level":"WARN","message":"Linha 15412: Pontuação é 0 ou null","category":"PONTUACAO","context":{"rowNumber":15412,"points":0,"cnpj":"26203213000104","saleId":"3418847A","executiveName":"Roberto Garbin"}}
{"timestamp":"2026-03-16T19:43:45.909Z","importId":3,"level":"WARN","message":"Linha 15414: Pontuação é 0 ou null","category":"PONTUACAO","context":{"rowNumber":15414,"points":0,"cnpj":"19154219000173","saleId":"3418845A","executiveName":"Andrea Cordovil"}}
{"timestamp":"2026-03-16T19:43:45.916Z","importId":3,"level":"WARN","message":"Linha 15415: Pontuação é 0 ou null","category":"PONTUACAO","context":{"rowNumber":15415,"points":0,"cnpj":"15875000000102","saleId":"3418844A","executiveName":"Elza Lara"}}
{"timestamp":"2026-03-16T19:43:45.919Z","importId":3,"level":"WARN","message":"Linha 15416: Pontuação é 0 ou null","category":"PONTUACAO","context":{"rowNumber":15416,"points":0,"cnpj":"21667914000180","saleId":"3418842A","executiveName":"Armando Soares"}}
{"timestamp":"2026-03-16T19:43:45.922Z","importId":3,"level":"WARN","message":"Linha 15418: Pontuação é 0 ou null","category":"PONTUACAO","context":{"rowNumber":15418,"points":0,"cnpj":"10907957000170","saleId":"3418832A","executiveName":"Cristiano Dafre"}}
{"timestamp":"2026-03-16T19:43:45.925Z","importId":3,"level":"WARN","message":"Linha 15419: Pontuação é 0 ou null","category":"PONTUACAO","context":{"rowNumber":15419,"points":0,"cnpj":"10907957000170","saleId":"3418831A","executiveName":"Cristiano Dafre"}}
{"timestamp":"2026-03-16T19:43:45.927Z","importId":3,"level":"WARN","message":"Linha 15420: Pontuação é 0 ou null","category":"PONTUACAO","context":{"rowNumber":15420,"points":0,"cnpj":"10907957000170","saleId":"3418830A","executiveName":"Cristiano Dafre"}}
{"timestamp":"2026-03-16T19:43:45.929Z","importId":3,"level":"WARN","message":"Linha 15421: Pontuação é 0 ou null","category":"PONTUACAO","context":{"rowNumber":15421,"points":0,"cnpj":"07697910000114","saleId":"3418825A","executiveName":"Miguel Jenotti"}}
{"timestamp":"2026-03-16T19:43:45.932Z","importId":3,"level":"WARN","message":"Linha 15422: Pontuação é 0 ou null","category":"PONTUACAO","context":{"rowNumber":15422,"points":0,"cnpj":"07697910000114","saleId":"3418824A","executiveName":"Miguel Jenotti"}}
{"timestamp":"2026-03-16T19:43:45.934Z","importId":3,"level":"WARN","message":"Linha 15423: Pontuação é 0 ou null","category":"PONTUACAO","context":{"rowNumber":15423,"points":0,"cnpj":"07697910000114","saleId":"3418823A","executiveName":"Miguel Jenotti"}}
{"timestamp":"2026-03-16T19:43:45.937Z","importId":3,"level":"WARN","message":"Linha 15424: Pontuação é 0 ou null","category":"PONTUACAO","context":{"rowNumber":15424,"points":0,"cnpj":"07697910000114","saleId":"3418822A","executiveName":"Miguel Jenotti"}}
{"timestamp":"2026-03-16T19:43:45.941Z","importId":3,"level":"WARN","message":"Linha 15425: Pontuação é 0 ou null","category":"PONTUACAO","context":{"rowNumber":15425,"points":0,"cnpj":"02116253000150","saleId":"3418810A","executiveName":"Elza Lara"}}
{"timestamp":"2026-03-16T19:43:45.943Z","importId":3,"level":"WARN","message":"Linha 15426: Pontuação é 0 ou null","category":"PONTUACAO","context":{"rowNumber":15426,"points":0,"cnpj":"02116253000150","saleId":"3418809A","executiveName":"Elza Lara"}}
{"timestamp":"2026-03-16T19:43:46.030Z","importId":3,"level":"WARN","message":"Linha 15486: Pontuação é 0 ou null","category":"PONTUACAO","context":{"rowNumber":15486,"points":0,"cnpj":"08225995000109","saleId":"3418717A","executiveName":"Andrea Cordovil"}}
{"timestamp":"2026-03-16T19:43:46.037Z","importId":3,"level":"WARN","message":"Linha 15490: Pontuação é 0 ou null","category":"PONTUACAO","context":{"rowNumber":15490,"points":0,"cnpj":"03683159000146","saleId":"3418713A","executiveName":"Rafaela Soares"}}
{"timestamp":"2026-03-16T19:43:46.142Z","importId":3,"level":"WARN","message":"Linha 15566: Pontuação é 0 ou null","category":"PONTUACAO","context":{"rowNumber":15566,"points":0,"cnpj":"27645349000137","saleId":"3418066A","executiveName":"Cassia Shimabukuro"}}
{"timestamp":"2026-03-16T19:43:46.224Z","importId":3,"level":"WARN","message":"Linha 15624: Pontuação é 0 ou null","category":"PONTUACAO","context":{"rowNumber":15624,"points":0,"cnpj":"27060935000110","saleId":"3418850A","executiveName":"Elza Lara"}}
{"timestamp":"2026-03-16T19:43:46.393Z","importId":3,"level":"WARN","message":"Linha 15748: Pontuação é 0 ou null","category":"PONTUACAO","context":{"rowNumber":15748,"points":0,"cnpj":"27645349000137","saleId":"3418860A","executiveName":"Cassia Shimabukuro"}}
{"timestamp":"2026-03-16T19:43:46.396Z","importId":3,"level":"WARN","message":"Linha 15750: Pontuação é 0 ou null","category":"PONTUACAO","context":{"rowNumber":15750,"points":0,"cnpj":"52510684000175","saleId":"3418872A","executiveName":"Maira Vallim"}}
{"timestamp":"2026-03-16T19:43:46.486Z","importId":3,"level":"WARN","message":"Linha 15815: Pontuação é 0 ou null","category":"PONTUACAO","context":{"rowNumber":15815,"points":0,"cnpj":"04643629000100","saleId":"3419325A","executiveName":"Pasquale Neto"}}
{"timestamp":"2026-03-16T19:43:46.488Z","importId":3,"level":"WARN","message":"Linha 15816: Pontuação é 0 ou null","category":"PONTUACAO","context":{"rowNumber":15816,"points":0,"cnpj":"04643629000100","saleId":"3419324A","executiveName":"Pasquale Neto"}}
{"timestamp":"2026-03-16T19:43:46.495Z","importId":3,"level":"WARN","message":"Linha 15818: Pontuação é 0 ou null","category":"PONTUACAO","context":{"rowNumber":15818,"points":0,"cnpj":"00003058000199","saleId":"3419322A","executiveName":"Pasquale Neto"}}
{"timestamp":"2026-03-16T19:43:46.499Z","importId":3,"level":"WARN","message":"Linha 15819: Pontuação é 0 ou null","category":"PONTUACAO","context":{"rowNumber":15819,"points":0,"cnpj":"00003058000199","saleId":"3419321A","executiveName":"Pasquale Neto"}}
{"timestamp":"2026-03-16T19:43:46.534Z","importId":3,"level":"WARN","message":"Linha 15840: Pontuação é 0 ou null","category":"PONTUACAO","context":{"rowNumber":15840,"points":0,"cnpj":"68253921000108","saleId":"3419328A","executiveName":"Soraya Romano"}}
{"timestamp":"2026-03-16T19:43:46.537Z","importId":3,"level":"WARN","message":"Linha 15842: Pontuação é 0 ou null","category":"PONTUACAO","context":{"rowNumber":15842,"points":0,"cnpj":"04033961000153","saleId":"3419329A","executiveName":"Elza Lara"}}
{"timestamp":"2026-03-16T19:43:46.540Z","importId":3,"level":"WARN","message":"Linha 15843: Pontuação é 0 ou null","category":"PONTUACAO","context":{"rowNumber":15843,"points":0,"cnpj":"48415020000150","saleId":"3419331A","executiveName":"William Silva"}}
{"timestamp":"2026-03-16T19:43:46.555Z","importId":3,"level":"WARN","message":"Linha 15852: Pontuação é 0 ou null","category":"PONTUACAO","context":{"rowNumber":15852,"points":0,"cnpj":"14856315000140","saleId":"3419351A","executiveName":"Grasiele Nascimento"}}
{"timestamp":"2026-03-16T19:43:46.561Z","importId":3,"level":"WARN","message":"Linha 15855: Pontuação é 0 ou null","category":"PONTUACAO","context":{"rowNumber":15855,"points":0,"cnpj":"55519087000108","saleId":"3419348A","executiveName":"Kelly Furno"}}
{"timestamp":"2026-03-16T19:43:46.563Z","importId":3,"level":"WARN","message":"Linha 15856: Pontuação é 0 ou null","category":"PONTUACAO","context":{"rowNumber":15856,"points":0,"cnpj":"55519087000108","saleId":"3419347A","executiveName":"Kelly Furno"}}
{"timestamp":"2026-03-16T19:43:46.576Z","importId":3,"level":"WARN","message":"Linha 15865: Pontuação é 0 ou null","category":"PONTUACAO","context":{"rowNumber":15865,"points":0,"cnpj":"28545753000100","saleId":"3419337A","executiveName":"Grasiele Nascimento"}}
{"timestamp":"2026-03-16T19:43:46.578Z","importId":3,"level":"WARN","message":"Linha 15866: Pontuação é 0 ou null","category":"PONTUACAO","context":{"rowNumber":15866,"points":0,"cnpj":"28545753000100","saleId":"3419336A","executiveName":"Grasiele Nascimento"}}
{"timestamp":"2026-03-16T19:43:46.580Z","importId":3,"level":"WARN","message":"Linha 15867: Pontuação é 0 ou null","category":"PONTUACAO","context":{"rowNumber":15867,"points":0,"cnpj":"26203213000104","saleId":"3419335A","executiveName":"Roberto Garbin"}}
{"timestamp":"2026-03-16T19:43:46.583Z","importId":3,"level":"WARN","message":"Linha 15868: Pontuação é 0 ou null","category":"PONTUACAO","context":{"rowNumber":15868,"points":0,"cnpj":"26203213000104","saleId":"3419334A","executiveName":"Roberto Garbin"}}
{"timestamp":"2026-03-16T19:43:46.586Z","importId":3,"level":"WARN","message":"Linha 15871: Pontuação é 0 ou null","category":"PONTUACAO","context":{"rowNumber":15871,"points":0,"cnpj":"48415020000150","saleId":"3419330A","executiveName":"William Silva"}}
{"timestamp":"2026-03-16T19:43:46.759Z","importId":3,"level":"WARN","message":"Linha 16007: Pontuação é 0 ou null","category":"PONTUACAO","context":{"rowNumber":16007,"points":0,"cnpj":"65549586000193","saleId":"3419036A","executiveName":"Cristiano Dafre"}}
{"timestamp":"2026-03-16T19:43:46.835Z","importId":3,"level":"WARN","message":"Linha 16066: Pontuação é 0 ou null","category":"PONTUACAO","context":{"rowNumber":16066,"points":0,"cnpj":"13744379000196","saleId":"3418929A","executiveName":"Elza Lara"}}
{"timestamp":"2026-03-16T19:43:46.841Z","importId":3,"level":"WARN","message":"Linha 16071: Pontuação é 0 ou null","category":"PONTUACAO","context":{"rowNumber":16071,"points":0,"cnpj":"57608093000159","saleId":"3418924A","executiveName":"Cristiano Dafre"}}
{"timestamp":"2026-03-16T19:43:46.855Z","importId":3,"level":"WARN","message":"Linha 16081: Pontuação é 0 ou null","category":"PONTUACAO","context":{"rowNumber":16081,"points":0,"cnpj":"54235752000160","saleId":"3418877A","executiveName":"Elza Lara"}}
{"timestamp":"2026-03-16T19:43:46.864Z","importId":3,"level":"WARN","message":"Linha 16086: Pontuação é 0 ou null","category":"PONTUACAO","context":{"rowNumber":16086,"points":0,"cnpj":"52510684000175","saleId":"3418873A","executiveName":"Maira Vallim"}}
{"timestamp":"2026-03-16T19:43:46.919Z","importId":3,"level":"WARN","message":"Linha 16129: Pontuação é 0 ou null","category":"PONTUACAO","context":{"rowNumber":16129,"points":0,"cnpj":"57954299000211","saleId":"3419236A","executiveName":"Ricardo Bueno"}}
{"timestamp":"2026-03-16T19:43:46.987Z","importId":3,"level":"WARN","message":"Linha 16182: Pontuação é 0 ou null","category":"PONTUACAO","context":{"rowNumber":16182,"points":0,"cnpj":"57954299000211","saleId":"3419267A","executiveName":"Ricardo Bueno"}}
{"timestamp":"2026-03-16T19:43:47.067Z","importId":3,"level":"WARN","message":"Linha 16245: Pontuação é 0 ou null","category":"PONTUACAO","context":{"rowNumber":16245,"points":0,"cnpj":"07068285000141","saleId":"3422595A","executiveName":"Ricardo Bueno"}}
{"timestamp":"2026-03-16T19:43:48.037Z","importId":3,"level":"WARN","message":"Linha 17000: Pontuação é 0 ou null","category":"PONTUACAO","context":{"rowNumber":17000,"points":0,"cnpj":"10808506000185","saleId":"3423270A","executiveName":"Elza Lara"}}
{"timestamp":"2026-03-16T19:43:48.040Z","importId":3,"level":"WARN","message":"Linha 17001: Pontuação é 0 ou null","category":"PONTUACAO","context":{"rowNumber":17001,"points":0,"cnpj":"10808506000185","saleId":"3423269A","executiveName":"Elza Lara"}}
{"timestamp":"2026-03-16T19:43:48.045Z","importId":3,"level":"WARN","message":"Linha 17004: Pontuação é 0 ou null","category":"PONTUACAO","context":{"rowNumber":17004,"points":0,"cnpj":"20650638000185","saleId":"3423266A","executiveName":"Walter Junior"}}
{"timestamp":"2026-03-16T19:43:48.050Z","importId":3,"level":"WARN","message":"Linha 17005: Pontuação é 0 ou null","category":"PONTUACAO","context":{"rowNumber":17005,"points":0,"cnpj":"48186332000139","saleId":"3423250A","executiveName":"Ricardo Morais"}}
{"timestamp":"2026-03-16T19:43:48.056Z","importId":3,"level":"WARN","message":"Linha 17007: Pontuação é 0 ou null","category":"PONTUACAO","context":{"rowNumber":17007,"points":0,"cnpj":"04545594000177","saleId":"3423248A","executiveName":"Pasquale Neto"}}
{"timestamp":"2026-03-16T19:43:48.062Z","importId":3,"level":"WARN","message":"Linha 17008: Pontuação é 0 ou null","category":"PONTUACAO","context":{"rowNumber":17008,"points":0,"cnpj":"04545594000177","saleId":"3423247A","executiveName":"Pasquale Neto"}}
{"timestamp":"2026-03-16T19:43:48.064Z","importId":3,"level":"WARN","message":"Linha 17009: Pontuação é 0 ou null","category":"PONTUACAO","context":{"rowNumber":17009,"points":0,"cnpj":"04545594000177","saleId":"3423246A","executiveName":"Pasquale Neto"}}
{"timestamp":"2026-03-16T19:43:48.066Z","importId":3,"level":"WARN","message":"Linha 17010: Pontuação é 0 ou null","category":"PONTUACAO","context":{"rowNumber":17010,"points":0,"cnpj":"04545594000177","saleId":"3423245A","executiveName":"Pasquale Neto"}}
{"timestamp":"2026-03-16T19:43:48.069Z","importId":3,"level":"WARN","message":"Linha 17011: Pontuação é 0 ou null","category":"PONTUACAO","context":{"rowNumber":17011,"points":0,"cnpj":"06698980000124","saleId":"3423244A","executiveName":"Cristiano Dafre"}}
{"timestamp":"2026-03-16T19:43:48.071Z","importId":3,"level":"WARN","message":"Linha 17012: Pontuação é 0 ou null","category":"PONTUACAO","context":{"rowNumber":17012,"points":0,"cnpj":"09303245000162","saleId":"3423243A","executiveName":"William Silva"}}
{"timestamp":"2026-03-16T19:43:48.074Z","importId":3,"level":"WARN","message":"Linha 17014: Pontuação é 0 ou null","category":"PONTUACAO","context":{"rowNumber":17014,"points":0,"cnpj":"60496783000178","saleId":"3423241A","executiveName":"Ricardo Morais"}}
{"timestamp":"2026-03-16T19:43:48.082Z","importId":3,"level":"WARN","message":"Linha 17020: Pontuação é 0 ou null","category":"PONTUACAO","context":{"rowNumber":17020,"points":0,"cnpj":"13616531000155","saleId":"3423235A","executiveName":"Pasquale Neto"}}
{"timestamp":"2026-03-16T19:43:48.085Z","importId":3,"level":"WARN","message":"Linha 17021: Pontuação é 0 ou null","category":"PONTUACAO","context":{"rowNumber":17021,"points":0,"cnpj":"10808506000185","saleId":"3423271A","executiveName":"Elza Lara"}}
{"timestamp":"2026-03-16T19:43:48.087Z","importId":3,"level":"WARN","message":"Linha 17022: Pontuação é 0 ou null","category":"PONTUACAO","context":{"rowNumber":17022,"points":0,"cnpj":"10808506000185","saleId":"3423272A","executiveName":"Elza Lara"}}
{"timestamp":"2026-03-16T19:43:48.096Z","importId":3,"level":"WARN","message":"Linha 17027: Pontuação é 0 ou null","category":"PONTUACAO","context":{"rowNumber":17027,"points":0,"cnpj":"20536275000151","saleId":"3423296A","executiveName":"Elza Lara"}}
{"timestamp":"2026-03-16T19:43:48.101Z","importId":3,"level":"WARN","message":"Linha 17031: Pontuação é 0 ou null","category":"PONTUACAO","context":{"rowNumber":17031,"points":0,"cnpj":"28545753000100","saleId":"3423292A","executiveName":"Grasiele Nascimento"}}
{"timestamp":"2026-03-16T19:43:48.104Z","importId":3,"level":"WARN","message":"Linha 17032: Pontuação é 0 ou null","category":"PONTUACAO","context":{"rowNumber":17032,"points":0,"cnpj":"28545753000100","saleId":"3423291A","executiveName":"Grasiele Nascimento"}}
{"timestamp":"2026-03-16T19:43:48.105Z","importId":3,"level":"WARN","message":"Linha 17033: Pontuação é 0 ou null","category":"PONTUACAO","context":{"rowNumber":17033,"points":0,"cnpj":"09349924000172","saleId":"3423290A","executiveName":"Armando Soares"}}
{"timestamp":"2026-03-16T19:43:48.111Z","importId":3,"level":"WARN","message":"Linha 17035: Pontuação é 0 ou null","category":"PONTUACAO","context":{"rowNumber":17035,"points":0,"cnpj":"13616531000155","saleId":"3423234A","executiveName":"Pasquale Neto"}}
{"timestamp":"2026-03-16T19:43:48.122Z","importId":3,"level":"WARN","message":"Linha 17044: Pontuação é 0 ou null","category":"PONTUACAO","context":{"rowNumber":17044,"points":0,"cnpj":"15875000000102","saleId":"3423279A","executiveName":"Elza Lara"}}
{"timestamp":"2026-03-16T19:43:48.127Z","importId":3,"level":"WARN","message":"Linha 17045: Pontuação é 0 ou null","category":"PONTUACAO","context":{"rowNumber":17045,"points":0,"cnpj":"15875000000102","saleId":"3423278A","executiveName":"Elza Lara"}}
{"timestamp":"2026-03-16T19:43:48.130Z","importId":3,"level":"WARN","message":"Linha 17047: Pontuação é 0 ou null","category":"PONTUACAO","context":{"rowNumber":17047,"points":0,"cnpj":"01453971000150","saleId":"3423287A","executiveName":"Claudia Dias"}}
{"timestamp":"2026-03-16T19:43:48.134Z","importId":3,"level":"WARN","message":"Linha 17050: Pontuação é 0 ou null","category":"PONTUACAO","context":{"rowNumber":17050,"points":0,"cnpj":"12100779000104","saleId":"3423230A","executiveName":"Carlos Brito"}}
{"timestamp":"2026-03-16T19:43:48.167Z","importId":3,"level":"WARN","message":"Linha 17076: Pontuação é 0 ou null","category":"PONTUACAO","context":{"rowNumber":17076,"points":0,"cnpj":"10880027000170","saleId":"3423229A","executiveName":"Ricardo Morais"}}
{"timestamp":"2026-03-16T19:43:48.171Z","importId":3,"level":"WARN","message":"Linha 17079: Pontuação é 0 ou null","category":"PONTUACAO","context":{"rowNumber":17079,"points":0,"cnpj":"96682836000192","saleId":"3423226A","executiveName":"Marlon Wander"}}
{"timestamp":"2026-03-16T19:43:48.182Z","importId":3,"level":"WARN","message":"Linha 17086: Pontuação é 0 ou null","category":"PONTUACAO","context":{"rowNumber":17086,"points":0,"cnpj":"12100779000104","saleId":"3423231A","executiveName":"Carlos Brito"}}
{"timestamp":"2026-03-16T19:43:48.184Z","importId":3,"level":"WARN","message":"Linha 17087: Pontuação é 0 ou null","category":"PONTUACAO","context":{"rowNumber":17087,"points":0,"cnpj":"55915565000190","saleId":"3423214A","executiveName":"Pasquale Neto"}}
{"timestamp":"2026-03-16T19:43:48.186Z","importId":3,"level":"WARN","message":"Linha 17088: Pontuação é 0 ou null","category":"PONTUACAO","context":{"rowNumber":17088,"points":0,"cnpj":"07709889000120","saleId":"3423212A","executiveName":"Carlos Brito"}}
{"timestamp":"2026-03-16T19:43:48.191Z","importId":3,"level":"WARN","message":"Linha 17093: Pontuação é 0 ou null","category":"PONTUACAO","context":{"rowNumber":17093,"points":0,"cnpj":"28845497000168","saleId":"3423198A","executiveName":"Karla Reis"}}
{"timestamp":"2026-03-16T19:43:48.194Z","importId":3,"level":"WARN","message":"Linha 17094: Pontuação é 0 ou null","category":"PONTUACAO","context":{"rowNumber":17094,"points":0,"cnpj":"28845497000168","saleId":"3423197A","executiveName":"Karla Reis"}}
{"timestamp":"2026-03-16T19:43:48.197Z","importId":3,"level":"WARN","message":"Linha 17095: Pontuação é 0 ou null","category":"PONTUACAO","context":{"rowNumber":17095,"points":0,"cnpj":"28845497000168","saleId":"3423196A","executiveName":"Karla Reis"}}
{"timestamp":"2026-03-16T19:43:48.199Z","importId":3,"level":"WARN","message":"Linha 17096: Pontuação é 0 ou null","category":"PONTUACAO","context":{"rowNumber":17096,"points":0,"cnpj":"01004367000146","saleId":"3423192A","executiveName":"Marlon Wander"}}
{"timestamp":"2026-03-16T19:43:48.202Z","importId":3,"level":"WARN","message":"Linha 17097: Pontuação é 0 ou null","category":"PONTUACAO","context":{"rowNumber":17097,"points":0,"cnpj":"12100779000104","saleId":"3423191A","executiveName":"Carlos Brito"}}
{"timestamp":"2026-03-16T19:43:48.205Z","importId":3,"level":"WARN","message":"Linha 17098: Pontuação é 0 ou null","category":"PONTUACAO","context":{"rowNumber":17098,"points":0,"cnpj":"07709889000120","saleId":"3423213A","executiveName":"Carlos Brito"}}
{"timestamp":"2026-03-16T19:43:48.209Z","importId":3,"level":"WARN","message":"Linha 17102: Pontuação é 0 ou null","category":"PONTUACAO","context":{"rowNumber":17102,"points":0,"cnpj":"08305650000157","saleId":"3426318A","executiveName":"Carlos Brito"}}
{"timestamp":"2026-03-16T19:43:48.212Z","importId":3,"level":"WARN","message":"Linha 17103: Pontuação é 0 ou null","category":"PONTUACAO","context":{"rowNumber":17103,"points":0,"cnpj":"08305650000157","saleId":"3426317A","executiveName":"Carlos Brito"}}
{"timestamp":"2026-03-16T19:43:48.214Z","importId":3,"level":"WARN","message":"Linha 17104: Pontuação é 0 ou null","category":"PONTUACAO","context":{"rowNumber":17104,"points":0,"cnpj":"96194733000183","saleId":"3426229A","executiveName":"Ricardo Morais"}}
{"timestamp":"2026-03-16T19:43:48.218Z","importId":3,"level":"WARN","message":"Linha 17105: Pontuação é 0 ou null","category":"PONTUACAO","context":{"rowNumber":17105,"points":0,"cnpj":"96194733000183","saleId":"3426228A","executiveName":"Ricardo Morais"}}
{"timestamp":"2026-03-16T19:43:48.220Z","importId":3,"level":"WARN","message":"Linha 17106: Pontuação é 0 ou null","category":"PONTUACAO","context":{"rowNumber":17106,"points":0,"cnpj":"96194733000183","saleId":"3426227A","executiveName":"Ricardo Morais"}}
{"timestamp":"2026-03-16T19:43:48.222Z","importId":3,"level":"WARN","message":"Linha 17107: Pontuação é 0 ou null","category":"PONTUACAO","context":{"rowNumber":17107,"points":0,"cnpj":"96194733000183","saleId":"3426226A","executiveName":"Ricardo Morais"}}
{"timestamp":"2026-03-16T19:43:48.225Z","importId":3,"level":"WARN","message":"Linha 17108: Pontuação é 0 ou null","category":"PONTUACAO","context":{"rowNumber":17108,"points":0,"cnpj":"50592007000118","saleId":"3426171A","executiveName":"Marlon Wander"}}
{"timestamp":"2026-03-16T19:43:48.229Z","importId":3,"level":"WARN","message":"Linha 17111: Pontuação é 0 ou null","category":"PONTUACAO","context":{"rowNumber":17111,"points":0,"cnpj":"74237884000139","saleId":"3426164A","executiveName":"Walter Junior"}}
{"timestamp":"2026-03-16T19:43:48.231Z","importId":3,"level":"WARN","message":"Linha 17112: Pontuação é 0 ou null","category":"PONTUACAO","context":{"rowNumber":17112,"points":0,"cnpj":"74237884000139","saleId":"3426163A","executiveName":"Walter Junior"}}
{"timestamp":"2026-03-16T19:43:48.233Z","importId":3,"level":"WARN","message":"Linha 17113: Pontuação é 0 ou null","category":"PONTUACAO","context":{"rowNumber":17113,"points":0,"cnpj":"28209105000174","saleId":"3426137A","executiveName":"Ronaldo Coelho"}}
{"timestamp":"2026-03-16T19:43:48.236Z","importId":3,"level":"WARN","message":"Linha 17114: Pontuação é 0 ou null","category":"PONTUACAO","context":{"rowNumber":17114,"points":0,"cnpj":"28209105000174","saleId":"3426136A","executiveName":"Ronaldo Coelho"}}
{"timestamp":"2026-03-16T19:43:48.239Z","importId":3,"level":"WARN","message":"Linha 17115: Pontuação é 0 ou null","category":"PONTUACAO","context":{"rowNumber":17115,"points":0,"cnpj":"07868518000190","saleId":"3426065A","executiveName":"Luana Fagundes"}}
{"timestamp":"2026-03-16T19:43:48.240Z","importId":3,"level":"WARN","message":"Linha 17116: Pontuação é 0 ou null","category":"PONTUACAO","context":{"rowNumber":17116,"points":0,"cnpj":"07868518000190","saleId":"3426064A","executiveName":"Luana Fagundes"}}
{"timestamp":"2026-03-16T19:43:48.248Z","importId":3,"level":"WARN","message":"Linha 17122: Pontuação é 0 ou null","category":"PONTUACAO","context":{"rowNumber":17122,"points":0,"cnpj":"11327041000103","saleId":"3423922A","executiveName":"Marlon Wander"}}
{"timestamp":"2026-03-16T19:43:48.250Z","importId":3,"level":"WARN","message":"Linha 17123: Pontuação é 0 ou null","category":"PONTUACAO","context":{"rowNumber":17123,"points":0,"cnpj":"10879876000103","saleId":"3426319A","executiveName":"Carlos Barbassa"}}
{"timestamp":"2026-03-16T19:43:48.252Z","importId":3,"level":"WARN","message":"Linha 17124: Pontuação é 0 ou null","category":"PONTUACAO","context":{"rowNumber":17124,"points":0,"cnpj":"74557760000130","saleId":"3426328A","executiveName":"Claudia Dias"}}
{"timestamp":"2026-03-16T19:43:48.256Z","importId":3,"level":"WARN","message":"Linha 17125: Pontuação é 0 ou null","category":"PONTUACAO","context":{"rowNumber":17125,"points":0,"cnpj":"12100779000104","saleId":"3426383A","executiveName":"Carlos Brito"}}
{"timestamp":"2026-03-16T19:43:48.258Z","importId":3,"level":"WARN","message":"Linha 17126: Pontuação é 0 ou null","category":"PONTUACAO","context":{"rowNumber":17126,"points":0,"cnpj":"26273466000154","saleId":"3426403A","executiveName":"Marlon Wander"}}
{"timestamp":"2026-03-16T19:43:48.260Z","importId":3,"level":"WARN","message":"Linha 17128: Pontuação é 0 ou null","category":"PONTUACAO","context":{"rowNumber":17128,"points":0,"cnpj":"21211391000163","saleId":"3426482A","executiveName":"Maira Vallim"}}
{"timestamp":"2026-03-16T19:43:48.263Z","importId":3,"level":"WARN","message":"Linha 17129: Pontuação é 0 ou null","category":"PONTUACAO","context":{"rowNumber":17129,"points":0,"cnpj":"21211391000163","saleId":"3426481A","executiveName":"Maira Vallim"}}
{"timestamp":"2026-03-16T19:43:48.265Z","importId":3,"level":"WARN","message":"Linha 17130: Pontuação é 0 ou null","category":"PONTUACAO","context":{"rowNumber":17130,"points":0,"cnpj":"21211391000163","saleId":"3426480A","executiveName":"Maira Vallim"}}
{"timestamp":"2026-03-16T19:43:48.268Z","importId":3,"level":"WARN","message":"Linha 17131: Pontuação é 0 ou null","category":"PONTUACAO","context":{"rowNumber":17131,"points":0,"cnpj":"21211391000163","saleId":"3426479A","executiveName":"Maira Vallim"}}
{"timestamp":"2026-03-16T19:43:48.270Z","importId":3,"level":"WARN","message":"Linha 17132: Pontuação é 0 ou null","category":"PONTUACAO","context":{"rowNumber":17132,"points":0,"cnpj":"29871389000122","saleId":"3426461A","executiveName":"Kelly Furno"}}
{"timestamp":"2026-03-16T19:43:48.272Z","importId":3,"level":"WARN","message":"Linha 17133: Pontuação é 0 ou null","category":"PONTUACAO","context":{"rowNumber":17133,"points":0,"cnpj":"29871389000122","saleId":"3426460A","executiveName":"Kelly Furno"}}
{"timestamp":"2026-03-16T19:43:48.274Z","importId":3,"level":"WARN","message":"Linha 17134: Pontuação é 0 ou null","category":"PONTUACAO","context":{"rowNumber":17134,"points":0,"cnpj":"21500740000167","saleId":"3426449A","executiveName":"Marlon Wander"}}
{"timestamp":"2026-03-16T19:43:48.277Z","importId":3,"level":"WARN","message":"Linha 17135: Pontuação é 0 ou null","category":"PONTUACAO","context":{"rowNumber":17135,"points":0,"cnpj":"21500740000167","saleId":"3426448A","executiveName":"Marlon Wander"}}
{"timestamp":"2026-03-16T19:43:48.278Z","importId":3,"level":"WARN","message":"Linha 17136: Pontuação é 0 ou null","category":"PONTUACAO","context":{"rowNumber":17136,"points":0,"cnpj":"21500740000167","saleId":"3426447A","executiveName":"Marlon Wander"}}
{"timestamp":"2026-03-16T19:43:48.281Z","importId":3,"level":"WARN","message":"Linha 17137: Pontuação é 0 ou null","category":"PONTUACAO","context":{"rowNumber":17137,"points":0,"cnpj":"11327041000103","saleId":"3423921A","executiveName":"Marlon Wander"}}
{"timestamp":"2026-03-16T19:43:48.282Z","importId":3,"level":"WARN","message":"Linha 17138: Pontuação é 0 ou null","category":"PONTUACAO","context":{"rowNumber":17138,"points":0,"cnpj":"21500740000167","saleId":"3426446A","executiveName":"Marlon Wander"}}
{"timestamp":"2026-03-16T19:43:48.284Z","importId":3,"level":"WARN","message":"Linha 17139: Pontuação é 0 ou null","category":"PONTUACAO","context":{"rowNumber":17139,"points":0,"cnpj":"21500740000167","saleId":"3426444A","executiveName":"Marlon Wander"}}
{"timestamp":"2026-03-16T19:43:48.287Z","importId":3,"level":"WARN","message":"Linha 17140: Pontuação é 0 ou null","category":"PONTUACAO","context":{"rowNumber":17140,"points":0,"cnpj":"53107595000145","saleId":"3426438A","executiveName":"Walter Junior"}}
{"timestamp":"2026-03-16T19:43:48.289Z","importId":3,"level":"WARN","message":"Linha 17141: Pontuação é 0 ou null","category":"PONTUACAO","context":{"rowNumber":17141,"points":0,"cnpj":"01453971000150","saleId":"3426432A","executiveName":"Claudia Dias"}}
{"timestamp":"2026-03-16T19:43:48.292Z","importId":3,"level":"WARN","message":"Linha 17142: Pontuação é 0 ou null","category":"PONTUACAO","context":{"rowNumber":17142,"points":0,"cnpj":"01453971000150","saleId":"3426431A","executiveName":"Claudia Dias"}}
{"timestamp":"2026-03-16T19:43:48.294Z","importId":3,"level":"WARN","message":"Linha 17143: Pontuação é 0 ou null","category":"PONTUACAO","context":{"rowNumber":17143,"points":0,"cnpj":"01453971000150","saleId":"3426430A","executiveName":"Claudia Dias"}}
{"timestamp":"2026-03-16T19:43:48.297Z","importId":3,"level":"WARN","message":"Linha 17144: Pontuação é 0 ou null","category":"PONTUACAO","context":{"rowNumber":17144,"points":0,"cnpj":"01453971000150","saleId":"3426429A","executiveName":"Claudia Dias"}}
{"timestamp":"2026-03-16T19:43:48.299Z","importId":3,"level":"WARN","message":"Linha 17145: Pontuação é 0 ou null","category":"PONTUACAO","context":{"rowNumber":17145,"points":0,"cnpj":"11820109000191","saleId":"3426411A","executiveName":"Soraya Romano"}}
{"timestamp":"2026-03-16T19:43:48.301Z","importId":3,"level":"WARN","message":"Linha 17146: Pontuação é 0 ou null","category":"PONTUACAO","context":{"rowNumber":17146,"points":0,"cnpj":"26273466000154","saleId":"3426406A","executiveName":"Marlon Wander"}}
{"timestamp":"2026-03-16T19:43:48.303Z","importId":3,"level":"WARN","message":"Linha 17147: Pontuação é 0 ou null","category":"PONTUACAO","context":{"rowNumber":17147,"points":0,"cnpj":"26273466000154","saleId":"3426405A","executiveName":"Marlon Wander"}}
{"timestamp":"2026-03-16T19:43:48.305Z","importId":3,"level":"WARN","message":"Linha 17148: Pontuação é 0 ou null","category":"PONTUACAO","context":{"rowNumber":17148,"points":0,"cnpj":"26273466000154","saleId":"3426404A","executiveName":"Marlon Wander"}}
{"timestamp":"2026-03-16T19:43:48.308Z","importId":3,"level":"WARN","message":"Linha 17149: Pontuação é 0 ou null","category":"PONTUACAO","context":{"rowNumber":17149,"points":0,"cnpj":"21500740000167","saleId":"3426445A","executiveName":"Marlon Wander"}}
{"timestamp":"2026-03-16T19:43:48.310Z","importId":3,"level":"WARN","message":"Linha 17151: Pontuação é 0 ou null","category":"PONTUACAO","context":{"rowNumber":17151,"points":0,"cnpj":"15460950000176","saleId":"3423913A","executiveName":"Carlos Brito"}}
{"timestamp":"2026-03-16T19:43:48.313Z","importId":3,"level":"WARN","message":"Linha 17152: Pontuação é 0 ou null","category":"PONTUACAO","context":{"rowNumber":17152,"points":0,"cnpj":"15460950000176","saleId":"3423911A","executiveName":"Carlos Brito"}}
{"timestamp":"2026-03-16T19:43:48.316Z","importId":3,"level":"WARN","message":"Linha 17154: Pontuação é 0 ou null","category":"PONTUACAO","context":{"rowNumber":17154,"points":0,"cnpj":"32104770000170","saleId":"3423324A","executiveName":"Andrea Cordovil"}}
{"timestamp":"2026-03-16T19:43:48.322Z","importId":3,"level":"WARN","message":"Linha 17155: Pontuação é 0 ou null","category":"PONTUACAO","context":{"rowNumber":17155,"points":0,"cnpj":"41369871000164","saleId":"3423323A","executiveName":"Marlon Wander"}}
{"timestamp":"2026-03-16T19:43:48.323Z","importId":3,"level":"WARN","message":"Linha 17156: Pontuação é 0 ou null","category":"PONTUACAO","context":{"rowNumber":17156,"points":0,"cnpj":"41369871000164","saleId":"3423322A","executiveName":"Marlon Wander"}}
{"timestamp":"2026-03-16T19:43:48.328Z","importId":3,"level":"WARN","message":"Linha 17157: Pontuação é 0 ou null","category":"PONTUACAO","context":{"rowNumber":17157,"points":0,"cnpj":"41369871000164","saleId":"3423321A","executiveName":"Marlon Wander"}}
{"timestamp":"2026-03-16T19:43:48.333Z","importId":3,"level":"WARN","message":"Linha 17160: Pontuação é 0 ou null","category":"PONTUACAO","context":{"rowNumber":17160,"points":0,"cnpj":"43304326000115","saleId":"3423318A","executiveName":"Ricardo Bueno"}}
{"timestamp":"2026-03-16T19:43:48.341Z","importId":3,"level":"WARN","message":"Linha 17165: Pontuação é 0 ou null","category":"PONTUACAO","context":{"rowNumber":17165,"points":0,"cnpj":"03208191000170","saleId":"3423313A","executiveName":"Elza Lara"}}
{"timestamp":"2026-03-16T19:43:48.344Z","importId":3,"level":"WARN","message":"Linha 17166: Pontuação é 0 ou null","category":"PONTUACAO","context":{"rowNumber":17166,"points":0,"cnpj":"03208191000170","saleId":"3423312A","executiveName":"Elza Lara"}}
{"timestamp":"2026-03-16T19:43:48.348Z","importId":3,"level":"WARN","message":"Linha 17169: Pontuação é 0 ou null","category":"PONTUACAO","context":{"rowNumber":17169,"points":0,"cnpj":"36530292000111","saleId":"3423309A","executiveName":"Elza Lara"}}
{"timestamp":"2026-03-16T19:43:48.352Z","importId":3,"level":"WARN","message":"Linha 17171: Pontuação é 0 ou null","category":"PONTUACAO","context":{"rowNumber":17171,"points":0,"cnpj":"36530292000111","saleId":"3423307A","executiveName":"Elza Lara"}}
{"timestamp":"2026-03-16T19:43:48.360Z","importId":3,"level":"WARN","message":"Linha 17175: Pontuação é 0 ou null","category":"PONTUACAO","context":{"rowNumber":17175,"points":0,"cnpj":"29511890875","saleId":"3423327A","executiveName":"Soraya Romano"}}
{"timestamp":"2026-03-16T19:43:48.364Z","importId":3,"level":"WARN","message":"Linha 17177: Pontuação é 0 ou null","category":"PONTUACAO","context":{"rowNumber":17177,"points":0,"cnpj":"29511890875","saleId":"3423329A","executiveName":"Soraya Romano"}}
{"timestamp":"2026-03-16T19:43:48.366Z","importId":3,"level":"WARN","message":"Linha 17178: Pontuação é 0 ou null","category":"PONTUACAO","context":{"rowNumber":17178,"points":0,"cnpj":"15460950000176","saleId":"3423910A","executiveName":"Carlos Brito"}}
{"timestamp":"2026-03-16T19:43:48.369Z","importId":3,"level":"WARN","message":"Linha 17179: Pontuação é 0 ou null","category":"PONTUACAO","context":{"rowNumber":17179,"points":0,"cnpj":"15460950000176","saleId":"3423909A","executiveName":"Carlos Brito"}}
{"timestamp":"2026-03-16T19:43:48.371Z","importId":3,"level":"WARN","message":"Linha 17180: Pontuação é 0 ou null","category":"PONTUACAO","context":{"rowNumber":17180,"points":0,"cnpj":"15460950000176","saleId":"3423908A","executiveName":"Carlos Brito"}}
{"timestamp":"2026-03-16T19:43:48.374Z","importId":3,"level":"WARN","message":"Linha 17181: Pontuação é 0 ou null","category":"PONTUACAO","context":{"rowNumber":17181,"points":0,"cnpj":"15006080000160","saleId":"3423897A","executiveName":"Pasquale Neto"}}
{"timestamp":"2026-03-16T19:43:48.376Z","importId":3,"level":"WARN","message":"Linha 17182: Pontuação é 0 ou null","category":"PONTUACAO","context":{"rowNumber":17182,"points":0,"cnpj":"15006080000160","saleId":"3423896A","executiveName":"Pasquale Neto"}}
{"timestamp":"2026-03-16T19:43:48.383Z","importId":3,"level":"WARN","message":"Linha 17186: Pontuação é 0 ou null","category":"PONTUACAO","context":{"rowNumber":17186,"points":0,"cnpj":"11925927000159","saleId":"3423471A","executiveName":"Carlos Barbassa"}}
{"timestamp":"2026-03-16T19:43:48.385Z","importId":3,"level":"WARN","message":"Linha 17187: Pontuação é 0 ou null","category":"PONTUACAO","context":{"rowNumber":17187,"points":0,"cnpj":"15006080000160","saleId":"3423467A","executiveName":"Pasquale Neto"}}
{"timestamp":"2026-03-16T19:43:48.389Z","importId":3,"level":"WARN","message":"Linha 17188: Pontuação é 0 ou null","category":"PONTUACAO","context":{"rowNumber":17188,"points":0,"cnpj":"15460950000176","saleId":"3423912A","executiveName":"Carlos Brito"}}
{"timestamp":"2026-03-16T19:43:48.391Z","importId":3,"level":"WARN","message":"Linha 17189: Pontuação é 0 ou null","category":"PONTUACAO","context":{"rowNumber":17189,"points":0,"cnpj":"20470627000113","saleId":"3423455A","executiveName":"Andrea Cordovil"}}
{"timestamp":"2026-03-16T19:43:48.397Z","importId":3,"level":"WARN","message":"Linha 17191: Pontuação é 0 ou null","category":"PONTUACAO","context":{"rowNumber":17191,"points":0,"cnpj":"32734735000135","saleId":"3423402A","executiveName":"Cristiano Dafre"}}
{"timestamp":"2026-03-16T19:43:48.399Z","importId":3,"level":"WARN","message":"Linha 17192: Pontuação é 0 ou null","category":"PONTUACAO","context":{"rowNumber":17192,"points":0,"cnpj":"57608093000159","saleId":"3423400A","executiveName":"Cristiano Dafre"}}
{"timestamp":"2026-03-16T19:43:48.405Z","importId":3,"level":"WARN","message":"Linha 17195: Pontuação é 0 ou null","category":"PONTUACAO","context":{"rowNumber":17195,"points":0,"cnpj":"42873669000138","saleId":"3423336A","executiveName":"Karla Reis"}}
{"timestamp":"2026-03-16T19:43:48.407Z","importId":3,"level":"WARN","message":"Linha 17196: Pontuação é 0 ou null","category":"PONTUACAO","context":{"rowNumber":17196,"points":0,"cnpj":"42873669000138","saleId":"3423335A","executiveName":"Karla Reis"}}
{"timestamp":"2026-03-16T19:43:48.410Z","importId":3,"level":"WARN","message":"Linha 17197: Pontuação é 0 ou null","category":"PONTUACAO","context":{"rowNumber":17197,"points":0,"cnpj":"35756339000105","saleId":"3423332A","executiveName":"Marlon Wander"}}
{"timestamp":"2026-03-16T19:43:48.413Z","importId":3,"level":"WARN","message":"Linha 17198: Pontuação é 0 ou null","category":"PONTUACAO","context":{"rowNumber":17198,"points":0,"cnpj":"35756339000105","saleId":"3423331A","executiveName":"Marlon Wander"}}
{"timestamp":"2026-03-16T19:43:48.416Z","importId":3,"level":"WARN","message":"Linha 17200: Pontuação é 0 ou null","category":"PONTUACAO","context":{"rowNumber":17200,"points":0,"cnpj":"03677175000126","saleId":"3423443A","executiveName":"Rafaela Soares"}}
{"timestamp":"2026-03-16T19:43:48.717Z","importId":3,"level":"WARN","message":"Linha 17423: Pontuação é 0 ou null","category":"PONTUACAO","context":{"rowNumber":17423,"points":0,"cnpj":"79379491000183","saleId":"3421322A","executiveName":"Marlon Wander"}}
{"timestamp":"2026-03-16T19:43:48.824Z","importId":3,"level":"WARN","message":"Linha 17510: Pontuação é 0 ou null","category":"PONTUACAO","context":{"rowNumber":17510,"points":0,"cnpj":"24117034000129","saleId":"3421489A","executiveName":"Miguel Jenotti"}}
{"timestamp":"2026-03-16T19:43:48.826Z","importId":3,"level":"WARN","message":"Linha 17511: Pontuação é 0 ou null","category":"PONTUACAO","context":{"rowNumber":17511,"points":0,"cnpj":"24117034000129","saleId":"3421488A","executiveName":"Miguel Jenotti"}}
{"timestamp":"2026-03-16T19:43:48.831Z","importId":3,"level":"WARN","message":"Linha 17514: Pontuação é 0 ou null","category":"PONTUACAO","context":{"rowNumber":17514,"points":0,"cnpj":"04885442000113","saleId":"3421485A","executiveName":"Carlos Barbassa"}}
{"timestamp":"2026-03-16T19:43:48.837Z","importId":3,"level":"WARN","message":"Linha 17517: Pontuação é 0 ou null","category":"PONTUACAO","context":{"rowNumber":17517,"points":0,"cnpj":"11820109000191","saleId":"3421481A","executiveName":"Soraya Romano"}}
{"timestamp":"2026-03-16T19:43:48.839Z","importId":3,"level":"WARN","message":"Linha 17518: Pontuação é 0 ou null","category":"PONTUACAO","context":{"rowNumber":17518,"points":0,"cnpj":"11820109000191","saleId":"3421480A","executiveName":"Soraya Romano"}}
{"timestamp":"2026-03-16T19:43:48.842Z","importId":3,"level":"WARN","message":"Linha 17519: Pontuação é 0 ou null","category":"PONTUACAO","context":{"rowNumber":17519,"points":0,"cnpj":"66346800000177","saleId":"3421479A","executiveName":"Carlos Brito"}}
{"timestamp":"2026-03-16T19:43:48.847Z","importId":3,"level":"WARN","message":"Linha 17523: Pontuação é 0 ou null","category":"PONTUACAO","context":{"rowNumber":17523,"points":0,"cnpj":"40304172000173","saleId":"3421469A","executiveName":"Elza Lara"}}
{"timestamp":"2026-03-16T19:43:48.849Z","importId":3,"level":"WARN","message":"Linha 17524: Pontuação é 0 ou null","category":"PONTUACAO","context":{"rowNumber":17524,"points":0,"cnpj":"40304172000173","saleId":"3421468A","executiveName":"Elza Lara"}}
{"timestamp":"2026-03-16T19:43:48.860Z","importId":3,"level":"WARN","message":"Linha 17531: Pontuação é 0 ou null","category":"PONTUACAO","context":{"rowNumber":17531,"points":0,"cnpj":"24117034000129","saleId":"3421490A","executiveName":"Miguel Jenotti"}}
{"timestamp":"2026-03-16T19:43:48.863Z","importId":3,"level":"WARN","message":"Linha 17533: Pontuação é 0 ou null","category":"PONTUACAO","context":{"rowNumber":17533,"points":0,"cnpj":"31300477000116","saleId":"3421492A","executiveName":"Kelly Furno"}}
{"timestamp":"2026-03-16T19:43:48.865Z","importId":3,"level":"WARN","message":"Linha 17534: Pontuação é 0 ou null","category":"PONTUACAO","context":{"rowNumber":17534,"points":0,"cnpj":"31300477000116","saleId":"3421493A","executiveName":"Kelly Furno"}}
{"timestamp":"2026-03-16T19:43:48.871Z","importId":3,"level":"WARN","message":"Linha 17537: Pontuação é 0 ou null","category":"PONTUACAO","context":{"rowNumber":17537,"points":0,"cnpj":"53699400000101","saleId":"3421513A","executiveName":"Ricardo Morais"}}
{"timestamp":"2026-03-16T19:43:48.873Z","importId":3,"level":"WARN","message":"Linha 17538: Pontuação é 0 ou null","category":"PONTUACAO","context":{"rowNumber":17538,"points":0,"cnpj":"53699400000101","saleId":"3421512A","executiveName":"Ricardo Morais"}}
{"timestamp":"2026-03-16T19:43:48.885Z","importId":3,"level":"WARN","message":"Linha 17547: Pontuação é 0 ou null","category":"PONTUACAO","context":{"rowNumber":17547,"points":0,"cnpj":"30291107000105","saleId":"3421503A","executiveName":"Karla Reis"}}
{"timestamp":"2026-03-16T19:43:48.886Z","importId":3,"level":"WARN","message":"Linha 17548: Pontuação é 0 ou null","category":"PONTUACAO","context":{"rowNumber":17548,"points":0,"cnpj":"30291107000105","saleId":"3421502A","executiveName":"Karla Reis"}}
{"timestamp":"2026-03-16T19:43:48.889Z","importId":3,"level":"WARN","message":"Linha 17549: Pontuação é 0 ou null","category":"PONTUACAO","context":{"rowNumber":17549,"points":0,"cnpj":"30291107000105","saleId":"3421501A","executiveName":"Karla Reis"}}
{"timestamp":"2026-03-16T19:43:48.899Z","importId":3,"level":"WARN","message":"Linha 17556: Pontuação é 0 ou null","category":"PONTUACAO","context":{"rowNumber":17556,"points":0,"cnpj":"31300477000116","saleId":"3421494A","executiveName":"Kelly Furno"}}
{"timestamp":"2026-03-16T19:43:48.907Z","importId":3,"level":"WARN","message":"Linha 17563: Registro pulado - CNPJ/CPF é obrigatório","category":"VALIDACAO","context":{"rowNumber":17563,"reason":"Erro de validação","error":"CNPJ/CPF é obrigatório","rowData":null}}
{"timestamp":"2026-03-16T19:43:48.908Z","importId":3,"level":"ERROR","message":"Erro na linha 17563: CNPJ/CPF é obrigatório","category":"OUTROS","context":{"rowNumber":17563,"reason":"CNPJ/CPF é obrigatório"}}
{"timestamp":"2026-03-16T19:43:49.013Z","importId":3,"level":"WARN","message":"Linha 17646: Pontuação é 0 ou null","category":"PONTUACAO","context":{"rowNumber":17646,"points":0,"cnpj":"43304326000115","saleId":"3421002A","executiveName":"Ricardo Bueno"}}
{"timestamp":"2026-03-16T19:43:49.018Z","importId":3,"level":"WARN","message":"Linha 17649: Pontuação é 0 ou null","category":"PONTUACAO","context":{"rowNumber":17649,"points":0,"cnpj":"64787883000104","saleId":"3420997A","executiveName":"Andrea Cordovil"}}
{"timestamp":"2026-03-16T19:43:49.058Z","importId":3,"level":"WARN","message":"Linha 17680: Pontuação é 0 ou null","category":"PONTUACAO","context":{"rowNumber":17680,"points":0,"cnpj":"57608093000159","saleId":"3423215A","executiveName":"Cristiano Dafre"}}
{"timestamp":"2026-03-16T19:43:49.125Z","importId":3,"level":"WARN","message":"Linha 17733: Pontuação é 0 ou null","category":"PONTUACAO","context":{"rowNumber":17733,"points":0,"cnpj":"29028738000149","saleId":"3421131A","executiveName":"Carlos Barbassa"}}
{"timestamp":"2026-03-16T19:43:49.547Z","importId":3,"level":"WARN","message":"Linha 18070: Pontuação é 0 ou null","category":"PONTUACAO","context":{"rowNumber":18070,"points":0,"cnpj":"26203213000104","saleId":"3421603A","executiveName":"Roberto Garbin"}}
{"timestamp":"2026-03-16T19:43:49.593Z","importId":3,"level":"WARN","message":"Linha 18106: Pontuação é 0 ou null","category":"PONTUACAO","context":{"rowNumber":18106,"points":0,"cnpj":"26203213000104","saleId":"3421604A","executiveName":"Roberto Garbin"}}
{"timestamp":"2026-03-16T19:43:49.622Z","importId":3,"level":"WARN","message":"Linha 18128: Pontuação é 0 ou null","category":"PONTUACAO","context":{"rowNumber":18128,"points":0,"cnpj":"15505790000487","saleId":"3421888A","executiveName":"Carlos Brito"}}
{"timestamp":"2026-03-16T19:43:49.629Z","importId":3,"level":"WARN","message":"Linha 18133: Pontuação é 0 ou null","category":"PONTUACAO","context":{"rowNumber":18133,"points":0,"cnpj":"60963550000138","saleId":"3421883A","executiveName":"Marlon Wander"}}
{"timestamp":"2026-03-16T19:43:49.634Z","importId":3,"level":"WARN","message":"Linha 18136: Pontuação é 0 ou null","category":"PONTUACAO","context":{"rowNumber":18136,"points":0,"cnpj":"12100779000104","saleId":"3421879A","executiveName":"Carlos Brito"}}
{"timestamp":"2026-03-16T19:43:50.135Z","importId":3,"level":"WARN","message":"Linha 18551: Pontuação é 0 ou null","category":"PONTUACAO","context":{"rowNumber":18551,"points":0,"cnpj":"03022734000160","saleId":"206583M1703302","executiveName":"JUNIA CLEMENTE"}}
{"timestamp":"2026-03-16T19:43:50.465Z","importId":3,"level":"WARN","message":"Linha 18806: Pontuação é 0 ou null","category":"PONTUACAO","context":{"rowNumber":18806,"points":0,"cnpj":"46652376000181","saleId":"3424908A","executiveName":"Cristiano Dafre"}}
{"timestamp":"2026-03-16T19:43:50.471Z","importId":3,"level":"WARN","message":"Linha 18810: Pontuação é 0 ou null","category":"PONTUACAO","context":{"rowNumber":18810,"points":0,"cnpj":"46652376000181","saleId":"3424906A","executiveName":"Cristiano Dafre"}}
{"timestamp":"2026-03-16T19:43:50.518Z","importId":3,"level":"WARN","message":"Linha 18842: Pontuação é 0 ou null","category":"PONTUACAO","context":{"rowNumber":18842,"points":0,"cnpj":"12100779000104","saleId":"3424965A","executiveName":"Carlos Brito"}}
{"timestamp":"2026-03-16T19:43:50.859Z","importId":3,"level":"WARN","message":"Linha 19113: Pontuação é 0 ou null","category":"PONTUACAO","context":{"rowNumber":19113,"points":0,"cnpj":"57608093000159","saleId":"3426764A","executiveName":"Cristiano Dafre"}}
{"timestamp":"2026-03-16T19:43:50.866Z","importId":3,"level":"WARN","message":"Linha 19117: Pontuação é 0 ou null","category":"PONTUACAO","context":{"rowNumber":19117,"points":0,"cnpj":"36417780000117","saleId":"3425925A","executiveName":"Kelly Furno"}}
{"timestamp":"2026-03-16T19:43:50.870Z","importId":3,"level":"WARN","message":"Linha 19119: Pontuação é 0 ou null","category":"PONTUACAO","context":{"rowNumber":19119,"points":0,"cnpj":"27412036000139","saleId":"3425874A","executiveName":"Elza Lara"}}
{"timestamp":"2026-03-16T19:43:50.871Z","importId":3,"level":"WARN","message":"Linha 19120: Pontuação é 0 ou null","category":"PONTUACAO","context":{"rowNumber":19120,"points":0,"cnpj":"27412036000139","saleId":"3425859A","executiveName":"Elza Lara"}}
{"timestamp":"2026-03-16T19:43:50.873Z","importId":3,"level":"WARN","message":"Linha 19121: Pontuação é 0 ou null","category":"PONTUACAO","context":{"rowNumber":19121,"points":0,"cnpj":"10880027000170","saleId":"3425843A","executiveName":"Ricardo Morais"}}
{"timestamp":"2026-03-16T19:43:50.884Z","importId":3,"level":"WARN","message":"Linha 19128: Pontuação é 0 ou null","category":"PONTUACAO","context":{"rowNumber":19128,"points":0,"cnpj":"12627877000196","saleId":"3425831A","executiveName":"Karla Reis"}}
{"timestamp":"2026-03-16T19:43:50.885Z","importId":3,"level":"WARN","message":"Linha 19129: Pontuação é 0 ou null","category":"PONTUACAO","context":{"rowNumber":19129,"points":0,"cnpj":"12627877000196","saleId":"3425830A","executiveName":"Karla Reis"}}
{"timestamp":"2026-03-16T19:43:50.888Z","importId":3,"level":"WARN","message":"Linha 19130: Pontuação é 0 ou null","category":"PONTUACAO","context":{"rowNumber":19130,"points":0,"cnpj":"41731303000161","saleId":"3425829A","executiveName":"Cristiano Dafre"}}
{"timestamp":"2026-03-16T19:43:50.889Z","importId":3,"level":"WARN","message":"Linha 19131: Pontuação é 0 ou null","category":"PONTUACAO","context":{"rowNumber":19131,"points":0,"cnpj":"41731303000161","saleId":"3425828A","executiveName":"Cristiano Dafre"}}
{"timestamp":"2026-03-16T19:43:50.892Z","importId":3,"level":"WARN","message":"Linha 19132: Pontuação é 0 ou null","category":"PONTUACAO","context":{"rowNumber":19132,"points":0,"cnpj":"41731303000161","saleId":"3425827A","executiveName":"Cristiano Dafre"}}
{"timestamp":"2026-03-16T19:43:50.894Z","importId":3,"level":"WARN","message":"Linha 19133: Pontuação é 0 ou null","category":"PONTUACAO","context":{"rowNumber":19133,"points":0,"cnpj":"41731303000161","saleId":"3425826A","executiveName":"Cristiano Dafre"}}
{"timestamp":"2026-03-16T19:43:50.896Z","importId":3,"level":"WARN","message":"Linha 19134: Pontuação é 0 ou null","category":"PONTUACAO","context":{"rowNumber":19134,"points":0,"cnpj":"41731303000161","saleId":"3425825A","executiveName":"Cristiano Dafre"}}
{"timestamp":"2026-03-16T19:43:50.901Z","importId":3,"level":"WARN","message":"Linha 19135: Pontuação é 0 ou null","category":"PONTUACAO","context":{"rowNumber":19135,"points":0,"cnpj":"41731303000161","saleId":"3425824A","executiveName":"Cristiano Dafre"}}
{"timestamp":"2026-03-16T19:43:50.904Z","importId":3,"level":"WARN","message":"Linha 19136: Pontuação é 0 ou null","category":"PONTUACAO","context":{"rowNumber":19136,"points":0,"cnpj":"10530736000125","saleId":"3425823A","executiveName":"Elza Lara"}}
{"timestamp":"2026-03-16T19:43:50.906Z","importId":3,"level":"WARN","message":"Linha 19137: Pontuação é 0 ou null","category":"PONTUACAO","context":{"rowNumber":19137,"points":0,"cnpj":"10530736000125","saleId":"3425822A","executiveName":"Elza Lara"}}
{"timestamp":"2026-03-16T19:43:50.912Z","importId":3,"level":"WARN","message":"Linha 19139: Pontuação é 0 ou null","category":"PONTUACAO","context":{"rowNumber":19139,"points":0,"cnpj":"46878674000194","saleId":"3426380A","executiveName":"Claudia Dias"}}
{"timestamp":"2026-03-16T19:43:50.914Z","importId":3,"level":"WARN","message":"Linha 19140: Pontuação é 0 ou null","category":"PONTUACAO","context":{"rowNumber":19140,"points":0,"cnpj":"46878674000194","saleId":"3426381A","executiveName":"Claudia Dias"}}
{"timestamp":"2026-03-16T19:43:50.918Z","importId":3,"level":"WARN","message":"Linha 19141: Pontuação é 0 ou null","category":"PONTUACAO","context":{"rowNumber":19141,"points":0,"cnpj":"46878674000194","saleId":"3426382A","executiveName":"Claudia Dias"}}
{"timestamp":"2026-03-16T19:43:50.938Z","importId":3,"level":"WARN","message":"Linha 19155: Pontuação é 0 ou null","category":"PONTUACAO","context":{"rowNumber":19155,"points":0,"cnpj":"12164730000107","saleId":"3426437A","executiveName":"Andrea Cordovil"}}
{"timestamp":"2026-03-16T19:43:50.940Z","importId":3,"level":"WARN","message":"Linha 19156: Pontuação é 0 ou null","category":"PONTUACAO","context":{"rowNumber":19156,"points":0,"cnpj":"12164730000107","saleId":"3426436A","executiveName":"Andrea Cordovil"}}
{"timestamp":"2026-03-16T19:43:50.942Z","importId":3,"level":"WARN","message":"Linha 19157: Pontuação é 0 ou null","category":"PONTUACAO","context":{"rowNumber":19157,"points":0,"cnpj":"12164730000107","saleId":"3426435A","executiveName":"Andrea Cordovil"}}
{"timestamp":"2026-03-16T19:43:50.945Z","importId":3,"level":"WARN","message":"Linha 19158: Pontuação é 0 ou null","category":"PONTUACAO","context":{"rowNumber":19158,"points":0,"cnpj":"12164730000107","saleId":"3426434A","executiveName":"Andrea Cordovil"}}
{"timestamp":"2026-03-16T19:43:50.947Z","importId":3,"level":"WARN","message":"Linha 19159: Pontuação é 0 ou null","category":"PONTUACAO","context":{"rowNumber":19159,"points":0,"cnpj":"20470627000113","saleId":"3426425A","executiveName":"Andrea Cordovil"}}
{"timestamp":"2026-03-16T19:43:50.949Z","importId":3,"level":"WARN","message":"Linha 19160: Pontuação é 0 ou null","category":"PONTUACAO","context":{"rowNumber":19160,"points":0,"cnpj":"01335651000103","saleId":"3426420A","executiveName":"Elza Lara"}}
{"timestamp":"2026-03-16T19:43:50.951Z","importId":3,"level":"WARN","message":"Linha 19161: Pontuação é 0 ou null","category":"PONTUACAO","context":{"rowNumber":19161,"points":0,"cnpj":"01335651000103","saleId":"3426419A","executiveName":"Elza Lara"}}
{"timestamp":"2026-03-16T19:43:50.953Z","importId":3,"level":"WARN","message":"Linha 19162: Pontuação é 0 ou null","category":"PONTUACAO","context":{"rowNumber":19162,"points":0,"cnpj":"01335651000103","saleId":"3426418A","executiveName":"Elza Lara"}}
{"timestamp":"2026-03-16T19:43:50.956Z","importId":3,"level":"WARN","message":"Linha 19163: Pontuação é 0 ou null","category":"PONTUACAO","context":{"rowNumber":19163,"points":0,"cnpj":"01335651000103","saleId":"3426417A","executiveName":"Elza Lara"}}
{"timestamp":"2026-03-16T19:43:50.957Z","importId":3,"level":"WARN","message":"Linha 19164: Pontuação é 0 ou null","category":"PONTUACAO","context":{"rowNumber":19164,"points":0,"cnpj":"67318634000168","saleId":"3426402A","executiveName":"Carlos Brito"}}
{"timestamp":"2026-03-16T19:43:50.960Z","importId":3,"level":"WARN","message":"Linha 19165: Pontuação é 0 ou null","category":"PONTUACAO","context":{"rowNumber":19165,"points":0,"cnpj":"16849620000130","saleId":"3426393A","executiveName":"Rafaela Soares"}}
{"timestamp":"2026-03-16T19:43:50.962Z","importId":3,"level":"WARN","message":"Linha 19166: Pontuação é 0 ou null","category":"PONTUACAO","context":{"rowNumber":19166,"points":0,"cnpj":"22490805000101","saleId":"3426462A","executiveName":"Marlon Wander"}}
{"timestamp":"2026-03-16T19:43:50.969Z","importId":3,"level":"WARN","message":"Linha 19169: Pontuação é 0 ou null","category":"PONTUACAO","context":{"rowNumber":19169,"points":0,"cnpj":"24839282000183","saleId":"3425818A","executiveName":"Karla Reis"}}
{"timestamp":"2026-03-16T19:43:50.978Z","importId":3,"level":"WARN","message":"Linha 19174: Pontuação é 0 ou null","category":"PONTUACAO","context":{"rowNumber":19174,"points":0,"cnpj":"15875000000102","saleId":"3425785A","executiveName":"Elza Lara"}}
{"timestamp":"2026-03-16T19:43:50.980Z","importId":3,"level":"WARN","message":"Linha 19175: Pontuação é 0 ou null","category":"PONTUACAO","context":{"rowNumber":19175,"points":0,"cnpj":"15875000000102","saleId":"3425784A","executiveName":"Elza Lara"}}
{"timestamp":"2026-03-16T19:43:50.982Z","importId":3,"level":"WARN","message":"Linha 19176: Pontuação é 0 ou null","category":"PONTUACAO","context":{"rowNumber":19176,"points":0,"cnpj":"20606282000182","saleId":"3425783A","executiveName":"Armando Soares"}}
{"timestamp":"2026-03-16T19:43:50.985Z","importId":3,"level":"WARN","message":"Linha 19177: Pontuação é 0 ou null","category":"PONTUACAO","context":{"rowNumber":19177,"points":0,"cnpj":"48186332000139","saleId":"3425774A","executiveName":"Ricardo Morais"}}
{"timestamp":"2026-03-16T19:43:50.988Z","importId":3,"level":"WARN","message":"Linha 19178: Pontuação é 0 ou null","category":"PONTUACAO","context":{"rowNumber":19178,"points":0,"cnpj":"48186332000139","saleId":"3425773A","executiveName":"Ricardo Morais"}}
{"timestamp":"2026-03-16T19:43:50.991Z","importId":3,"level":"WARN","message":"Linha 19179: Pontuação é 0 ou null","category":"PONTUACAO","context":{"rowNumber":19179,"points":0,"cnpj":"48186332000139","saleId":"3425772A","executiveName":"Ricardo Morais"}}
{"timestamp":"2026-03-16T19:43:50.993Z","importId":3,"level":"WARN","message":"Linha 19180: Pontuação é 0 ou null","category":"PONTUACAO","context":{"rowNumber":19180,"points":0,"cnpj":"02903484000104","saleId":"3425771A","executiveName":"Cristiano Dafre"}}
{"timestamp":"2026-03-16T19:43:50.995Z","importId":3,"level":"WARN","message":"Linha 19181: Pontuação é 0 ou null","category":"PONTUACAO","context":{"rowNumber":19181,"points":0,"cnpj":"02903484000104","saleId":"3425770A","executiveName":"Cristiano Dafre"}}
{"timestamp":"2026-03-16T19:43:51.005Z","importId":3,"level":"WARN","message":"Linha 19186: Pontuação é 0 ou null","category":"PONTUACAO","context":{"rowNumber":19186,"points":0,"cnpj":"28551518000132","saleId":"3425765A","executiveName":"Karla Reis"}}
{"timestamp":"2026-03-16T19:43:51.007Z","importId":3,"level":"WARN","message":"Linha 19187: Pontuação é 0 ou null","category":"PONTUACAO","context":{"rowNumber":19187,"points":0,"cnpj":"28551518000132","saleId":"3425764A","executiveName":"Karla Reis"}}
{"timestamp":"2026-03-16T19:43:51.009Z","importId":3,"level":"WARN","message":"Linha 19188: Pontuação é 0 ou null","category":"PONTUACAO","context":{"rowNumber":19188,"points":0,"cnpj":"00645801000104","saleId":"3425762A","executiveName":"Ricardo Morais"}}
{"timestamp":"2026-03-16T19:43:51.011Z","importId":3,"level":"WARN","message":"Linha 19189: Pontuação é 0 ou null","category":"PONTUACAO","context":{"rowNumber":19189,"points":0,"cnpj":"00645801000104","saleId":"3425761A","executiveName":"Ricardo Morais"}}
{"timestamp":"2026-03-16T19:43:51.013Z","importId":3,"level":"WARN","message":"Linha 19190: Pontuação é 0 ou null","category":"PONTUACAO","context":{"rowNumber":19190,"points":0,"cnpj":"00645801000104","saleId":"3425760A","executiveName":"Ricardo Morais"}}
{"timestamp":"2026-03-16T19:43:51.016Z","importId":3,"level":"WARN","message":"Linha 19191: Pontuação é 0 ou null","category":"PONTUACAO","context":{"rowNumber":19191,"points":0,"cnpj":"46652376000181","saleId":"3425759A","executiveName":"Cristiano Dafre"}}
{"timestamp":"2026-03-16T19:43:51.018Z","importId":3,"level":"WARN","message":"Linha 19192: Pontuação é 0 ou null","category":"PONTUACAO","context":{"rowNumber":19192,"points":0,"cnpj":"46652376000181","saleId":"3425758A","executiveName":"Cristiano Dafre"}}
{"timestamp":"2026-03-16T19:43:51.027Z","importId":3,"level":"WARN","message":"Linha 19197: Pontuação é 0 ou null","category":"PONTUACAO","context":{"rowNumber":19197,"points":0,"cnpj":"24839282000183","saleId":"3425817A","executiveName":"Karla Reis"}}
{"timestamp":"2026-03-16T19:43:51.030Z","importId":3,"level":"WARN","message":"Linha 19198: Pontuação é 0 ou null","category":"PONTUACAO","context":{"rowNumber":19198,"points":0,"cnpj":"03208191000170","saleId":"3425816A","executiveName":"Elza Lara"}}
{"timestamp":"2026-03-16T19:43:51.032Z","importId":3,"level":"WARN","message":"Linha 19199: Pontuação é 0 ou null","category":"PONTUACAO","context":{"rowNumber":19199,"points":0,"cnpj":"03208191000170","saleId":"3425815A","executiveName":"Elza Lara"}}
{"timestamp":"2026-03-16T19:43:51.036Z","importId":3,"level":"WARN","message":"Linha 19200: Pontuação é 0 ou null","category":"PONTUACAO","context":{"rowNumber":19200,"points":0,"cnpj":"39708084000158","saleId":"3425814A","executiveName":"Ricardo Morais"}}
{"timestamp":"2026-03-16T19:43:51.039Z","importId":3,"level":"WARN","message":"Linha 19201: Pontuação é 0 ou null","category":"PONTUACAO","context":{"rowNumber":19201,"points":0,"cnpj":"39708084000158","saleId":"3425813A","executiveName":"Ricardo Morais"}}
{"timestamp":"2026-03-16T19:43:51.041Z","importId":3,"level":"WARN","message":"Linha 19202: Pontuação é 0 ou null","category":"PONTUACAO","context":{"rowNumber":19202,"points":0,"cnpj":"39708084000158","saleId":"3425812A","executiveName":"Ricardo Morais"}}
{"timestamp":"2026-03-16T19:43:51.043Z","importId":3,"level":"WARN","message":"Linha 19203: Pontuação é 0 ou null","category":"PONTUACAO","context":{"rowNumber":19203,"points":0,"cnpj":"39708084000158","saleId":"3425811A","executiveName":"Ricardo Morais"}}
{"timestamp":"2026-03-16T19:43:51.047Z","importId":3,"level":"WARN","message":"Linha 19204: Pontuação é 0 ou null","category":"PONTUACAO","context":{"rowNumber":19204,"points":0,"cnpj":"39708084000158","saleId":"3425810A","executiveName":"Ricardo Morais"}}
{"timestamp":"2026-03-16T19:43:51.050Z","importId":3,"level":"WARN","message":"Linha 19205: Pontuação é 0 ou null","category":"PONTUACAO","context":{"rowNumber":19205,"points":0,"cnpj":"39708084000158","saleId":"3425809A","executiveName":"Ricardo Morais"}}
{"timestamp":"2026-03-16T19:43:51.054Z","importId":3,"level":"WARN","message":"Linha 19207: Pontuação é 0 ou null","category":"PONTUACAO","context":{"rowNumber":19207,"points":0,"cnpj":"29871389000122","saleId":"3425807A","executiveName":"Kelly Furno"}}
{"timestamp":"2026-03-16T19:43:51.058Z","importId":3,"level":"WARN","message":"Linha 19209: Pontuação é 0 ou null","category":"PONTUACAO","context":{"rowNumber":19209,"points":0,"cnpj":"29871389000122","saleId":"3425806A","executiveName":"Kelly Furno"}}
{"timestamp":"2026-03-16T19:43:51.085Z","importId":3,"level":"WARN","message":"Linha 19225: Pontuação é 0 ou null","category":"PONTUACAO","context":{"rowNumber":19225,"points":0,"cnpj":"03208191000170","saleId":"3426802A","executiveName":"Elza Lara"}}
{"timestamp":"2026-03-16T19:43:51.087Z","importId":3,"level":"WARN","message":"Linha 19226: Pontuação é 0 ou null","category":"PONTUACAO","context":{"rowNumber":19226,"points":0,"cnpj":"03208191000170","saleId":"3426801A","executiveName":"Elza Lara"}}
{"timestamp":"2026-03-16T19:43:51.092Z","importId":3,"level":"WARN","message":"Linha 19228: Pontuação é 0 ou null","category":"PONTUACAO","context":{"rowNumber":19228,"points":0,"cnpj":"19851484000100","saleId":"3426786A","executiveName":"Carlos Brito"}}
{"timestamp":"2026-03-16T19:43:51.094Z","importId":3,"level":"WARN","message":"Linha 19230: Pontuação é 0 ou null","category":"PONTUACAO","context":{"rowNumber":19230,"points":0,"cnpj":"09306166000105","saleId":"3426771A","executiveName":"Ricardo Morais"}}
{"timestamp":"2026-03-16T19:43:51.098Z","importId":3,"level":"WARN","message":"Linha 19232: Pontuação é 0 ou null","category":"PONTUACAO","context":{"rowNumber":19232,"points":0,"cnpj":"57608093000159","saleId":"3426763A","executiveName":"Cristiano Dafre"}}
{"timestamp":"2026-03-16T19:43:51.122Z","importId":3,"level":"WARN","message":"Linha 19248: Pontuação é 0 ou null","category":"PONTUACAO","context":{"rowNumber":19248,"points":0,"cnpj":"54091467000113","saleId":"3426805A","executiveName":"Pasquale Neto"}}
{"timestamp":"2026-03-16T19:43:51.124Z","importId":3,"level":"WARN","message":"Linha 19249: Pontuação é 0 ou null","category":"PONTUACAO","context":{"rowNumber":19249,"points":0,"cnpj":"32109367000134","saleId":"3426809A","executiveName":"Armando Soares"}}
{"timestamp":"2026-03-16T19:43:51.131Z","importId":3,"level":"WARN","message":"Linha 19252: Pontuação é 0 ou null","category":"PONTUACAO","context":{"rowNumber":19252,"points":0,"cnpj":"00578109000100","saleId":"3427622A","executiveName":"Elzo Nogueira"}}
{"timestamp":"2026-03-16T19:43:51.134Z","importId":3,"level":"WARN","message":"Linha 19253: Pontuação é 0 ou null","category":"PONTUACAO","context":{"rowNumber":19253,"points":0,"cnpj":"00578109000100","saleId":"3427609A","executiveName":"Elzo Nogueira"}}
{"timestamp":"2026-03-16T19:43:51.135Z","importId":3,"level":"WARN","message":"Linha 19254: Pontuação é 0 ou null","category":"PONTUACAO","context":{"rowNumber":19254,"points":0,"cnpj":"00578109000100","saleId":"3427494A","executiveName":"Elzo Nogueira"}}
{"timestamp":"2026-03-16T19:43:51.139Z","importId":3,"level":"WARN","message":"Linha 19256: Pontuação é 0 ou null","category":"PONTUACAO","context":{"rowNumber":19256,"points":0,"cnpj":"00578109000100","saleId":"3427098A","executiveName":"Elzo Nogueira"}}
{"timestamp":"2026-03-16T19:43:51.158Z","importId":3,"level":"WARN","message":"Linha 19267: Pontuação é 0 ou null","category":"PONTUACAO","context":{"rowNumber":19267,"points":0,"cnpj":"00578109000100","saleId":"3426946A","executiveName":"Elzo Nogueira"}}
{"timestamp":"2026-03-16T19:43:51.160Z","importId":3,"level":"WARN","message":"Linha 19268: Pontuação é 0 ou null","category":"PONTUACAO","context":{"rowNumber":19268,"points":0,"cnpj":"51956360000100","saleId":"3426833A","executiveName":"Ricardo Morais"}}
{"timestamp":"2026-03-16T19:43:51.162Z","importId":3,"level":"WARN","message":"Linha 19269: Pontuação é 0 ou null","category":"PONTUACAO","context":{"rowNumber":19269,"points":0,"cnpj":"51956360000100","saleId":"3426830A","executiveName":"Ricardo Morais"}}
{"timestamp":"2026-03-16T19:43:51.164Z","importId":3,"level":"WARN","message":"Linha 19270: Pontuação é 0 ou null","category":"PONTUACAO","context":{"rowNumber":19270,"points":0,"cnpj":"41731303000161","saleId":"3426829A","executiveName":"Cristiano Dafre"}}
{"timestamp":"2026-03-16T19:43:51.166Z","importId":3,"level":"WARN","message":"Linha 19271: Pontuação é 0 ou null","category":"PONTUACAO","context":{"rowNumber":19271,"points":0,"cnpj":"21667914000180","saleId":"3426825A","executiveName":"Armando Soares"}}
{"timestamp":"2026-03-16T19:43:51.167Z","importId":3,"level":"WARN","message":"Linha 19272: Pontuação é 0 ou null","category":"PONTUACAO","context":{"rowNumber":19272,"points":0,"cnpj":"57608093000159","saleId":"3426821A","executiveName":"Cristiano Dafre"}}
{"timestamp":"2026-03-16T19:43:51.170Z","importId":3,"level":"WARN","message":"Linha 19273: Pontuação é 0 ou null","category":"PONTUACAO","context":{"rowNumber":19273,"points":0,"cnpj":"57608093000159","saleId":"3426820A","executiveName":"Cristiano Dafre"}}
{"timestamp":"2026-03-16T19:43:51.176Z","importId":3,"level":"WARN","message":"Linha 19276: Pontuação é 0 ou null","category":"PONTUACAO","context":{"rowNumber":19276,"points":0,"cnpj":"00578109000100","saleId":"3426970A","executiveName":"Elzo Nogueira"}}
{"timestamp":"2026-03-16T19:43:51.229Z","importId":3,"level":"WARN","message":"Linha 19305: Pontuação é 0 ou null","category":"PONTUACAO","context":{"rowNumber":19305,"points":0,"cnpj":"12100779000104","saleId":"3425756A","executiveName":"Carlos Brito"}}
{"timestamp":"2026-03-16T19:43:51.600Z","importId":3,"level":"WARN","message":"Linha 19568: Pontuação é 0 ou null","category":"PONTUACAO","context":{"rowNumber":19568,"points":0,"cnpj":"46652376000181","saleId":"3423808A","executiveName":"Cristiano Dafre"}}
{"timestamp":"2026-03-16T19:43:51.603Z","importId":3,"level":"WARN","message":"Linha 19569: Pontuação é 0 ou null","category":"PONTUACAO","context":{"rowNumber":19569,"points":0,"cnpj":"46652376000181","saleId":"3423807A","executiveName":"Cristiano Dafre"}}
{"timestamp":"2026-03-16T19:43:51.606Z","importId":3,"level":"WARN","message":"Linha 19571: Pontuação é 0 ou null","category":"PONTUACAO","context":{"rowNumber":19571,"points":0,"cnpj":"47854410000163","saleId":"3423804A","executiveName":"Leonardo Ligabo"}}
{"timestamp":"2026-03-16T19:43:51.608Z","importId":3,"level":"WARN","message":"Linha 19572: Pontuação é 0 ou null","category":"PONTUACAO","context":{"rowNumber":19572,"points":0,"cnpj":"47854410000163","saleId":"3423803A","executiveName":"Leonardo Ligabo"}}
{"timestamp":"2026-03-16T19:43:51.613Z","importId":3,"level":"WARN","message":"Linha 19576: Pontuação é 0 ou null","category":"PONTUACAO","context":{"rowNumber":19576,"points":0,"cnpj":"45206060000101","saleId":"3423799A","executiveName":"Elza Lara"}}
{"timestamp":"2026-03-16T19:43:51.672Z","importId":3,"level":"WARN","message":"Linha 19624: Pontuação é 0 ou null","category":"PONTUACAO","context":{"rowNumber":19624,"points":0,"cnpj":"23943727000108","saleId":"3423732A","executiveName":"Ricardo Bueno"}}
{"timestamp":"2026-03-16T19:43:51.695Z","importId":3,"level":"WARN","message":"Linha 19642: Pontuação é 0 ou null","category":"PONTUACAO","context":{"rowNumber":19642,"points":0,"cnpj":"04033961000153","saleId":"3423788A","executiveName":"Elza Lara"}}
{"timestamp":"2026-03-16T19:43:51.701Z","importId":3,"level":"WARN","message":"Linha 19645: Pontuação é 0 ou null","category":"PONTUACAO","context":{"rowNumber":19645,"points":0,"cnpj":"19851484000100","saleId":"3423785A","executiveName":"Carlos Brito"}}
{"timestamp":"2026-03-16T19:43:51.702Z","importId":3,"level":"WARN","message":"Linha 19646: Pontuação é 0 ou null","category":"PONTUACAO","context":{"rowNumber":19646,"points":0,"cnpj":"00558808000199","saleId":"3423784A","executiveName":"Cristiano Dafre"}}
{"timestamp":"2026-03-16T19:43:51.705Z","importId":3,"level":"WARN","message":"Linha 19647: Pontuação é 0 ou null","category":"PONTUACAO","context":{"rowNumber":19647,"points":0,"cnpj":"00558808000199","saleId":"3423783A","executiveName":"Cristiano Dafre"}}
{"timestamp":"2026-03-16T19:43:51.708Z","importId":3,"level":"WARN","message":"Linha 19648: Pontuação é 0 ou null","category":"PONTUACAO","context":{"rowNumber":19648,"points":0,"cnpj":"00558808000199","saleId":"3423782A","executiveName":"Cristiano Dafre"}}
{"timestamp":"2026-03-16T19:43:51.710Z","importId":3,"level":"WARN","message":"Linha 19649: Pontuação é 0 ou null","category":"PONTUACAO","context":{"rowNumber":19649,"points":0,"cnpj":"00558808000199","saleId":"3423781A","executiveName":"Cristiano Dafre"}}
{"timestamp":"2026-03-16T19:43:51.713Z","importId":3,"level":"WARN","message":"Linha 19652: Pontuação é 0 ou null","category":"PONTUACAO","context":{"rowNumber":19652,"points":0,"cnpj":"12100779000104","saleId":"3423777A","executiveName":"Carlos Brito"}}
{"timestamp":"2026-03-16T19:43:51.715Z","importId":3,"level":"WARN","message":"Linha 19653: Pontuação é 0 ou null","category":"PONTUACAO","context":{"rowNumber":19653,"points":0,"cnpj":"57040461000105","saleId":"3423776A","executiveName":"Carlos Barbassa"}}
{"timestamp":"2026-03-16T19:43:51.719Z","importId":3,"level":"WARN","message":"Linha 19655: Pontuação é 0 ou null","category":"PONTUACAO","context":{"rowNumber":19655,"points":0,"cnpj":"79379491000183","saleId":"3423774A","executiveName":"Marlon Wander"}}
{"timestamp":"2026-03-16T19:43:51.735Z","importId":3,"level":"WARN","message":"Linha 19667: Pontuação é 0 ou null","category":"PONTUACAO","context":{"rowNumber":19667,"points":0,"cnpj":"15006080000160","saleId":"3424046A","executiveName":"Pasquale Neto"}}
{"timestamp":"2026-03-16T19:43:51.737Z","importId":3,"level":"WARN","message":"Linha 19668: Pontuação é 0 ou null","category":"PONTUACAO","context":{"rowNumber":19668,"points":0,"cnpj":"15006080000160","saleId":"3424045A","executiveName":"Pasquale Neto"}}
{"timestamp":"2026-03-16T19:43:51.741Z","importId":3,"level":"WARN","message":"Linha 19669: Pontuação é 0 ou null","category":"PONTUACAO","context":{"rowNumber":19669,"points":0,"cnpj":"15006080000160","saleId":"3424044A","executiveName":"Pasquale Neto"}}
{"timestamp":"2026-03-16T19:43:51.743Z","importId":3,"level":"WARN","message":"Linha 19670: Pontuação é 0 ou null","category":"PONTUACAO","context":{"rowNumber":19670,"points":0,"cnpj":"15006080000160","saleId":"3424043A","executiveName":"Pasquale Neto"}}
{"timestamp":"2026-03-16T19:43:51.744Z","importId":3,"level":"WARN","message":"Linha 19671: Pontuação é 0 ou null","category":"PONTUACAO","context":{"rowNumber":19671,"points":0,"cnpj":"15006080000160","saleId":"3424042A","executiveName":"Pasquale Neto"}}
{"timestamp":"2026-03-16T19:43:51.746Z","importId":3,"level":"WARN","message":"Linha 19672: Pontuação é 0 ou null","category":"PONTUACAO","context":{"rowNumber":19672,"points":0,"cnpj":"15006080000160","saleId":"3424041A","executiveName":"Pasquale Neto"}}
{"timestamp":"2026-03-16T19:43:51.750Z","importId":3,"level":"WARN","message":"Linha 19674: Pontuação é 0 ou null","category":"PONTUACAO","context":{"rowNumber":19674,"points":0,"cnpj":"07709889000120","saleId":"3424039A","executiveName":"Carlos Brito"}}
{"timestamp":"2026-03-16T19:43:51.771Z","importId":3,"level":"WARN","message":"Linha 19690: Pontuação é 0 ou null","category":"PONTUACAO","context":{"rowNumber":19690,"points":0,"cnpj":"15006080000160","saleId":"3424047A","executiveName":"Pasquale Neto"}}
{"timestamp":"2026-03-16T19:43:51.773Z","importId":3,"level":"WARN","message":"Linha 19691: Pontuação é 0 ou null","category":"PONTUACAO","context":{"rowNumber":19691,"points":0,"cnpj":"15006080000160","saleId":"3424048A","executiveName":"Pasquale Neto"}}
{"timestamp":"2026-03-16T19:43:51.775Z","importId":3,"level":"WARN","message":"Linha 19692: Pontuação é 0 ou null","category":"PONTUACAO","context":{"rowNumber":19692,"points":0,"cnpj":"15006080000160","saleId":"3424049A","executiveName":"Pasquale Neto"}}
{"timestamp":"2026-03-16T19:43:51.806Z","importId":3,"level":"WARN","message":"Linha 19714: Pontuação é 0 ou null","category":"PONTUACAO","context":{"rowNumber":19714,"points":0,"cnpj":"21432799000165","saleId":"3424056A","executiveName":"Andreza Lubatsch"}}
{"timestamp":"2026-03-16T19:43:51.902Z","importId":3,"level":"WARN","message":"Linha 19784: Pontuação é 0 ou null","category":"PONTUACAO","context":{"rowNumber":19784,"points":0,"cnpj":"28845497000168","saleId":"3423475A","executiveName":"Karla Reis"}}
{"timestamp":"2026-03-16T19:43:51.906Z","importId":3,"level":"WARN","message":"Linha 19785: Pontuação é 0 ou null","category":"PONTUACAO","context":{"rowNumber":19785,"points":0,"cnpj":"28845497000168","saleId":"3423474A","executiveName":"Karla Reis"}}
{"timestamp":"2026-03-16T19:43:51.909Z","importId":3,"level":"WARN","message":"Linha 19786: Pontuação é 0 ou null","category":"PONTUACAO","context":{"rowNumber":19786,"points":0,"cnpj":"28845497000168","saleId":"3423473A","executiveName":"Karla Reis"}}
{"timestamp":"2026-03-16T19:43:51.911Z","importId":3,"level":"WARN","message":"Linha 19787: Pontuação é 0 ou null","category":"PONTUACAO","context":{"rowNumber":19787,"points":0,"cnpj":"28845497000168","saleId":"3423472A","executiveName":"Karla Reis"}}
{"timestamp":"2026-03-16T19:43:51.914Z","importId":3,"level":"WARN","message":"Linha 19788: Pontuação é 0 ou null","category":"PONTUACAO","context":{"rowNumber":19788,"points":0,"cnpj":"12100779000104","saleId":"3423468A","executiveName":"Carlos Brito"}}
{"timestamp":"2026-03-16T19:43:51.939Z","importId":3,"level":"WARN","message":"Linha 19810: Pontuação é 0 ou null","category":"PONTUACAO","context":{"rowNumber":19810,"points":0,"cnpj":"79379491000183","saleId":"3423533A","executiveName":"Marlon Wander"}}
{"timestamp":"2026-03-16T19:43:52.039Z","importId":3,"level":"WARN","message":"Linha 19886: Pontuação é 0 ou null","category":"PONTUACAO","context":{"rowNumber":19886,"points":0,"cnpj":"49127493000114","saleId":"3423541A","executiveName":"Leonardo Ligabo"}}
{"timestamp":"2026-03-16T19:43:52.072Z","importId":3,"level":"WARN","message":"Linha 19911: Pontuação é 0 ou null","category":"PONTUACAO","context":{"rowNumber":19911,"points":0,"cnpj":"12100779000104","saleId":"3423654A","executiveName":"Carlos Brito"}}
{"timestamp":"2026-03-16T19:43:52.353Z","importId":3,"level":"WARN","message":"Linha 20127: Pontuação é 0 ou null","category":"PONTUACAO","context":{"rowNumber":20127,"points":0,"cnpj":"12320711000122","saleId":"3424745A","executiveName":"Walter Junior"}}
{"timestamp":"2026-03-16T19:43:52.356Z","importId":3,"level":"WARN","message":"Linha 20128: Pontuação é 0 ou null","category":"PONTUACAO","context":{"rowNumber":20128,"points":0,"cnpj":"34229543000105","saleId":"3424742A","executiveName":"Walter Junior"}}
{"timestamp":"2026-03-16T19:43:52.361Z","importId":3,"level":"WARN","message":"Linha 20130: Pontuação é 0 ou null","category":"PONTUACAO","context":{"rowNumber":20130,"points":0,"cnpj":"30607677000153","saleId":"3424740A","executiveName":"Rafaela Soares"}}
{"timestamp":"2026-03-16T19:43:52.362Z","importId":3,"level":"WARN","message":"Linha 20131: Pontuação é 0 ou null","category":"PONTUACAO","context":{"rowNumber":20131,"points":0,"cnpj":"15505790000215","saleId":"3424739A","executiveName":"Pasquale Neto"}}
{"timestamp":"2026-03-16T19:43:52.382Z","importId":3,"level":"WARN","message":"Linha 20147: Pontuação é 0 ou null","category":"PONTUACAO","context":{"rowNumber":20147,"points":0,"cnpj":"15505790000215","saleId":"3424738A","executiveName":"Pasquale Neto"}}
{"timestamp":"2026-03-16T19:43:52.399Z","importId":3,"level":"WARN","message":"Linha 20161: Pontuação é 0 ou null","category":"PONTUACAO","context":{"rowNumber":20161,"points":0,"cnpj":"15117936000174","saleId":"3424737A","executiveName":"Ronaldo Coelho"}}
{"timestamp":"2026-03-16T19:43:52.401Z","importId":3,"level":"WARN","message":"Linha 20162: Pontuação é 0 ou null","category":"PONTUACAO","context":{"rowNumber":20162,"points":0,"cnpj":"03292119863","saleId":"3424736A","executiveName":"Armando Soares"}}
{"timestamp":"2026-03-16T19:43:52.402Z","importId":3,"level":"WARN","message":"Linha 20163: Pontuação é 0 ou null","category":"PONTUACAO","context":{"rowNumber":20163,"points":0,"cnpj":"57429862000151","saleId":"3424735A","executiveName":"Pasquale Neto"}}
{"timestamp":"2026-03-16T19:43:52.419Z","importId":3,"level":"WARN","message":"Linha 20175: Pontuação é 0 ou null","category":"PONTUACAO","context":{"rowNumber":20175,"points":0,"cnpj":"10953332000144","saleId":"3424707A","executiveName":"Elzo Nogueira"}}
{"timestamp":"2026-03-16T19:43:52.440Z","importId":3,"level":"WARN","message":"Linha 20190: Pontuação é 0 ou null","category":"PONTUACAO","context":{"rowNumber":20190,"points":0,"cnpj":"10953332000144","saleId":"3424708A","executiveName":"Elzo Nogueira"}}
{"timestamp":"2026-03-16T19:43:52.442Z","importId":3,"level":"WARN","message":"Linha 20191: Pontuação é 0 ou null","category":"PONTUACAO","context":{"rowNumber":20191,"points":0,"cnpj":"10953332000144","saleId":"3424710A","executiveName":"Elzo Nogueira"}}
{"timestamp":"2026-03-16T19:43:52.444Z","importId":3,"level":"WARN","message":"Linha 20192: Pontuação é 0 ou null","category":"PONTUACAO","context":{"rowNumber":20192,"points":0,"cnpj":"17467460000127","saleId":"3424734A","executiveName":"Pasquale Neto"}}
{"timestamp":"2026-03-16T19:43:52.446Z","importId":3,"level":"WARN","message":"Linha 20193: Pontuação é 0 ou null","category":"PONTUACAO","context":{"rowNumber":20193,"points":0,"cnpj":"17467460000127","saleId":"3424733A","executiveName":"Pasquale Neto"}}
{"timestamp":"2026-03-16T19:43:52.447Z","importId":3,"level":"WARN","message":"Linha 20194: Pontuação é 0 ou null","category":"PONTUACAO","context":{"rowNumber":20194,"points":0,"cnpj":"18483090000184","saleId":"3424732A","executiveName":"Ricardo Morais"}}
{"timestamp":"2026-03-16T19:43:52.458Z","importId":3,"level":"WARN","message":"Linha 20202: Pontuação é 0 ou null","category":"PONTUACAO","context":{"rowNumber":20202,"points":0,"cnpj":"10953332000144","saleId":"3424724A","executiveName":"Elzo Nogueira"}}
{"timestamp":"2026-03-16T19:43:52.460Z","importId":3,"level":"WARN","message":"Linha 20203: Pontuação é 0 ou null","category":"PONTUACAO","context":{"rowNumber":20203,"points":0,"cnpj":"10953332000144","saleId":"3424709A","executiveName":"Elzo Nogueira"}}
{"timestamp":"2026-03-16T19:43:52.462Z","importId":3,"level":"WARN","message":"Linha 20204: Pontuação é 0 ou null","category":"PONTUACAO","context":{"rowNumber":20204,"points":0,"cnpj":"10953332000144","saleId":"3424723A","executiveName":"Elzo Nogueira"}}
{"timestamp":"2026-03-16T19:43:52.465Z","importId":3,"level":"WARN","message":"Linha 20205: Pontuação é 0 ou null","category":"PONTUACAO","context":{"rowNumber":20205,"points":0,"cnpj":"10953332000144","saleId":"3424721A","executiveName":"Elzo Nogueira"}}
{"timestamp":"2026-03-16T19:43:52.466Z","importId":3,"level":"WARN","message":"Linha 20206: Pontuação é 0 ou null","category":"PONTUACAO","context":{"rowNumber":20206,"points":0,"cnpj":"10953332000144","saleId":"3424720A","executiveName":"Elzo Nogueira"}}
{"timestamp":"2026-03-16T19:43:52.468Z","importId":3,"level":"WARN","message":"Linha 20207: Pontuação é 0 ou null","category":"PONTUACAO","context":{"rowNumber":20207,"points":0,"cnpj":"10953332000144","saleId":"3424719A","executiveName":"Elzo Nogueira"}}
{"timestamp":"2026-03-16T19:43:52.470Z","importId":3,"level":"WARN","message":"Linha 20208: Pontuação é 0 ou null","category":"PONTUACAO","context":{"rowNumber":20208,"points":0,"cnpj":"10953332000144","saleId":"3424718A","executiveName":"Elzo Nogueira"}}
{"timestamp":"2026-03-16T19:43:52.471Z","importId":3,"level":"WARN","message":"Linha 20209: Pontuação é 0 ou null","category":"PONTUACAO","context":{"rowNumber":20209,"points":0,"cnpj":"10953332000144","saleId":"3424717A","executiveName":"Elzo Nogueira"}}
{"timestamp":"2026-03-16T19:43:52.474Z","importId":3,"level":"WARN","message":"Linha 20210: Pontuação é 0 ou null","category":"PONTUACAO","context":{"rowNumber":20210,"points":0,"cnpj":"10953332000144","saleId":"3424716A","executiveName":"Elzo Nogueira"}}
{"timestamp":"2026-03-16T19:43:52.476Z","importId":3,"level":"WARN","message":"Linha 20211: Pontuação é 0 ou null","category":"PONTUACAO","context":{"rowNumber":20211,"points":0,"cnpj":"10953332000144","saleId":"3424715A","executiveName":"Elzo Nogueira"}}
{"timestamp":"2026-03-16T19:43:52.478Z","importId":3,"level":"WARN","message":"Linha 20212: Pontuação é 0 ou null","category":"PONTUACAO","context":{"rowNumber":20212,"points":0,"cnpj":"10953332000144","saleId":"3424714A","executiveName":"Elzo Nogueira"}}
{"timestamp":"2026-03-16T19:43:52.480Z","importId":3,"level":"WARN","message":"Linha 20213: Pontuação é 0 ou null","category":"PONTUACAO","context":{"rowNumber":20213,"points":0,"cnpj":"10953332000144","saleId":"3424713A","executiveName":"Elzo Nogueira"}}
{"timestamp":"2026-03-16T19:43:52.482Z","importId":3,"level":"WARN","message":"Linha 20214: Pontuação é 0 ou null","category":"PONTUACAO","context":{"rowNumber":20214,"points":0,"cnpj":"10953332000144","saleId":"3424712A","executiveName":"Elzo Nogueira"}}
{"timestamp":"2026-03-16T19:43:52.485Z","importId":3,"level":"WARN","message":"Linha 20215: Pontuação é 0 ou null","category":"PONTUACAO","context":{"rowNumber":20215,"points":0,"cnpj":"10953332000144","saleId":"3424711A","executiveName":"Elzo Nogueira"}}
{"timestamp":"2026-03-16T19:43:52.486Z","importId":3,"level":"WARN","message":"Linha 20216: Pontuação é 0 ou null","category":"PONTUACAO","context":{"rowNumber":20216,"points":0,"cnpj":"10953332000144","saleId":"3424722A","executiveName":"Elzo Nogueira"}}
{"timestamp":"2026-03-16T19:43:52.599Z","importId":3,"level":"WARN","message":"Linha 20310: Pontuação é 0 ou null","category":"PONTUACAO","context":{"rowNumber":20310,"points":0,"cnpj":"03208191000170","saleId":"3424172A","executiveName":"Elza Lara"}}
{"timestamp":"2026-03-16T19:43:52.601Z","importId":3,"level":"WARN","message":"Linha 20311: Pontuação é 0 ou null","category":"PONTUACAO","context":{"rowNumber":20311,"points":0,"cnpj":"03208191000170","saleId":"3424171A","executiveName":"Elza Lara"}}
{"timestamp":"2026-03-16T19:43:52.626Z","importId":3,"level":"WARN","message":"Linha 20333: Pontuação é 0 ou null","category":"PONTUACAO","context":{"rowNumber":20333,"points":0,"cnpj":"12350272000109","saleId":"3424473A","executiveName":"Carlos Brito"}}
{"timestamp":"2026-03-16T19:43:52.828Z","importId":3,"level":"WARN","message":"Linha 20506: Pontuação é 0 ou null","category":"PONTUACAO","context":{"rowNumber":20506,"points":0,"cnpj":"40304172000173","saleId":"3428153A","executiveName":"Elza Lara"}}
{"timestamp":"2026-03-16T19:43:52.832Z","importId":3,"level":"WARN","message":"Linha 20509: Pontuação é 0 ou null","category":"PONTUACAO","context":{"rowNumber":20509,"points":0,"cnpj":"40304172000173","saleId":"3428152A","executiveName":"Elza Lara"}}
{"timestamp":"2026-03-16T19:43:52.897Z","importId":3,"level":"WARN","message":"Linha 20566: Pontuação é 0 ou null","category":"PONTUACAO","context":{"rowNumber":20566,"points":0,"cnpj":"40304172000173","saleId":"3428151A","executiveName":"Elza Lara"}}
{"timestamp":"2026-03-16T19:43:53.005Z","importId":3,"level":"WARN","message":"Linha 20662: Pontuação é 0 ou null","category":"PONTUACAO","context":{"rowNumber":20662,"points":0,"cnpj":"03683159000146","saleId":"3428089A","executiveName":"Rafaela Soares"}}
{"timestamp":"2026-03-16T19:43:53.151Z","importId":3,"level":"WARN","message":"Linha 20741: Pontuação é 0 ou null","category":"PONTUACAO","context":{"rowNumber":20741,"points":0,"cnpj":"40304172000173","saleId":"3428149A","executiveName":"Elza Lara"}}
{"timestamp":"2026-03-16T19:43:53.464Z","importId":3,"level":"WARN","message":"Linha 21003: Pontuação é 0 ou null","category":"PONTUACAO","context":{"rowNumber":21003,"points":0,"cnpj":"03366331000138","saleId":"3427911A","executiveName":"Carlos Barbassa"}}
{"timestamp":"2026-03-16T19:43:53.510Z","importId":3,"level":"WARN","message":"Linha 21031: Pontuação é 0 ou null","category":"PONTUACAO","context":{"rowNumber":21031,"points":0,"cnpj":"03366331000138","saleId":"3427912A","executiveName":"Carlos Barbassa"}}
{"timestamp":"2026-03-16T19:43:53.513Z","importId":3,"level":"WARN","message":"Linha 21033: Pontuação é 0 ou null","category":"PONTUACAO","context":{"rowNumber":21033,"points":0,"cnpj":"03366331000138","saleId":"3427913A","executiveName":"Carlos Barbassa"}}
{"timestamp":"2026-03-16T19:43:53.520Z","importId":3,"level":"WARN","message":"Linha 21035: Pontuação é 0 ou null","category":"PONTUACAO","context":{"rowNumber":21035,"points":0,"cnpj":"03366331000138","saleId":"3427914A","executiveName":"Carlos Barbassa"}}
{"timestamp":"2026-03-16T19:43:53.522Z","importId":3,"level":"WARN","message":"Linha 21037: Pontuação é 0 ou null","category":"PONTUACAO","context":{"rowNumber":21037,"points":0,"cnpj":"39128210000103","saleId":"3427941A","executiveName":"Elza Lara"}}
{"timestamp":"2026-03-16T19:43:53.526Z","importId":3,"level":"WARN","message":"Linha 21039: Pontuação é 0 ou null","category":"PONTUACAO","context":{"rowNumber":21039,"points":0,"cnpj":"39128210000103","saleId":"3427940A","executiveName":"Elza Lara"}}
{"timestamp":"2026-03-16T19:43:53.530Z","importId":3,"level":"WARN","message":"Linha 21041: Pontuação é 0 ou null","category":"PONTUACAO","context":{"rowNumber":21041,"points":0,"cnpj":"39128210000103","saleId":"3427939A","executiveName":"Elza Lara"}}
{"timestamp":"2026-03-16T19:43:53.532Z","importId":3,"level":"WARN","message":"Linha 21043: Pontuação é 0 ou null","category":"PONTUACAO","context":{"rowNumber":21043,"points":0,"cnpj":"39128210000103","saleId":"3427938A","executiveName":"Elza Lara"}}
{"timestamp":"2026-03-16T19:43:53.551Z","importId":3,"level":"WARN","message":"Linha 21055: Pontuação é 0 ou null","category":"PONTUACAO","context":{"rowNumber":21055,"points":0,"cnpj":"05946137000157","saleId":"3427932A","executiveName":"Elza Lara"}}
{"timestamp":"2026-03-16T19:43:53.577Z","importId":3,"level":"WARN","message":"Linha 21075: Pontuação é 0 ou null","category":"PONTUACAO","context":{"rowNumber":21075,"points":0,"cnpj":"26473755772","saleId":"3427920A","executiveName":"Elza Lara"}}
{"timestamp":"2026-03-16T19:43:53.583Z","importId":3,"level":"WARN","message":"Linha 21079: Pontuação é 0 ou null","category":"PONTUACAO","context":{"rowNumber":21079,"points":0,"cnpj":"26473755772","saleId":"3427918A","executiveName":"Elza Lara"}}
{"timestamp":"2026-03-16T19:43:53.662Z","importId":3,"level":"WARN","message":"Linha 21147: Pontuação é 0 ou null","category":"PONTUACAO","context":{"rowNumber":21147,"points":0,"cnpj":"39128210000103","saleId":"3427942A","executiveName":"Elza Lara"}}
{"timestamp":"2026-03-16T19:43:53.701Z","importId":3,"level":"WARN","message":"Linha 21179: Pontuação é 0 ou null","category":"PONTUACAO","context":{"rowNumber":21179,"points":0,"cnpj":"57211765000198","saleId":"3427862A","executiveName":"Pasquale Neto"}}
{"timestamp":"2026-03-16T19:43:53.707Z","importId":3,"level":"WARN","message":"Linha 21183: Pontuação é 0 ou null","category":"PONTUACAO","context":{"rowNumber":21183,"points":0,"cnpj":"57211765000198","saleId":"3427860A","executiveName":"Pasquale Neto"}}
{"timestamp":"2026-03-16T19:43:53.714Z","importId":3,"level":"WARN","message":"Linha 21187: Pontuação é 0 ou null","category":"PONTUACAO","context":{"rowNumber":21187,"points":0,"cnpj":"57211765000198","saleId":"3427858A","executiveName":"Pasquale Neto"}}
{"timestamp":"2026-03-16T19:43:53.719Z","importId":3,"level":"WARN","message":"Linha 21191: Pontuação é 0 ou null","category":"PONTUACAO","context":{"rowNumber":21191,"points":0,"cnpj":"57211765000198","saleId":"3427856A","executiveName":"Pasquale Neto"}}
{"timestamp":"2026-03-16T19:43:53.737Z","importId":3,"level":"WARN","message":"Linha 21205: Pontuação é 0 ou null","category":"PONTUACAO","context":{"rowNumber":21205,"points":0,"cnpj":"39128210000103","saleId":"3427943A","executiveName":"Elza Lara"}}
{"timestamp":"2026-03-16T19:43:53.845Z","importId":3,"level":"WARN","message":"Linha 21297: Pontuação é 0 ou null","category":"PONTUACAO","context":{"rowNumber":21297,"points":0,"cnpj":"75527804000142","saleId":"3427971A","executiveName":"Clarissa Cavalheiro"}}
{"timestamp":"2026-03-16T19:43:54.053Z","importId":3,"level":"WARN","message":"Linha 21472: Pontuação é 0 ou null","category":"PONTUACAO","context":{"rowNumber":21472,"points":0,"cnpj":"07868518000190","saleId":"3430313A","executiveName":"Luana Fagundes"}}
{"timestamp":"2026-03-16T19:43:54.059Z","importId":3,"level":"WARN","message":"Linha 21474: Pontuação é 0 ou null","category":"PONTUACAO","context":{"rowNumber":21474,"points":0,"cnpj":"74557760000130","saleId":"3430311A","executiveName":"Claudia Dias"}}
{"timestamp":"2026-03-16T19:43:54.062Z","importId":3,"level":"WARN","message":"Linha 21475: Pontuação é 0 ou null","category":"PONTUACAO","context":{"rowNumber":21475,"points":0,"cnpj":"01335651000103","saleId":"3430310A","executiveName":"Elza Lara"}}
{"timestamp":"2026-03-16T19:43:54.064Z","importId":3,"level":"WARN","message":"Linha 21476: Pontuação é 0 ou null","category":"PONTUACAO","context":{"rowNumber":21476,"points":0,"cnpj":"01335651000103","saleId":"3430309A","executiveName":"Elza Lara"}}
{"timestamp":"2026-03-16T19:43:54.066Z","importId":3,"level":"WARN","message":"Linha 21477: Pontuação é 0 ou null","category":"PONTUACAO","context":{"rowNumber":21477,"points":0,"cnpj":"01335651000103","saleId":"3430308A","executiveName":"Elza Lara"}}
{"timestamp":"2026-03-16T19:43:54.072Z","importId":3,"level":"WARN","message":"Linha 21480: Pontuação é 0 ou null","category":"PONTUACAO","context":{"rowNumber":21480,"points":0,"cnpj":"11820109000191","saleId":"3430303A","executiveName":"Soraya Romano"}}
{"timestamp":"2026-03-16T19:43:54.073Z","importId":3,"level":"WARN","message":"Linha 21481: Pontuação é 0 ou null","category":"PONTUACAO","context":{"rowNumber":21481,"points":0,"cnpj":"10443597000100","saleId":"3430302A","executiveName":"Elza Lara"}}
{"timestamp":"2026-03-16T19:43:54.079Z","importId":3,"level":"WARN","message":"Linha 21484: Pontuação é 0 ou null","category":"PONTUACAO","context":{"rowNumber":21484,"points":0,"cnpj":"40304172000173","saleId":"3430298A","executiveName":"Elza Lara"}}
{"timestamp":"2026-03-16T19:43:54.083Z","importId":3,"level":"WARN","message":"Linha 21485: Pontuação é 0 ou null","category":"PONTUACAO","context":{"rowNumber":21485,"points":0,"cnpj":"40304172000173","saleId":"3430297A","executiveName":"Elza Lara"}}
{"timestamp":"2026-03-16T19:43:54.101Z","importId":3,"level":"WARN","message":"Linha 21499: Pontuação é 0 ou null","category":"PONTUACAO","context":{"rowNumber":21499,"points":0,"cnpj":"17581465000186","saleId":"3430372A","executiveName":"Clarissa Cavalheiro"}}
{"timestamp":"2026-03-16T19:43:54.104Z","importId":3,"level":"WARN","message":"Linha 21500: Pontuação é 0 ou null","category":"PONTUACAO","context":{"rowNumber":21500,"points":0,"cnpj":"61360615000113","saleId":"3430354A","executiveName":"Carlos Brito"}}
{"timestamp":"2026-03-16T19:43:54.130Z","importId":3,"level":"WARN","message":"Linha 21523: Pontuação é 0 ou null","category":"PONTUACAO","context":{"rowNumber":21523,"points":0,"cnpj":"17352278000120","saleId":"3430320A","executiveName":"Carlos Brito"}}
{"timestamp":"2026-03-16T19:43:54.516Z","importId":3,"level":"WARN","message":"Linha 21818: Pontuação é 0 ou null","category":"PONTUACAO","context":{"rowNumber":21818,"points":0,"cnpj":"22151899000186","saleId":"3426827A","executiveName":"Gabriela Carvalho"}}
{"timestamp":"2026-03-16T19:43:54.519Z","importId":3,"level":"WARN","message":"Linha 21819: Pontuação é 0 ou null","category":"PONTUACAO","context":{"rowNumber":21819,"points":0,"cnpj":"21667914000180","saleId":"3426824A","executiveName":"Armando Soares"}}
{"timestamp":"2026-03-16T19:43:54.522Z","importId":3,"level":"WARN","message":"Linha 21820: Pontuação é 0 ou null","category":"PONTUACAO","context":{"rowNumber":21820,"points":0,"cnpj":"57608093000159","saleId":"3426823A","executiveName":"Cristiano Dafre"}}
{"timestamp":"2026-03-16T19:43:54.524Z","importId":3,"level":"WARN","message":"Linha 21821: Pontuação é 0 ou null","category":"PONTUACAO","context":{"rowNumber":21821,"points":0,"cnpj":"57608093000159","saleId":"3426822A","executiveName":"Cristiano Dafre"}}
{"timestamp":"2026-03-16T19:43:54.527Z","importId":3,"level":"WARN","message":"Linha 21822: Pontuação é 0 ou null","category":"PONTUACAO","context":{"rowNumber":21822,"points":0,"cnpj":"55915565000190","saleId":"3426819A","executiveName":"Pasquale Neto"}}
{"timestamp":"2026-03-16T19:43:54.533Z","importId":3,"level":"WARN","message":"Linha 21825: Pontuação é 0 ou null","category":"PONTUACAO","context":{"rowNumber":21825,"points":0,"cnpj":"10530736000125","saleId":"3426804A","executiveName":"Elza Lara"}}
{"timestamp":"2026-03-16T19:43:54.535Z","importId":3,"level":"WARN","message":"Linha 21826: Pontuação é 0 ou null","category":"PONTUACAO","context":{"rowNumber":21826,"points":0,"cnpj":"10530736000125","saleId":"3426803A","executiveName":"Elza Lara"}}
{"timestamp":"2026-03-16T19:43:54.537Z","importId":3,"level":"WARN","message":"Linha 21827: Pontuação é 0 ou null","category":"PONTUACAO","context":{"rowNumber":21827,"points":0,"cnpj":"04420274000190","saleId":"3426800A","executiveName":"Elza Lara"}}
{"timestamp":"2026-03-16T19:43:54.541Z","importId":3,"level":"WARN","message":"Linha 21829: Pontuação é 0 ou null","category":"PONTUACAO","context":{"rowNumber":21829,"points":0,"cnpj":"53699400000101","saleId":"3426831A","executiveName":"Ricardo Morais"}}
{"timestamp":"2026-03-16T19:43:54.544Z","importId":3,"level":"WARN","message":"Linha 21831: Pontuação é 0 ou null","category":"PONTUACAO","context":{"rowNumber":21831,"points":0,"cnpj":"26203213000104","saleId":"3426792A","executiveName":"Roberto Garbin"}}
{"timestamp":"2026-03-16T19:43:54.546Z","importId":3,"level":"WARN","message":"Linha 21832: Pontuação é 0 ou null","category":"PONTUACAO","context":{"rowNumber":21832,"points":0,"cnpj":"26203213000104","saleId":"3426791A","executiveName":"Roberto Garbin"}}
{"timestamp":"2026-03-16T19:43:54.548Z","importId":3,"level":"WARN","message":"Linha 21833: Pontuação é 0 ou null","category":"PONTUACAO","context":{"rowNumber":21833,"points":0,"cnpj":"24194791000104","saleId":"3426790A","executiveName":"Elzo Nogueira"}}
{"timestamp":"2026-03-16T19:43:54.558Z","importId":3,"level":"WARN","message":"Linha 21840: Pontuação é 0 ou null","category":"PONTUACAO","context":{"rowNumber":21840,"points":0,"cnpj":"60496783000178","saleId":"3426769A","executiveName":"Ricardo Morais"}}
{"timestamp":"2026-03-16T19:43:54.561Z","importId":3,"level":"WARN","message":"Linha 21841: Pontuação é 0 ou null","category":"PONTUACAO","context":{"rowNumber":21841,"points":0,"cnpj":"60496783000178","saleId":"3426768A","executiveName":"Ricardo Morais"}}
{"timestamp":"2026-03-16T19:43:54.568Z","importId":3,"level":"WARN","message":"Linha 21846: Pontuação é 0 ou null","category":"PONTUACAO","context":{"rowNumber":21846,"points":0,"cnpj":"26203213000104","saleId":"3426937A","executiveName":"Roberto Garbin"}}
{"timestamp":"2026-03-16T19:43:54.601Z","importId":3,"level":"WARN","message":"Linha 21871: Pontuação é 0 ou null","category":"PONTUACAO","context":{"rowNumber":21871,"points":0,"cnpj":"60496783000178","saleId":"3426767A","executiveName":"Ricardo Morais"}}
{"timestamp":"2026-03-16T19:43:54.603Z","importId":3,"level":"WARN","message":"Linha 21872: Pontuação é 0 ou null","category":"PONTUACAO","context":{"rowNumber":21872,"points":0,"cnpj":"60496783000178","saleId":"3426766A","executiveName":"Ricardo Morais"}}
{"timestamp":"2026-03-16T19:43:54.605Z","importId":3,"level":"WARN","message":"Linha 21873: Pontuação é 0 ou null","category":"PONTUACAO","context":{"rowNumber":21873,"points":0,"cnpj":"00253135000169","saleId":"3426765A","executiveName":"Marlon Wander"}}
{"timestamp":"2026-03-16T19:43:54.643Z","importId":3,"level":"WARN","message":"Linha 21901: Pontuação é 0 ou null","category":"PONTUACAO","context":{"rowNumber":21901,"points":0,"cnpj":"26203213000104","saleId":"3426938A","executiveName":"Roberto Garbin"}}
{"timestamp":"2026-03-16T19:43:55.065Z","importId":3,"level":"WARN","message":"Linha 22224: Pontuação é 0 ou null","category":"PONTUACAO","context":{"rowNumber":22224,"points":0,"cnpj":"26203213000104","saleId":"3426305A","executiveName":"Roberto Garbin"}}
{"timestamp":"2026-03-16T19:43:55.068Z","importId":3,"level":"WARN","message":"Linha 22225: Pontuação é 0 ou null","category":"PONTUACAO","context":{"rowNumber":22225,"points":0,"cnpj":"26203213000104","saleId":"3426304A","executiveName":"Roberto Garbin"}}
{"timestamp":"2026-03-16T19:43:55.076Z","importId":3,"level":"WARN","message":"Linha 22232: Pontuação é 0 ou null","category":"PONTUACAO","context":{"rowNumber":22232,"points":0,"cnpj":"57608093000159","saleId":"3426297A","executiveName":"Cristiano Dafre"}}
{"timestamp":"2026-03-16T19:43:55.079Z","importId":3,"level":"WARN","message":"Linha 22233: Pontuação é 0 ou null","category":"PONTUACAO","context":{"rowNumber":22233,"points":0,"cnpj":"57608093000159","saleId":"3426296A","executiveName":"Cristiano Dafre"}}
{"timestamp":"2026-03-16T19:43:55.130Z","importId":3,"level":"WARN","message":"Linha 22273: Pontuação é 0 ou null","category":"PONTUACAO","context":{"rowNumber":22273,"points":0,"cnpj":"82524232000103","saleId":"3426314A","executiveName":"Cassia Shimabukuro"}}
{"timestamp":"2026-03-16T19:43:55.182Z","importId":3,"level":"WARN","message":"Linha 22312: Pontuação é 0 ou null","category":"PONTUACAO","context":{"rowNumber":22312,"points":0,"cnpj":"96682836000192","saleId":"3427626A","executiveName":"Marlon Wander"}}
{"timestamp":"2026-03-16T19:43:55.199Z","importId":3,"level":"WARN","message":"Linha 22324: Pontuação é 0 ou null","category":"PONTUACAO","context":{"rowNumber":22324,"points":0,"cnpj":"28551518000132","saleId":"3427603A","executiveName":"Karla Reis"}}
{"timestamp":"2026-03-16T19:43:55.203Z","importId":3,"level":"WARN","message":"Linha 22325: Pontuação é 0 ou null","category":"PONTUACAO","context":{"rowNumber":22325,"points":0,"cnpj":"28551518000132","saleId":"3427602A","executiveName":"Karla Reis"}}
{"timestamp":"2026-03-16T19:43:55.321Z","importId":3,"level":"WARN","message":"Linha 22417: Pontuação é 0 ou null","category":"PONTUACAO","context":{"rowNumber":22417,"points":0,"cnpj":"42323806000160","saleId":"3427737A","executiveName":"Luana Fagundes"}}
{"timestamp":"2026-03-16T19:43:55.449Z","importId":3,"level":"WARN","message":"Linha 22504: Pontuação é 0 ou null","category":"PONTUACAO","context":{"rowNumber":22504,"points":0,"cnpj":"75527804000142","saleId":"3427697A","executiveName":"Clarissa Cavalheiro"}}
{"timestamp":"2026-03-16T19:43:55.496Z","importId":3,"level":"WARN","message":"Linha 22537: Pontuação é 0 ou null","category":"PONTUACAO","context":{"rowNumber":22537,"points":0,"cnpj":"69156404000175","saleId":"3427289A","executiveName":"Leonardo Ligabo"}}
{"timestamp":"2026-03-16T19:43:55.502Z","importId":3,"level":"WARN","message":"Linha 22538: Pontuação é 0 ou null","category":"PONTUACAO","context":{"rowNumber":22538,"points":0,"cnpj":"69156404000175","saleId":"3427291A","executiveName":"Leonardo Ligabo"}}
{"timestamp":"2026-03-16T19:43:55.521Z","importId":3,"level":"WARN","message":"Linha 22550: Pontuação é 0 ou null","category":"PONTUACAO","context":{"rowNumber":22550,"points":0,"cnpj":"26203213000104","saleId":"3427305A","executiveName":"Roberto Garbin"}}
{"timestamp":"2026-03-16T19:43:55.524Z","importId":3,"level":"WARN","message":"Linha 22551: Pontuação é 0 ou null","category":"PONTUACAO","context":{"rowNumber":22551,"points":0,"cnpj":"26203213000104","saleId":"3427304A","executiveName":"Roberto Garbin"}}
{"timestamp":"2026-03-16T19:43:55.527Z","importId":3,"level":"WARN","message":"Linha 22552: Pontuação é 0 ou null","category":"PONTUACAO","context":{"rowNumber":22552,"points":0,"cnpj":"36417780000117","saleId":"3427303A","executiveName":"Kelly Furno"}}
{"timestamp":"2026-03-16T19:43:55.529Z","importId":3,"level":"WARN","message":"Linha 22553: Pontuação é 0 ou null","category":"PONTUACAO","context":{"rowNumber":22553,"points":0,"cnpj":"36417780000117","saleId":"3427302A","executiveName":"Kelly Furno"}}
{"timestamp":"2026-03-16T19:43:55.532Z","importId":3,"level":"WARN","message":"Linha 22554: Pontuação é 0 ou null","category":"PONTUACAO","context":{"rowNumber":22554,"points":0,"cnpj":"36417780000117","saleId":"3427301A","executiveName":"Kelly Furno"}}
{"timestamp":"2026-03-16T19:43:55.535Z","importId":3,"level":"WARN","message":"Linha 22555: Pontuação é 0 ou null","category":"PONTUACAO","context":{"rowNumber":22555,"points":0,"cnpj":"36417780000117","saleId":"3427300A","executiveName":"Kelly Furno"}}
{"timestamp":"2026-03-16T19:43:55.538Z","importId":3,"level":"WARN","message":"Linha 22556: Pontuação é 0 ou null","category":"PONTUACAO","context":{"rowNumber":22556,"points":0,"cnpj":"36417780000117","saleId":"3427299A","executiveName":"Kelly Furno"}}
{"timestamp":"2026-03-16T19:43:55.540Z","importId":3,"level":"WARN","message":"Linha 22557: Pontuação é 0 ou null","category":"PONTUACAO","context":{"rowNumber":22557,"points":0,"cnpj":"36417780000117","saleId":"3427298A","executiveName":"Kelly Furno"}}
{"timestamp":"2026-03-16T19:43:55.542Z","importId":3,"level":"WARN","message":"Linha 22558: Pontuação é 0 ou null","category":"PONTUACAO","context":{"rowNumber":22558,"points":0,"cnpj":"36417780000117","saleId":"3427297A","executiveName":"Kelly Furno"}}
{"timestamp":"2026-03-16T19:43:55.544Z","importId":3,"level":"WARN","message":"Linha 22559: Pontuação é 0 ou null","category":"PONTUACAO","context":{"rowNumber":22559,"points":0,"cnpj":"36417780000117","saleId":"3427296A","executiveName":"Kelly Furno"}}
{"timestamp":"2026-03-16T19:43:55.548Z","importId":3,"level":"WARN","message":"Linha 22560: Pontuação é 0 ou null","category":"PONTUACAO","context":{"rowNumber":22560,"points":0,"cnpj":"36417780000117","saleId":"3427295A","executiveName":"Kelly Furno"}}
{"timestamp":"2026-03-16T19:43:55.554Z","importId":3,"level":"WARN","message":"Linha 22563: Pontuação é 0 ou null","category":"PONTUACAO","context":{"rowNumber":22563,"points":0,"cnpj":"69156404000175","saleId":"3427292A","executiveName":"Leonardo Ligabo"}}
{"timestamp":"2026-03-16T19:43:55.559Z","importId":3,"level":"WARN","message":"Linha 22564: Pontuação é 0 ou null","category":"PONTUACAO","context":{"rowNumber":22564,"points":0,"cnpj":"69156404000175","saleId":"3427290A","executiveName":"Leonardo Ligabo"}}
{"timestamp":"2026-03-16T19:43:55.575Z","importId":3,"level":"WARN","message":"Linha 22574: Pontuação é 0 ou null","category":"PONTUACAO","context":{"rowNumber":22574,"points":0,"cnpj":"02708513000187","saleId":"3427170A","executiveName":"Pasquale Neto"}}
{"timestamp":"2026-03-16T19:43:55.581Z","importId":3,"level":"WARN","message":"Linha 22575: Pontuação é 0 ou null","category":"PONTUACAO","context":{"rowNumber":22575,"points":0,"cnpj":"02708513000187","saleId":"3427169A","executiveName":"Pasquale Neto"}}
{"timestamp":"2026-03-16T19:43:55.679Z","importId":3,"level":"WARN","message":"Linha 22648: Pontuação é 0 ou null","category":"PONTUACAO","context":{"rowNumber":22648,"points":0,"cnpj":"40304172000173","saleId":"3427405A","executiveName":"Elza Lara"}}
{"timestamp":"2026-03-16T19:43:55.683Z","importId":3,"level":"WARN","message":"Linha 22649: Pontuação é 0 ou null","category":"PONTUACAO","context":{"rowNumber":22649,"points":0,"cnpj":"40304172000173","saleId":"3427404A","executiveName":"Elza Lara"}}
{"timestamp":"2026-03-16T19:43:55.687Z","importId":3,"level":"WARN","message":"Linha 22652: Pontuação é 0 ou null","category":"PONTUACAO","context":{"rowNumber":22652,"points":0,"cnpj":"40304172000173","saleId":"3427402A","executiveName":"Elza Lara"}}
{"timestamp":"2026-03-16T19:43:55.698Z","importId":3,"level":"WARN","message":"Linha 22660: Pontuação é 0 ou null","category":"PONTUACAO","context":{"rowNumber":22660,"points":0,"cnpj":"45840019000184","saleId":"3427468A","executiveName":"Maira Vallim"}}
{"timestamp":"2026-03-16T19:43:55.728Z","importId":3,"level":"WARN","message":"Linha 22681: Pontuação é 0 ou null","category":"PONTUACAO","context":{"rowNumber":22681,"points":0,"cnpj":"40304172000173","saleId":"3427401A","executiveName":"Elza Lara"}}
{"timestamp":"2026-03-16T19:43:55.771Z","importId":3,"level":"WARN","message":"Linha 22710: Pontuação é 0 ou null","category":"PONTUACAO","context":{"rowNumber":22710,"points":0,"cnpj":"02884465000188","saleId":"3427333A","executiveName":"Pasquale Neto"}}
{"timestamp":"2026-03-16T19:43:55.806Z","importId":3,"level":"WARN","message":"Linha 22737: Pontuação é 0 ou null","category":"PONTUACAO","context":{"rowNumber":22737,"points":0,"cnpj":"02884465000188","saleId":"3427363A","executiveName":"Pasquale Neto"}}
{"timestamp":"2026-03-16T19:43:56.124Z","importId":3,"level":"WARN","message":"Linha 22978: Pontuação é 0 ou null","category":"PONTUACAO","context":{"rowNumber":22978,"points":0,"cnpj":"15097613000166","saleId":"3430353A","executiveName":"Luana Fagundes"}}
{"timestamp":"2026-03-16T19:43:56.149Z","importId":3,"level":"WARN","message":"Linha 22996: Pontuação é 0 ou null","category":"PONTUACAO","context":{"rowNumber":22996,"points":0,"cnpj":"07941928000110","saleId":"3430307A","executiveName":"William Silva"}}
{"timestamp":"2026-03-16T19:43:56.170Z","importId":3,"level":"WARN","message":"Linha 23012: Pontuação é 0 ou null","category":"PONTUACAO","context":{"rowNumber":23012,"points":0,"cnpj":"07941928000110","saleId":"3430306A","executiveName":"William Silva"}}
{"timestamp":"2026-03-16T19:43:56.762Z","importId":3,"level":"INFO","message":"Sincronizando import items com ledger para agências existentes","category":"OUTROS","context":{}}
{"timestamp":"2026-03-16T19:44:01.869Z","importId":3,"level":"INFO","message":"Sincronização concluída: 112 entradas criadas no ledger para agências existentes","category":"OUTROS","context":{"syncedCount":112}}
{"timestamp":"2026-03-16T19:44:01.872Z","importId":3,"level":"INFO","message":"Importação concluída: 23443 inseridos, 0 pulados, 1 erros","category":"OUTROS","context":{"inserted":23443,"skipped":0,"totalErrors":1,"skippedByReason":{"CNPJ/CPF é obrigatório":1},"totalRows":23444}}
