{"timestamp":"2026-03-10T22:41:00.637Z","importId":1,"level":"INFO","message":"Iniciando processamento em background","category":"OUTROS","context":{"filePath":"/src/assets/spreadsheets/co__pia_de_SICA___ODBC___Relato__rio_de_Vendas_por_Data_de_Emissa__o__ANCD___Mondiale___4_-1773182460518-144647643.xlsx"}}
{"timestamp":"2026-03-10T22:41:01.706Z","importId":1,"level":"INFO","message":"Planilha processada: 18802 linhas válidas, 1 com erro","category":"OUTROS","context":{"totalRows":18803,"validRows":18802,"errorRows":1}}
{"timestamp":"2026-03-10T22:41:01.887Z","importId":1,"level":"WARN","message":"Linha 54: Pontuação é 0 ou null","category":"PONTUACAO","context":{"rowNumber":54,"points":0,"cnpj":"55343181000140","saleId":"3348692A","executiveName":"Elza Lara"}}
{"timestamp":"2026-03-10T22:41:01.898Z","importId":1,"level":"WARN","message":"Linha 55: Pontuação é 0 ou null","category":"PONTUACAO","context":{"rowNumber":55,"points":0,"cnpj":"55343181000140","saleId":"3348691A","executiveName":"Elza Lara"}}
{"timestamp":"2026-03-10T22:41:01.902Z","importId":1,"level":"WARN","message":"Linha 56: Pontuação é 0 ou null","category":"PONTUACAO","context":{"rowNumber":56,"points":0,"cnpj":"55343181000140","saleId":"3348690A","executiveName":"Elza Lara"}}
{"timestamp":"2026-03-10T22:41:01.905Z","importId":1,"level":"WARN","message":"Linha 57: Pontuação é 0 ou null","category":"PONTUACAO","context":{"rowNumber":57,"points":0,"cnpj":"55343181000140","saleId":"3348689A","executiveName":"Elza Lara"}}
{"timestamp":"2026-03-10T22:41:01.910Z","importId":1,"level":"WARN","message":"Linha 58: Pontuação é 0 ou null","category":"PONTUACAO","context":{"rowNumber":58,"points":0,"cnpj":"55343181000140","saleId":"3348688A","executiveName":"Elza Lara"}}
{"timestamp":"2026-03-10T22:41:01.914Z","importId":1,"level":"WARN","message":"Linha 59: Pontuação é 0 ou null","category":"PONTUACAO","context":{"rowNumber":59,"points":0,"cnpj":"55343181000140","saleId":"3348687A","executiveName":"Elza Lara"}}
{"timestamp":"2026-03-10T22:41:01.920Z","importId":1,"level":"WARN","message":"Linha 60: Pontuação é 0 ou null","category":"PONTUACAO","context":{"rowNumber":60,"points":0,"cnpj":"55343181000140","saleId":"3348686A","executiveName":"Elza Lara"}}
{"timestamp":"2026-03-10T22:41:01.923Z","importId":1,"level":"WARN","message":"Linha 61: Pontuação é 0 ou null","category":"PONTUACAO","context":{"rowNumber":61,"points":0,"cnpj":"55343181000140","saleId":"3348685A","executiveName":"Elza Lara"}}
{"timestamp":"2026-03-10T22:41:02.062Z","importId":1,"level":"WARN","message":"Linha 111: Pontuação é 0 ou null","category":"PONTUACAO","context":{"rowNumber":111,"points":0,"cnpj":"55343181000140","saleId":"3348693A","executiveName":"Elza Lara"}}
{"timestamp":"2026-03-10T22:41:02.105Z","importId":1,"level":"WARN","message":"Linha 123: Pontuação é 0 ou null","category":"PONTUACAO","context":{"rowNumber":123,"points":0,"cnpj":"43120192000182","saleId":"3348639A","executiveName":"Miguel Jenotti"}}
{"timestamp":"2026-03-10T22:41:02.109Z","importId":1,"level":"WARN","message":"Linha 124: Pontuação é 0 ou null","category":"PONTUACAO","context":{"rowNumber":124,"points":0,"cnpj":"24869123000121","saleId":"3348653A","executiveName":"Elza Lara"}}
{"timestamp":"2026-03-10T22:41:02.114Z","importId":1,"level":"WARN","message":"Linha 125: Pontuação é 0 ou null","category":"PONTUACAO","context":{"rowNumber":125,"points":0,"cnpj":"03383967000198","saleId":"3352144A","executiveName":"Elza Lara"}}
{"timestamp":"2026-03-10T22:41:02.121Z","importId":1,"level":"WARN","message":"Linha 127: Pontuação é 0 ou null","category":"PONTUACAO","context":{"rowNumber":127,"points":0,"cnpj":"03383967000198","saleId":"3352145A","executiveName":"Elza Lara"}}
{"timestamp":"2026-03-10T22:41:02.126Z","importId":1,"level":"WARN","message":"Linha 129: Pontuação é 0 ou null","category":"PONTUACAO","context":{"rowNumber":129,"points":0,"cnpj":"47055859000161","saleId":"3347977A","executiveName":"Ricardo Bueno"}}
{"timestamp":"2026-03-10T22:41:02.138Z","importId":1,"level":"WARN","message":"Linha 133: Pontuação é 0 ou null","category":"PONTUACAO","context":{"rowNumber":133,"points":0,"cnpj":"55519087000108","saleId":"3365555A","executiveName":"Kelly Furno"}}
{"timestamp":"2026-03-10T22:41:02.151Z","importId":1,"level":"WARN","message":"Linha 137: Pontuação é 0 ou null","category":"PONTUACAO","context":{"rowNumber":137,"points":0,"cnpj":"29028738000149","saleId":"3348603A","executiveName":"Carlos Barbassa"}}
{"timestamp":"2026-03-10T22:41:02.156Z","importId":1,"level":"WARN","message":"Linha 138: Pontuação é 0 ou null","category":"PONTUACAO","context":{"rowNumber":138,"points":0,"cnpj":"29028738000149","saleId":"3348602A","executiveName":"Carlos Barbassa"}}
{"timestamp":"2026-03-10T22:41:02.161Z","importId":1,"level":"WARN","message":"Linha 140: Pontuação é 0 ou null","category":"PONTUACAO","context":{"rowNumber":140,"points":0,"cnpj":"03383967000198","saleId":"3352146A","executiveName":"Elza Lara"}}
{"timestamp":"2026-03-10T22:41:02.167Z","importId":1,"level":"WARN","message":"Linha 141: Pontuação é 0 ou null","category":"PONTUACAO","context":{"rowNumber":141,"points":0,"cnpj":"55343181000140","saleId":"3348694A","executiveName":"Elza Lara"}}
{"timestamp":"2026-03-10T22:41:02.172Z","importId":1,"level":"WARN","message":"Linha 143: Pontuação é 0 ou null","category":"PONTUACAO","context":{"rowNumber":143,"points":0,"cnpj":"24869123000121","saleId":"3348818A","executiveName":"Elza Lara"}}
{"timestamp":"2026-03-10T22:41:02.235Z","importId":1,"level":"WARN","message":"Linha 171: Pontuação é 0 ou null","category":"PONTUACAO","context":{"rowNumber":171,"points":0,"cnpj":"27589450000118","saleId":"3348828A","executiveName":"Andrea Cordovil"}}
{"timestamp":"2026-03-10T22:41:02.252Z","importId":1,"level":"WARN","message":"Linha 178: Pontuação é 0 ou null","category":"PONTUACAO","context":{"rowNumber":178,"points":0,"cnpj":"31674892000130","saleId":"3348817A","executiveName":"Miguel Jenotti"}}
{"timestamp":"2026-03-10T22:41:02.262Z","importId":1,"level":"WARN","message":"Linha 180: Pontuação é 0 ou null","category":"PONTUACAO","context":{"rowNumber":180,"points":0,"cnpj":"27589450000118","saleId":"3348827A","executiveName":"Andrea Cordovil"}}
{"timestamp":"2026-03-10T22:41:02.300Z","importId":1,"level":"WARN","message":"Linha 195: Pontuação é 0 ou null","category":"PONTUACAO","context":{"rowNumber":195,"points":0,"cnpj":"31300477000116","saleId":"208838M1699866","executiveName":"Sem Promotor"}}
{"timestamp":"2026-03-10T22:41:03.833Z","importId":1,"level":"WARN","message":"Linha 883: Pontuação é 0 ou null","category":"PONTUACAO","context":{"rowNumber":883,"points":0,"cnpj":"24869123000121","saleId":"3352331A","executiveName":"Elza Lara"}}
{"timestamp":"2026-03-10T22:41:03.837Z","importId":1,"level":"WARN","message":"Linha 884: Pontuação é 0 ou null","category":"PONTUACAO","context":{"rowNumber":884,"points":0,"cnpj":"00078891000107","saleId":"3352320A","executiveName":"Elza Lara"}}
{"timestamp":"2026-03-10T22:41:03.846Z","importId":1,"level":"WARN","message":"Linha 886: Pontuação é 0 ou null","category":"PONTUACAO","context":{"rowNumber":886,"points":0,"cnpj":"01004367000146","saleId":"3352318A","executiveName":"Marlon Wander"}}
{"timestamp":"2026-03-10T22:41:03.850Z","importId":1,"level":"WARN","message":"Linha 887: Pontuação é 0 ou null","category":"PONTUACAO","context":{"rowNumber":887,"points":0,"cnpj":"01004367000146","saleId":"3352317A","executiveName":"Marlon Wander"}}
{"timestamp":"2026-03-10T22:41:03.853Z","importId":1,"level":"WARN","message":"Linha 888: Pontuação é 0 ou null","category":"PONTUACAO","context":{"rowNumber":888,"points":0,"cnpj":"01004367000146","saleId":"3352316A","executiveName":"Marlon Wander"}}
{"timestamp":"2026-03-10T22:41:03.856Z","importId":1,"level":"WARN","message":"Linha 889: Pontuação é 0 ou null","category":"PONTUACAO","context":{"rowNumber":889,"points":0,"cnpj":"01004367000146","saleId":"3352272A","executiveName":"Marlon Wander"}}
{"timestamp":"2026-03-10T22:41:03.858Z","importId":1,"level":"WARN","message":"Linha 890: Pontuação é 0 ou null","category":"PONTUACAO","context":{"rowNumber":890,"points":0,"cnpj":"27589450000118","saleId":"3352267A","executiveName":"Andrea Cordovil"}}
{"timestamp":"2026-03-10T22:41:03.861Z","importId":1,"level":"WARN","message":"Linha 891: Pontuação é 0 ou null","category":"PONTUACAO","context":{"rowNumber":891,"points":0,"cnpj":"26643347000146","saleId":"3352266A","executiveName":"Miguel Jenotti"}}
{"timestamp":"2026-03-10T22:41:03.864Z","importId":1,"level":"WARN","message":"Linha 892: Pontuação é 0 ou null","category":"PONTUACAO","context":{"rowNumber":892,"points":0,"cnpj":"82524232000103","saleId":"3352259A","executiveName":"Cassia Shimabukuro"}}
{"timestamp":"2026-03-10T22:41:03.869Z","importId":1,"level":"WARN","message":"Linha 894: Pontuação é 0 ou null","category":"PONTUACAO","context":{"rowNumber":894,"points":0,"cnpj":"24869123000121","saleId":"3352253A","executiveName":"Elza Lara"}}
{"timestamp":"2026-03-10T22:41:03.874Z","importId":1,"level":"WARN","message":"Linha 895: Pontuação é 0 ou null","category":"PONTUACAO","context":{"rowNumber":895,"points":0,"cnpj":"48943053000172","saleId":"3352155A","executiveName":"Carlos Brito"}}
{"timestamp":"2026-03-10T22:41:03.877Z","importId":1,"level":"WARN","message":"Linha 896: Pontuação é 0 ou null","category":"PONTUACAO","context":{"rowNumber":896,"points":0,"cnpj":"48943053000172","saleId":"3352154A","executiveName":"Carlos Brito"}}
{"timestamp":"2026-03-10T22:41:03.879Z","importId":1,"level":"WARN","message":"Linha 897: Pontuação é 0 ou null","category":"PONTUACAO","context":{"rowNumber":897,"points":0,"cnpj":"48943053000172","saleId":"3352153A","executiveName":"Carlos Brito"}}
{"timestamp":"2026-03-10T22:41:03.882Z","importId":1,"level":"WARN","message":"Linha 898: Pontuação é 0 ou null","category":"PONTUACAO","context":{"rowNumber":898,"points":0,"cnpj":"30884350000129","saleId":"3352151A","executiveName":"Karla Reis"}}
{"timestamp":"2026-03-10T22:41:03.898Z","importId":1,"level":"WARN","message":"Linha 905: Pontuação é 0 ou null","category":"PONTUACAO","context":{"rowNumber":905,"points":0,"cnpj":"32723190000161","saleId":"3352250A","executiveName":"Leonardo Ligabo"}}
{"timestamp":"2026-03-10T22:41:03.902Z","importId":1,"level":"WARN","message":"Linha 907: Pontuação é 0 ou null","category":"PONTUACAO","context":{"rowNumber":907,"points":0,"cnpj":"03292119863","saleId":"3353388A","executiveName":"Armando Soares"}}
{"timestamp":"2026-03-10T22:41:03.907Z","importId":1,"level":"WARN","message":"Linha 909: Pontuação é 0 ou null","category":"PONTUACAO","context":{"rowNumber":909,"points":0,"cnpj":"30537376000109","saleId":"3354208A","executiveName":"Pasquale Neto"}}
{"timestamp":"2026-03-10T22:41:03.910Z","importId":1,"level":"WARN","message":"Linha 910: Pontuação é 0 ou null","category":"PONTUACAO","context":{"rowNumber":910,"points":0,"cnpj":"30537376000109","saleId":"3354207A","executiveName":"Pasquale Neto"}}
{"timestamp":"2026-03-10T22:41:03.912Z","importId":1,"level":"WARN","message":"Linha 911: Pontuação é 0 ou null","category":"PONTUACAO","context":{"rowNumber":911,"points":0,"cnpj":"30537376000109","saleId":"3354206A","executiveName":"Pasquale Neto"}}
{"timestamp":"2026-03-10T22:41:03.915Z","importId":1,"level":"WARN","message":"Linha 912: Pontuação é 0 ou null","category":"PONTUACAO","context":{"rowNumber":912,"points":0,"cnpj":"30537376000109","saleId":"3354205A","executiveName":"Pasquale Neto"}}
{"timestamp":"2026-03-10T22:41:03.921Z","importId":1,"level":"WARN","message":"Linha 913: Pontuação é 0 ou null","category":"PONTUACAO","context":{"rowNumber":913,"points":0,"cnpj":"05946137000157","saleId":"3354203A","executiveName":"Elza Lara"}}
{"timestamp":"2026-03-10T22:41:03.923Z","importId":1,"level":"WARN","message":"Linha 914: Pontuação é 0 ou null","category":"PONTUACAO","context":{"rowNumber":914,"points":0,"cnpj":"25965750000129","saleId":"3354202A","executiveName":"Marlon Wander"}}
{"timestamp":"2026-03-10T22:41:03.928Z","importId":1,"level":"WARN","message":"Linha 915: Pontuação é 0 ou null","category":"PONTUACAO","context":{"rowNumber":915,"points":0,"cnpj":"25965750000129","saleId":"3354201A","executiveName":"Marlon Wander"}}
{"timestamp":"2026-03-10T22:41:03.932Z","importId":1,"level":"WARN","message":"Linha 916: Pontuação é 0 ou null","category":"PONTUACAO","context":{"rowNumber":916,"points":0,"cnpj":"27589450000118","saleId":"3354200A","executiveName":"Andrea Cordovil"}}
{"timestamp":"2026-03-10T22:41:03.934Z","importId":1,"level":"WARN","message":"Linha 917: Pontuação é 0 ou null","category":"PONTUACAO","context":{"rowNumber":917,"points":0,"cnpj":"58215971000139","saleId":"3354186A","executiveName":"Rafaela Soares"}}
{"timestamp":"2026-03-10T22:41:03.939Z","importId":1,"level":"WARN","message":"Linha 918: Pontuação é 0 ou null","category":"PONTUACAO","context":{"rowNumber":918,"points":0,"cnpj":"13336546000160","saleId":"3354185A","executiveName":"Marlon Wander"}}
{"timestamp":"2026-03-10T22:41:03.944Z","importId":1,"level":"WARN","message":"Linha 920: Pontuação é 0 ou null","category":"PONTUACAO","context":{"rowNumber":920,"points":0,"cnpj":"48186332000139","saleId":"3354184A","executiveName":"Ricardo Morais"}}
{"timestamp":"2026-03-10T22:41:03.948Z","importId":1,"level":"WARN","message":"Linha 921: Pontuação é 0 ou null","category":"PONTUACAO","context":{"rowNumber":921,"points":0,"cnpj":"48186332000139","saleId":"3354182A","executiveName":"Ricardo Morais"}}
{"timestamp":"2026-03-10T22:41:03.950Z","importId":1,"level":"WARN","message":"Linha 922: Pontuação é 0 ou null","category":"PONTUACAO","context":{"rowNumber":922,"points":0,"cnpj":"48186332000139","saleId":"3354181A","executiveName":"Ricardo Morais"}}
{"timestamp":"2026-03-10T22:41:03.952Z","importId":1,"level":"WARN","message":"Linha 923: Pontuação é 0 ou null","category":"PONTUACAO","context":{"rowNumber":923,"points":0,"cnpj":"48186332000139","saleId":"3354180A","executiveName":"Ricardo Morais"}}
{"timestamp":"2026-03-10T22:41:03.955Z","importId":1,"level":"WARN","message":"Linha 924: Pontuação é 0 ou null","category":"PONTUACAO","context":{"rowNumber":924,"points":0,"cnpj":"48186332000139","saleId":"3354179A","executiveName":"Ricardo Morais"}}
{"timestamp":"2026-03-10T22:41:03.963Z","importId":1,"level":"WARN","message":"Linha 925: Pontuação é 0 ou null","category":"PONTUACAO","context":{"rowNumber":925,"points":0,"cnpj":"48186332000139","saleId":"3354178A","executiveName":"Ricardo Morais"}}
{"timestamp":"2026-03-10T22:41:03.967Z","importId":1,"level":"WARN","message":"Linha 926: Pontuação é 0 ou null","category":"PONTUACAO","context":{"rowNumber":926,"points":0,"cnpj":"48186332000139","saleId":"3354177A","executiveName":"Ricardo Morais"}}
{"timestamp":"2026-03-10T22:41:03.970Z","importId":1,"level":"WARN","message":"Linha 927: Pontuação é 0 ou null","category":"PONTUACAO","context":{"rowNumber":927,"points":0,"cnpj":"12100779000104","saleId":"3354175A","executiveName":"Carlos Brito"}}
{"timestamp":"2026-03-10T22:41:03.972Z","importId":1,"level":"WARN","message":"Linha 928: Pontuação é 0 ou null","category":"PONTUACAO","context":{"rowNumber":928,"points":0,"cnpj":"96682836000192","saleId":"3354174A","executiveName":"Marlon Wander"}}
{"timestamp":"2026-03-10T22:41:03.976Z","importId":1,"level":"WARN","message":"Linha 929: Pontuação é 0 ou null","category":"PONTUACAO","context":{"rowNumber":929,"points":0,"cnpj":"96682836000192","saleId":"3354173A","executiveName":"Marlon Wander"}}
{"timestamp":"2026-03-10T22:41:03.979Z","importId":1,"level":"WARN","message":"Linha 930: Pontuação é 0 ou null","category":"PONTUACAO","context":{"rowNumber":930,"points":0,"cnpj":"57608093000159","saleId":"3354171A","executiveName":"Cristiano Dafre"}}
{"timestamp":"2026-03-10T22:41:03.982Z","importId":1,"level":"WARN","message":"Linha 931: Pontuação é 0 ou null","category":"PONTUACAO","context":{"rowNumber":931,"points":0,"cnpj":"48186332000139","saleId":"3354183A","executiveName":"Ricardo Morais"}}
{"timestamp":"2026-03-10T22:41:03.992Z","importId":1,"level":"WARN","message":"Linha 935: Pontuação é 0 ou null","category":"PONTUACAO","context":{"rowNumber":935,"points":0,"cnpj":"36227568000197","saleId":"3351175A","executiveName":"Maira Vallim"}}
{"timestamp":"2026-03-10T22:41:03.995Z","importId":1,"level":"WARN","message":"Linha 936: Pontuação é 0 ou null","category":"PONTUACAO","context":{"rowNumber":936,"points":0,"cnpj":"36227568000197","saleId":"3351174A","executiveName":"Maira Vallim"}}
{"timestamp":"2026-03-10T22:41:03.998Z","importId":1,"level":"WARN","message":"Linha 937: Pontuação é 0 ou null","category":"PONTUACAO","context":{"rowNumber":937,"points":0,"cnpj":"29944382000193","saleId":"3351173A","executiveName":"Clarissa Cavalheiro"}}
{"timestamp":"2026-03-10T22:41:04.002Z","importId":1,"level":"WARN","message":"Linha 938: Pontuação é 0 ou null","category":"PONTUACAO","context":{"rowNumber":938,"points":0,"cnpj":"29944382000193","saleId":"3351172A","executiveName":"Clarissa Cavalheiro"}}
{"timestamp":"2026-03-10T22:41:04.006Z","importId":1,"level":"WARN","message":"Linha 940: Pontuação é 0 ou null","category":"PONTUACAO","context":{"rowNumber":940,"points":0,"cnpj":"27380065000166","saleId":"3351169A","executiveName":"Ricardo Morais"}}
{"timestamp":"2026-03-10T22:41:04.008Z","importId":1,"level":"WARN","message":"Linha 941: Pontuação é 0 ou null","category":"PONTUACAO","context":{"rowNumber":941,"points":0,"cnpj":"27380065000166","saleId":"3351168A","executiveName":"Ricardo Morais"}}
{"timestamp":"2026-03-10T22:41:04.012Z","importId":1,"level":"WARN","message":"Linha 942: Pontuação é 0 ou null","category":"PONTUACAO","context":{"rowNumber":942,"points":0,"cnpj":"27380065000166","saleId":"3351167A","executiveName":"Ricardo Morais"}}
{"timestamp":"2026-03-10T22:41:04.014Z","importId":1,"level":"WARN","message":"Linha 943: Pontuação é 0 ou null","category":"PONTUACAO","context":{"rowNumber":943,"points":0,"cnpj":"27380065000166","saleId":"3351166A","executiveName":"Ricardo Morais"}}
{"timestamp":"2026-03-10T22:41:04.017Z","importId":1,"level":"WARN","message":"Linha 944: Pontuação é 0 ou null","category":"PONTUACAO","context":{"rowNumber":944,"points":0,"cnpj":"27380065000166","saleId":"3351165A","executiveName":"Ricardo Morais"}}
{"timestamp":"2026-03-10T22:41:04.022Z","importId":1,"level":"WARN","message":"Linha 946: Pontuação é 0 ou null","category":"PONTUACAO","context":{"rowNumber":946,"points":0,"cnpj":"27380065000166","saleId":"3351164A","executiveName":"Ricardo Morais"}}
{"timestamp":"2026-03-10T22:41:04.030Z","importId":1,"level":"WARN","message":"Linha 950: Pontuação é 0 ou null","category":"PONTUACAO","context":{"rowNumber":950,"points":0,"cnpj":"15875000000102","saleId":"3351159A","executiveName":"Elza Lara"}}
{"timestamp":"2026-03-10T22:41:04.036Z","importId":1,"level":"WARN","message":"Linha 951: Pontuação é 0 ou null","category":"PONTUACAO","context":{"rowNumber":951,"points":0,"cnpj":"20606282000182","saleId":"3351158A","executiveName":"Armando Soares"}}
{"timestamp":"2026-03-10T22:41:04.038Z","importId":1,"level":"WARN","message":"Linha 952: Pontuação é 0 ou null","category":"PONTUACAO","context":{"rowNumber":952,"points":0,"cnpj":"20606282000182","saleId":"3351157A","executiveName":"Armando Soares"}}
{"timestamp":"2026-03-10T22:41:04.041Z","importId":1,"level":"WARN","message":"Linha 954: Pontuação é 0 ou null","category":"PONTUACAO","context":{"rowNumber":954,"points":0,"cnpj":"20606282000182","saleId":"3351155A","executiveName":"Armando Soares"}}
{"timestamp":"2026-03-10T22:41:04.048Z","importId":1,"level":"WARN","message":"Linha 956: Pontuação é 0 ou null","category":"PONTUACAO","context":{"rowNumber":956,"points":0,"cnpj":"20606282000182","saleId":"3351153A","executiveName":"Armando Soares"}}
{"timestamp":"2026-03-10T22:41:04.050Z","importId":1,"level":"WARN","message":"Linha 957: Pontuação é 0 ou null","category":"PONTUACAO","context":{"rowNumber":957,"points":0,"cnpj":"27380065000166","saleId":"3351163A","executiveName":"Ricardo Morais"}}
{"timestamp":"2026-03-10T22:41:04.077Z","importId":1,"level":"WARN","message":"Linha 968: Pontuação é 0 ou null","category":"PONTUACAO","context":{"rowNumber":968,"points":0,"cnpj":"26553740000149","saleId":"3351416A","executiveName":"Ricardo Morais"}}
{"timestamp":"2026-03-10T22:41:04.079Z","importId":1,"level":"WARN","message":"Linha 969: Pontuação é 0 ou null","category":"PONTUACAO","context":{"rowNumber":969,"points":0,"cnpj":"20606282000182","saleId":"3351349A","executiveName":"Armando Soares"}}
{"timestamp":"2026-03-10T22:41:04.089Z","importId":1,"level":"WARN","message":"Linha 973: Pontuação é 0 ou null","category":"PONTUACAO","context":{"rowNumber":973,"points":0,"cnpj":"24869123000121","saleId":"3351202A","executiveName":"Elza Lara"}}
{"timestamp":"2026-03-10T22:41:04.091Z","importId":1,"level":"WARN","message":"Linha 974: Pontuação é 0 ou null","category":"PONTUACAO","context":{"rowNumber":974,"points":0,"cnpj":"04716201000140","saleId":"3351195A","executiveName":"Ricardo Morais"}}
{"timestamp":"2026-03-10T22:41:04.100Z","importId":1,"level":"WARN","message":"Linha 976: Pontuação é 0 ou null","category":"PONTUACAO","context":{"rowNumber":976,"points":0,"cnpj":"18587179000190","saleId":"3351192A","executiveName":"Gabriela Carvalho"}}
{"timestamp":"2026-03-10T22:41:04.104Z","importId":1,"level":"WARN","message":"Linha 978: Pontuação é 0 ou null","category":"PONTUACAO","context":{"rowNumber":978,"points":0,"cnpj":"40898861000153","saleId":"3351190A","executiveName":"Leonardo Ligabo"}}
{"timestamp":"2026-03-10T22:41:04.112Z","importId":1,"level":"WARN","message":"Linha 981: Pontuação é 0 ou null","category":"PONTUACAO","context":{"rowNumber":981,"points":0,"cnpj":"24869123000121","saleId":"3351187A","executiveName":"Elza Lara"}}
{"timestamp":"2026-03-10T22:41:04.116Z","importId":1,"level":"WARN","message":"Linha 984: Pontuação é 0 ou null","category":"PONTUACAO","context":{"rowNumber":984,"points":0,"cnpj":"30537376000109","saleId":"3354209A","executiveName":"Pasquale Neto"}}
{"timestamp":"2026-03-10T22:41:04.123Z","importId":1,"level":"WARN","message":"Linha 986: Pontuação é 0 ou null","category":"PONTUACAO","context":{"rowNumber":986,"points":0,"cnpj":"30537376000109","saleId":"3354210A","executiveName":"Pasquale Neto"}}
{"timestamp":"2026-03-10T22:41:04.126Z","importId":1,"level":"WARN","message":"Linha 987: Pontuação é 0 ou null","category":"PONTUACAO","context":{"rowNumber":987,"points":0,"cnpj":"30537376000109","saleId":"3354212A","executiveName":"Pasquale Neto"}}
{"timestamp":"2026-03-10T22:41:04.223Z","importId":1,"level":"WARN","message":"Linha 1038: Pontuação é 0 ou null","category":"PONTUACAO","context":{"rowNumber":1038,"points":0,"cnpj":"13338144000102","saleId":"3368875A","executiveName":"Marlon Wander"}}
{"timestamp":"2026-03-10T22:41:04.229Z","importId":1,"level":"WARN","message":"Linha 1040: Pontuação é 0 ou null","category":"PONTUACAO","context":{"rowNumber":1040,"points":0,"cnpj":"15505790000487","saleId":"3365412A","executiveName":"Carlos Brito"}}
{"timestamp":"2026-03-10T22:41:04.234Z","importId":1,"level":"WARN","message":"Linha 1041: Pontuação é 0 ou null","category":"PONTUACAO","context":{"rowNumber":1041,"points":0,"cnpj":"26221552000113","saleId":"3365411A","executiveName":"Carlos Brito"}}
{"timestamp":"2026-03-10T22:41:04.242Z","importId":1,"level":"WARN","message":"Linha 1044: Pontuação é 0 ou null","category":"PONTUACAO","context":{"rowNumber":1044,"points":0,"cnpj":"24869123000121","saleId":"3359818A","executiveName":"Elza Lara"}}
{"timestamp":"2026-03-10T22:41:04.246Z","importId":1,"level":"WARN","message":"Linha 1045: Pontuação é 0 ou null","category":"PONTUACAO","context":{"rowNumber":1045,"points":0,"cnpj":"40304172000173","saleId":"3359775A","executiveName":"Elza Lara"}}
{"timestamp":"2026-03-10T22:41:04.257Z","importId":1,"level":"WARN","message":"Linha 1048: Pontuação é 0 ou null","category":"PONTUACAO","context":{"rowNumber":1048,"points":0,"cnpj":"10907957000170","saleId":"3356429A","executiveName":"Cristiano Dafre"}}
{"timestamp":"2026-03-10T22:41:04.262Z","importId":1,"level":"WARN","message":"Linha 1049: Pontuação é 0 ou null","category":"PONTUACAO","context":{"rowNumber":1049,"points":0,"cnpj":"55092033000109","saleId":"3354304A","executiveName":"Leonardo Ligabo"}}
{"timestamp":"2026-03-10T22:41:04.267Z","importId":1,"level":"WARN","message":"Linha 1051: Pontuação é 0 ou null","category":"PONTUACAO","context":{"rowNumber":1051,"points":0,"cnpj":"55092033000109","saleId":"3354303A","executiveName":"Leonardo Ligabo"}}
{"timestamp":"2026-03-10T22:41:04.270Z","importId":1,"level":"WARN","message":"Linha 1052: Pontuação é 0 ou null","category":"PONTUACAO","context":{"rowNumber":1052,"points":0,"cnpj":"04057079000148","saleId":"3354264A","executiveName":"William Silva"}}
{"timestamp":"2026-03-10T22:41:04.273Z","importId":1,"level":"WARN","message":"Linha 1053: Pontuação é 0 ou null","category":"PONTUACAO","context":{"rowNumber":1053,"points":0,"cnpj":"04057079000148","saleId":"3354263A","executiveName":"William Silva"}}
{"timestamp":"2026-03-10T22:41:04.275Z","importId":1,"level":"WARN","message":"Linha 1054: Pontuação é 0 ou null","category":"PONTUACAO","context":{"rowNumber":1054,"points":0,"cnpj":"01335651000103","saleId":"3354262A","executiveName":"Elza Lara"}}
{"timestamp":"2026-03-10T22:41:04.282Z","importId":1,"level":"WARN","message":"Linha 1055: Pontuação é 0 ou null","category":"PONTUACAO","context":{"rowNumber":1055,"points":0,"cnpj":"59468322000102","saleId":"3354257A","executiveName":"Carlos Brito"}}
{"timestamp":"2026-03-10T22:41:04.286Z","importId":1,"level":"WARN","message":"Linha 1056: Pontuação é 0 ou null","category":"PONTUACAO","context":{"rowNumber":1056,"points":0,"cnpj":"59468322000102","saleId":"3354256A","executiveName":"Carlos Brito"}}
{"timestamp":"2026-03-10T22:41:04.289Z","importId":1,"level":"WARN","message":"Linha 1057: Pontuação é 0 ou null","category":"PONTUACAO","context":{"rowNumber":1057,"points":0,"cnpj":"82524232000103","saleId":"3354219A","executiveName":"Cassia Shimabukuro"}}
{"timestamp":"2026-03-10T22:41:04.292Z","importId":1,"level":"WARN","message":"Linha 1058: Pontuação é 0 ou null","category":"PONTUACAO","context":{"rowNumber":1058,"points":0,"cnpj":"95171119000133","saleId":"3354217A","executiveName":"Carlos Brito"}}
{"timestamp":"2026-03-10T22:41:04.295Z","importId":1,"level":"WARN","message":"Linha 1059: Pontuação é 0 ou null","category":"PONTUACAO","context":{"rowNumber":1059,"points":0,"cnpj":"95171119000133","saleId":"3354216A","executiveName":"Carlos Brito"}}
{"timestamp":"2026-03-10T22:41:04.297Z","importId":1,"level":"WARN","message":"Linha 1060: Pontuação é 0 ou null","category":"PONTUACAO","context":{"rowNumber":1060,"points":0,"cnpj":"02321981000102","saleId":"3354215A","executiveName":"Carlos Barbassa"}}
{"timestamp":"2026-03-10T22:41:04.300Z","importId":1,"level":"WARN","message":"Linha 1061: Pontuação é 0 ou null","category":"PONTUACAO","context":{"rowNumber":1061,"points":0,"cnpj":"30537376000109","saleId":"3354213A","executiveName":"Pasquale Neto"}}
{"timestamp":"2026-03-10T22:41:04.315Z","importId":1,"level":"WARN","message":"Linha 1069: Pontuação é 0 ou null","category":"PONTUACAO","context":{"rowNumber":1069,"points":0,"cnpj":"32577645000188","saleId":"3368519A","executiveName":"Elza Lara"}}
{"timestamp":"2026-03-10T22:41:04.334Z","importId":1,"level":"WARN","message":"Linha 1078: Pontuação é 0 ou null","category":"PONTUACAO","context":{"rowNumber":1078,"points":0,"cnpj":"00003058000199","saleId":"3367937A","executiveName":"Pasquale Neto"}}
{"timestamp":"2026-03-10T22:41:04.337Z","importId":1,"level":"WARN","message":"Linha 1079: Pontuação é 0 ou null","category":"PONTUACAO","context":{"rowNumber":1079,"points":0,"cnpj":"10741459000108","saleId":"3367935A","executiveName":"Karla Reis"}}
{"timestamp":"2026-03-10T22:41:04.361Z","importId":1,"level":"WARN","message":"Linha 1089: Pontuação é 0 ou null","category":"PONTUACAO","context":{"rowNumber":1089,"points":0,"cnpj":"30537376000109","saleId":"3354211A","executiveName":"Pasquale Neto"}}
{"timestamp":"2026-03-10T22:41:04.366Z","importId":1,"level":"WARN","message":"Linha 1090: Pontuação é 0 ou null","category":"PONTUACAO","context":{"rowNumber":1090,"points":0,"cnpj":"20606282000182","saleId":"3351151A","executiveName":"Armando Soares"}}
{"timestamp":"2026-03-10T22:41:04.371Z","importId":1,"level":"WARN","message":"Linha 1092: Pontuação é 0 ou null","category":"PONTUACAO","context":{"rowNumber":1092,"points":0,"cnpj":"20606282000182","saleId":"3351149A","executiveName":"Armando Soares"}}
{"timestamp":"2026-03-10T22:41:04.623Z","importId":1,"level":"WARN","message":"Linha 1223: Pontuação é 0 ou null","category":"PONTUACAO","context":{"rowNumber":1223,"points":0,"cnpj":"02116253000150","saleId":"3351119A","executiveName":"Elza Lara"}}
{"timestamp":"2026-03-10T22:41:04.637Z","importId":1,"level":"WARN","message":"Linha 1228: Pontuação é 0 ou null","category":"PONTUACAO","context":{"rowNumber":1228,"points":0,"cnpj":"03292119863","saleId":"3351144A","executiveName":"Armando Soares"}}
{"timestamp":"2026-03-10T22:41:04.640Z","importId":1,"level":"WARN","message":"Linha 1229: Pontuação é 0 ou null","category":"PONTUACAO","context":{"rowNumber":1229,"points":0,"cnpj":"72900731000102","saleId":"3351143A","executiveName":"Miguel Jenotti"}}
{"timestamp":"2026-03-10T22:41:04.644Z","importId":1,"level":"WARN","message":"Linha 1232: Pontuação é 0 ou null","category":"PONTUACAO","context":{"rowNumber":1232,"points":0,"cnpj":"02727156000102","saleId":"3351140A","executiveName":"Elza Lara"}}
{"timestamp":"2026-03-10T22:41:04.647Z","importId":1,"level":"WARN","message":"Linha 1233: Pontuação é 0 ou null","category":"PONTUACAO","context":{"rowNumber":1233,"points":0,"cnpj":"02727156000102","saleId":"3351139A","executiveName":"Elza Lara"}}
{"timestamp":"2026-03-10T22:41:04.652Z","importId":1,"level":"WARN","message":"Linha 1234: Pontuação é 0 ou null","category":"PONTUACAO","context":{"rowNumber":1234,"points":0,"cnpj":"02727156000102","saleId":"3351138A","executiveName":"Elza Lara"}}
{"timestamp":"2026-03-10T22:41:04.661Z","importId":1,"level":"WARN","message":"Linha 1236: Pontuação é 0 ou null","category":"PONTUACAO","context":{"rowNumber":1236,"points":0,"cnpj":"17686602000147","saleId":"3351130A","executiveName":"Luana Fagundes"}}
{"timestamp":"2026-03-10T22:41:04.664Z","importId":1,"level":"WARN","message":"Linha 1237: Pontuação é 0 ou null","category":"PONTUACAO","context":{"rowNumber":1237,"points":0,"cnpj":"06990616000133","saleId":"3351129A","executiveName":"Ricardo Morais"}}
{"timestamp":"2026-03-10T22:41:04.668Z","importId":1,"level":"WARN","message":"Linha 1238: Pontuação é 0 ou null","category":"PONTUACAO","context":{"rowNumber":1238,"points":0,"cnpj":"06990616000133","saleId":"3351128A","executiveName":"Ricardo Morais"}}
{"timestamp":"2026-03-10T22:41:04.670Z","importId":1,"level":"WARN","message":"Linha 1239: Pontuação é 0 ou null","category":"PONTUACAO","context":{"rowNumber":1239,"points":0,"cnpj":"57954299000130","saleId":"3351127A","executiveName":"Ricardo Bueno"}}
{"timestamp":"2026-03-10T22:41:04.672Z","importId":1,"level":"WARN","message":"Linha 1240: Pontuação é 0 ou null","category":"PONTUACAO","context":{"rowNumber":1240,"points":0,"cnpj":"57954299000130","saleId":"3351126A","executiveName":"Ricardo Bueno"}}
{"timestamp":"2026-03-10T22:41:04.676Z","importId":1,"level":"WARN","message":"Linha 1241: Pontuação é 0 ou null","category":"PONTUACAO","context":{"rowNumber":1241,"points":0,"cnpj":"04643629000100","saleId":"3351125A","executiveName":"Pasquale Neto"}}
{"timestamp":"2026-03-10T22:41:04.688Z","importId":1,"level":"WARN","message":"Linha 1246: Pontuação é 0 ou null","category":"PONTUACAO","context":{"rowNumber":1246,"points":0,"cnpj":"02116253000150","saleId":"3351120A","executiveName":"Elza Lara"}}
{"timestamp":"2026-03-10T22:41:04.810Z","importId":1,"level":"WARN","message":"Linha 1307: Pontuação é 0 ou null","category":"PONTUACAO","context":{"rowNumber":1307,"points":0,"cnpj":"57991051000140","saleId":"3349214A","executiveName":"Carlos Brito"}}
{"timestamp":"2026-03-10T22:41:04.939Z","importId":1,"level":"WARN","message":"Linha 1373: Pontuação é 0 ou null","category":"PONTUACAO","context":{"rowNumber":1373,"points":0,"cnpj":"57608093000159","saleId":"3348955A","executiveName":"Cristiano Dafre"}}
{"timestamp":"2026-03-10T22:41:05.031Z","importId":1,"level":"WARN","message":"Linha 1424: Pontuação é 0 ou null","category":"PONTUACAO","context":{"rowNumber":1424,"points":0,"cnpj":"04716201000140","saleId":"3350034A","executiveName":"Ricardo Morais"}}
{"timestamp":"2026-03-10T22:41:05.034Z","importId":1,"level":"WARN","message":"Linha 1425: Pontuação é 0 ou null","category":"PONTUACAO","context":{"rowNumber":1425,"points":0,"cnpj":"20027725000180","saleId":"3350025A","executiveName":"Karla Reis"}}
{"timestamp":"2026-03-10T22:41:05.041Z","importId":1,"level":"WARN","message":"Linha 1428: Pontuação é 0 ou null","category":"PONTUACAO","context":{"rowNumber":1428,"points":0,"cnpj":"03702857000141","saleId":"3350007A","executiveName":"Walter Junior"}}
{"timestamp":"2026-03-10T22:41:05.046Z","importId":1,"level":"WARN","message":"Linha 1430: Pontuação é 0 ou null","category":"PONTUACAO","context":{"rowNumber":1430,"points":0,"cnpj":"02766270000133","saleId":"3350005A","executiveName":"Carlos Brito"}}
{"timestamp":"2026-03-10T22:41:05.058Z","importId":1,"level":"WARN","message":"Linha 1435: Pontuação é 0 ou null","category":"PONTUACAO","context":{"rowNumber":1435,"points":0,"cnpj":"59717926000145","saleId":"3349967A","executiveName":"Ronaldo Coelho"}}
{"timestamp":"2026-03-10T22:41:05.091Z","importId":1,"level":"WARN","message":"Linha 1453: Pontuação é 0 ou null","category":"PONTUACAO","context":{"rowNumber":1453,"points":0,"cnpj":"46257674000177","saleId":"3349525A","executiveName":"Marlon Wander"}}
{"timestamp":"2026-03-10T22:41:05.095Z","importId":1,"level":"WARN","message":"Linha 1454: Pontuação é 0 ou null","category":"PONTUACAO","context":{"rowNumber":1454,"points":0,"cnpj":"46257674000177","saleId":"3349524A","executiveName":"Marlon Wander"}}
{"timestamp":"2026-03-10T22:41:05.296Z","importId":1,"level":"WARN","message":"Linha 1560: Pontuação é 0 ou null","category":"PONTUACAO","context":{"rowNumber":1560,"points":0,"cnpj":"06180691000139","saleId":"3348994A","executiveName":"Andrea Cordovil"}}
{"timestamp":"2026-03-10T22:41:05.300Z","importId":1,"level":"WARN","message":"Linha 1561: Pontuação é 0 ou null","category":"PONTUACAO","context":{"rowNumber":1561,"points":0,"cnpj":"06180691000139","saleId":"3348993A","executiveName":"Andrea Cordovil"}}
{"timestamp":"2026-03-10T22:41:05.310Z","importId":1,"level":"WARN","message":"Linha 1566: Pontuação é 0 ou null","category":"PONTUACAO","context":{"rowNumber":1566,"points":0,"cnpj":"57007508000139","saleId":"3349028A","executiveName":"Elza Lara"}}
{"timestamp":"2026-03-10T22:41:05.352Z","importId":1,"level":"WARN","message":"Linha 1591: Pontuação é 0 ou null","category":"PONTUACAO","context":{"rowNumber":1591,"points":0,"cnpj":"09559375000160","saleId":"3350012A","executiveName":"Andrea Cordovil"}}
{"timestamp":"2026-03-10T22:41:05.354Z","importId":1,"level":"WARN","message":"Linha 1592: Pontuação é 0 ou null","category":"PONTUACAO","context":{"rowNumber":1592,"points":0,"cnpj":"58215971000139","saleId":"3350004A","executiveName":"Rafaela Soares"}}
{"timestamp":"2026-03-10T22:41:05.357Z","importId":1,"level":"WARN","message":"Linha 1593: Pontuação é 0 ou null","category":"PONTUACAO","context":{"rowNumber":1593,"points":0,"cnpj":"61684239000112","saleId":"3350003A","executiveName":"Carlos Brito"}}
{"timestamp":"2026-03-10T22:41:05.364Z","importId":1,"level":"WARN","message":"Linha 1596: Pontuação é 0 ou null","category":"PONTUACAO","context":{"rowNumber":1596,"points":0,"cnpj":"07888535000190","saleId":"3349968A","executiveName":"Cristiano Dafre"}}
{"timestamp":"2026-03-10T22:41:05.372Z","importId":1,"level":"WARN","message":"Linha 1600: Pontuação é 0 ou null","category":"PONTUACAO","context":{"rowNumber":1600,"points":0,"cnpj":"09559375000160","saleId":"3350013A","executiveName":"Andrea Cordovil"}}
{"timestamp":"2026-03-10T22:41:05.433Z","importId":1,"level":"WARN","message":"Linha 1632: Pontuação é 0 ou null","category":"PONTUACAO","context":{"rowNumber":1632,"points":0,"cnpj":"41626868000189","saleId":"3350024A","executiveName":"Kelly Furno"}}
{"timestamp":"2026-03-10T22:41:05.535Z","importId":1,"level":"WARN","message":"Linha 1685: Pontuação é 0 ou null","category":"PONTUACAO","context":{"rowNumber":1685,"points":0,"cnpj":"28551518000132","saleId":"3350018A","executiveName":"Karla Reis"}}
{"timestamp":"2026-03-10T22:41:05.594Z","importId":1,"level":"WARN","message":"Linha 1717: Pontuação é 0 ou null","category":"PONTUACAO","context":{"rowNumber":1717,"points":0,"cnpj":"01156427000146","saleId":"3349516A","executiveName":"Karla Reis"}}
{"timestamp":"2026-03-10T22:41:05.703Z","importId":1,"level":"WARN","message":"Linha 1778: Pontuação é 0 ou null","category":"PONTUACAO","context":{"rowNumber":1778,"points":0,"cnpj":"15875000000102","saleId":"3349215A","executiveName":"Elza Lara"}}
{"timestamp":"2026-03-10T22:41:05.708Z","importId":1,"level":"WARN","message":"Linha 1779: Pontuação é 0 ou null","category":"PONTUACAO","context":{"rowNumber":1779,"points":0,"cnpj":"47055859000161","saleId":"3349645A","executiveName":"Ricardo Bueno"}}
{"timestamp":"2026-03-10T22:41:05.716Z","importId":1,"level":"WARN","message":"Linha 1784: Pontuação é 0 ou null","category":"PONTUACAO","context":{"rowNumber":1784,"points":0,"cnpj":"05488469000135","saleId":"3348957A","executiveName":"Claudia Dias"}}
{"timestamp":"2026-03-10T22:41:05.801Z","importId":1,"level":"WARN","message":"Linha 1830: Pontuação é 0 ou null","category":"PONTUACAO","context":{"rowNumber":1830,"points":0,"cnpj":"27380065000166","saleId":"3349217A","executiveName":"Ricardo Morais"}}
{"timestamp":"2026-03-10T22:41:05.852Z","importId":1,"level":"WARN","message":"Linha 1855: Pontuação é 0 ou null","category":"PONTUACAO","context":{"rowNumber":1855,"points":0,"cnpj":"27380065000166","saleId":"3349216A","executiveName":"Ricardo Morais"}}
{"timestamp":"2026-03-10T22:41:06.056Z","importId":1,"level":"WARN","message":"Linha 1972: Pontuação é 0 ou null","category":"PONTUACAO","context":{"rowNumber":1972,"points":0,"cnpj":"31674892000130","saleId":"3349111A","executiveName":"Miguel Jenotti"}}
{"timestamp":"2026-03-10T22:41:06.062Z","importId":1,"level":"WARN","message":"Linha 1975: Pontuação é 0 ou null","category":"PONTUACAO","context":{"rowNumber":1975,"points":0,"cnpj":"54830049000109","saleId":"3350032A","executiveName":"Grasiele Nascimento"}}
{"timestamp":"2026-03-10T22:41:06.117Z","importId":1,"level":"WARN","message":"Linha 2007: Pontuação é 0 ou null","category":"PONTUACAO","context":{"rowNumber":2007,"points":0,"cnpj":"20685116000119","saleId":"3350133A","executiveName":"Gabriela Carvalho"}}
{"timestamp":"2026-03-10T22:41:06.121Z","importId":1,"level":"WARN","message":"Linha 2009: Pontuação é 0 ou null","category":"PONTUACAO","context":{"rowNumber":2009,"points":0,"cnpj":"20685116000119","saleId":"3350132A","executiveName":"Gabriela Carvalho"}}
{"timestamp":"2026-03-10T22:41:06.268Z","importId":1,"level":"WARN","message":"Linha 2097: Pontuação é 0 ou null","category":"PONTUACAO","context":{"rowNumber":2097,"points":0,"cnpj":"01131672000107","saleId":"208550M1699953","executiveName":"MÁRCIA DOS SANTOS SILVA"}}
{"timestamp":"2026-03-10T22:41:07.600Z","importId":1,"level":"WARN","message":"Linha 2851: Pontuação é 0 ou null","category":"PONTUACAO","context":{"rowNumber":2851,"points":0,"cnpj":"37590420000185","saleId":"3357338A","executiveName":"Cristiano Dafre"}}
{"timestamp":"2026-03-10T22:41:07.604Z","importId":1,"level":"WARN","message":"Linha 2852: Pontuação é 0 ou null","category":"PONTUACAO","context":{"rowNumber":2852,"points":0,"cnpj":"20929210000176","saleId":"3357337A","executiveName":"Gabriela Carvalho"}}
{"timestamp":"2026-03-10T22:41:07.607Z","importId":1,"level":"WARN","message":"Linha 2853: Pontuação é 0 ou null","category":"PONTUACAO","context":{"rowNumber":2853,"points":0,"cnpj":"15505790000487","saleId":"3357308A","executiveName":"Carlos Brito"}}
{"timestamp":"2026-03-10T22:41:07.608Z","importId":1,"level":"WARN","message":"Linha 2854: Pontuação é 0 ou null","category":"PONTUACAO","context":{"rowNumber":2854,"points":0,"cnpj":"15505790000487","saleId":"3357307A","executiveName":"Carlos Brito"}}
{"timestamp":"2026-03-10T22:41:07.613Z","importId":1,"level":"WARN","message":"Linha 2855: Pontuação é 0 ou null","category":"PONTUACAO","context":{"rowNumber":2855,"points":0,"cnpj":"31696755000104","saleId":"3357306A","executiveName":"Pasquale Neto"}}
{"timestamp":"2026-03-10T22:41:07.615Z","importId":1,"level":"WARN","message":"Linha 2856: Pontuação é 0 ou null","category":"PONTUACAO","context":{"rowNumber":2856,"points":0,"cnpj":"30891912000161","saleId":"3357305A","executiveName":"Ricardo Bueno"}}
{"timestamp":"2026-03-10T22:41:07.617Z","importId":1,"level":"WARN","message":"Linha 2857: Pontuação é 0 ou null","category":"PONTUACAO","context":{"rowNumber":2857,"points":0,"cnpj":"29416586000151","saleId":"3357303A","executiveName":"Pasquale Neto"}}
{"timestamp":"2026-03-10T22:41:07.620Z","importId":1,"level":"WARN","message":"Linha 2858: Pontuação é 0 ou null","category":"PONTUACAO","context":{"rowNumber":2858,"points":0,"cnpj":"29416586000151","saleId":"3357302A","executiveName":"Pasquale Neto"}}
{"timestamp":"2026-03-10T22:41:07.623Z","importId":1,"level":"WARN","message":"Linha 2859: Pontuação é 0 ou null","category":"PONTUACAO","context":{"rowNumber":2859,"points":0,"cnpj":"02613920000100","saleId":"3357298A","executiveName":"Carlos Barbassa"}}
{"timestamp":"2026-03-10T22:41:07.626Z","importId":1,"level":"WARN","message":"Linha 2860: Pontuação é 0 ou null","category":"PONTUACAO","context":{"rowNumber":2860,"points":0,"cnpj":"02613920000100","saleId":"3357297A","executiveName":"Carlos Barbassa"}}
{"timestamp":"2026-03-10T22:41:07.627Z","importId":1,"level":"WARN","message":"Linha 2861: Pontuação é 0 ou null","category":"PONTUACAO","context":{"rowNumber":2861,"points":0,"cnpj":"37590420000185","saleId":"3357339A","executiveName":"Cristiano Dafre"}}
{"timestamp":"2026-03-10T22:41:07.631Z","importId":1,"level":"WARN","message":"Linha 2862: Pontuação é 0 ou null","category":"PONTUACAO","context":{"rowNumber":2862,"points":0,"cnpj":"17470982000188","saleId":"3357290A","executiveName":"Claudia Dias"}}
{"timestamp":"2026-03-10T22:41:07.633Z","importId":1,"level":"WARN","message":"Linha 2863: Pontuação é 0 ou null","category":"PONTUACAO","context":{"rowNumber":2863,"points":0,"cnpj":"17470982000188","saleId":"3357288A","executiveName":"Claudia Dias"}}
{"timestamp":"2026-03-10T22:41:07.634Z","importId":1,"level":"WARN","message":"Linha 2864: Pontuação é 0 ou null","category":"PONTUACAO","context":{"rowNumber":2864,"points":0,"cnpj":"04643629000100","saleId":"3357283A","executiveName":"Pasquale Neto"}}
{"timestamp":"2026-03-10T22:41:07.639Z","importId":1,"level":"WARN","message":"Linha 2865: Pontuação é 0 ou null","category":"PONTUACAO","context":{"rowNumber":2865,"points":0,"cnpj":"59875039000103","saleId":"3357247A","executiveName":"Carlos Barbassa"}}
{"timestamp":"2026-03-10T22:41:07.641Z","importId":1,"level":"WARN","message":"Linha 2866: Pontuação é 0 ou null","category":"PONTUACAO","context":{"rowNumber":2866,"points":0,"cnpj":"39463163000146","saleId":"3354298A","executiveName":"Armando Soares"}}
{"timestamp":"2026-03-10T22:41:07.643Z","importId":1,"level":"WARN","message":"Linha 2867: Pontuação é 0 ou null","category":"PONTUACAO","context":{"rowNumber":2867,"points":0,"cnpj":"39463163000146","saleId":"3354297A","executiveName":"Armando Soares"}}
{"timestamp":"2026-03-10T22:41:07.645Z","importId":1,"level":"WARN","message":"Linha 2868: Pontuação é 0 ou null","category":"PONTUACAO","context":{"rowNumber":2868,"points":0,"cnpj":"39463163000146","saleId":"3354296A","executiveName":"Armando Soares"}}
{"timestamp":"2026-03-10T22:41:07.648Z","importId":1,"level":"WARN","message":"Linha 2869: Pontuação é 0 ou null","category":"PONTUACAO","context":{"rowNumber":2869,"points":0,"cnpj":"39463163000146","saleId":"3354295A","executiveName":"Armando Soares"}}
{"timestamp":"2026-03-10T22:41:07.650Z","importId":1,"level":"WARN","message":"Linha 2870: Pontuação é 0 ou null","category":"PONTUACAO","context":{"rowNumber":2870,"points":0,"cnpj":"06256161000127","saleId":"3354254A","executiveName":"Pasquale Neto"}}
{"timestamp":"2026-03-10T22:41:07.654Z","importId":1,"level":"WARN","message":"Linha 2871: Pontuação é 0 ou null","category":"PONTUACAO","context":{"rowNumber":2871,"points":0,"cnpj":"22543516000115","saleId":"3354193A","executiveName":"Carlos Barbassa"}}
{"timestamp":"2026-03-10T22:41:07.657Z","importId":1,"level":"WARN","message":"Linha 2872: Pontuação é 0 ou null","category":"PONTUACAO","context":{"rowNumber":2872,"points":0,"cnpj":"22543516000115","saleId":"3354192A","executiveName":"Carlos Barbassa"}}
{"timestamp":"2026-03-10T22:41:07.659Z","importId":1,"level":"WARN","message":"Linha 2873: Pontuação é 0 ou null","category":"PONTUACAO","context":{"rowNumber":2873,"points":0,"cnpj":"17470982000188","saleId":"3357289A","executiveName":"Claudia Dias"}}
{"timestamp":"2026-03-10T22:41:07.661Z","importId":1,"level":"WARN","message":"Linha 2874: Pontuação é 0 ou null","category":"PONTUACAO","context":{"rowNumber":2874,"points":0,"cnpj":"55519087000108","saleId":"3357340A","executiveName":"Kelly Furno"}}
{"timestamp":"2026-03-10T22:41:07.664Z","importId":1,"level":"WARN","message":"Linha 2875: Pontuação é 0 ou null","category":"PONTUACAO","context":{"rowNumber":2875,"points":0,"cnpj":"32081936000180","saleId":"3357341A","executiveName":"Carlos Barbassa"}}
{"timestamp":"2026-03-10T22:41:07.666Z","importId":1,"level":"WARN","message":"Linha 2876: Pontuação é 0 ou null","category":"PONTUACAO","context":{"rowNumber":2876,"points":0,"cnpj":"32081936000180","saleId":"3357342A","executiveName":"Carlos Barbassa"}}
{"timestamp":"2026-03-10T22:41:07.668Z","importId":1,"level":"WARN","message":"Linha 2877: Pontuação é 0 ou null","category":"PONTUACAO","context":{"rowNumber":2877,"points":0,"cnpj":"18483090000184","saleId":"3359912A","executiveName":"Ricardo Morais"}}
{"timestamp":"2026-03-10T22:41:07.670Z","importId":1,"level":"WARN","message":"Linha 2878: Pontuação é 0 ou null","category":"PONTUACAO","context":{"rowNumber":2878,"points":0,"cnpj":"18483090000184","saleId":"3359911A","executiveName":"Ricardo Morais"}}
{"timestamp":"2026-03-10T22:41:07.673Z","importId":1,"level":"WARN","message":"Linha 2879: Pontuação é 0 ou null","category":"PONTUACAO","context":{"rowNumber":2879,"points":0,"cnpj":"18483090000184","saleId":"3359910A","executiveName":"Ricardo Morais"}}
{"timestamp":"2026-03-10T22:41:07.675Z","importId":1,"level":"WARN","message":"Linha 2880: Pontuação é 0 ou null","category":"PONTUACAO","context":{"rowNumber":2880,"points":0,"cnpj":"18483090000184","saleId":"3359909A","executiveName":"Ricardo Morais"}}
{"timestamp":"2026-03-10T22:41:07.683Z","importId":1,"level":"WARN","message":"Linha 2882: Pontuação é 0 ou null","category":"PONTUACAO","context":{"rowNumber":2882,"points":0,"cnpj":"21330781000152","saleId":"3359817A","executiveName":"Walter Junior"}}
{"timestamp":"2026-03-10T22:41:07.685Z","importId":1,"level":"WARN","message":"Linha 2883: Pontuação é 0 ou null","category":"PONTUACAO","context":{"rowNumber":2883,"points":0,"cnpj":"21330781000152","saleId":"3359816A","executiveName":"Walter Junior"}}
{"timestamp":"2026-03-10T22:41:07.687Z","importId":1,"level":"WARN","message":"Linha 2884: Pontuação é 0 ou null","category":"PONTUACAO","context":{"rowNumber":2884,"points":0,"cnpj":"03703591000151","saleId":"3359813A","executiveName":"Miguel Jenotti"}}
{"timestamp":"2026-03-10T22:41:07.692Z","importId":1,"level":"WARN","message":"Linha 2885: Pontuação é 0 ou null","category":"PONTUACAO","context":{"rowNumber":2885,"points":0,"cnpj":"03703591000151","saleId":"3359812A","executiveName":"Miguel Jenotti"}}
{"timestamp":"2026-03-10T22:41:07.694Z","importId":1,"level":"WARN","message":"Linha 2886: Pontuação é 0 ou null","category":"PONTUACAO","context":{"rowNumber":2886,"points":0,"cnpj":"22730853000111","saleId":"3359486A","executiveName":"Elza Lara"}}
{"timestamp":"2026-03-10T22:41:07.696Z","importId":1,"level":"WARN","message":"Linha 2887: Pontuação é 0 ou null","category":"PONTUACAO","context":{"rowNumber":2887,"points":0,"cnpj":"13338144000102","saleId":"3358997A","executiveName":"Marlon Wander"}}
{"timestamp":"2026-03-10T22:41:07.699Z","importId":1,"level":"WARN","message":"Linha 2888: Pontuação é 0 ou null","category":"PONTUACAO","context":{"rowNumber":2888,"points":0,"cnpj":"46257674000177","saleId":"3358936A","executiveName":"Marlon Wander"}}
{"timestamp":"2026-03-10T22:41:07.703Z","importId":1,"level":"WARN","message":"Linha 2889: Pontuação é 0 ou null","category":"PONTUACAO","context":{"rowNumber":2889,"points":0,"cnpj":"19384307000161","saleId":"3358863A","executiveName":"Elza Lara"}}
{"timestamp":"2026-03-10T22:41:07.705Z","importId":1,"level":"WARN","message":"Linha 2890: Pontuação é 0 ou null","category":"PONTUACAO","context":{"rowNumber":2890,"points":0,"cnpj":"43221261000144","saleId":"3358818A","executiveName":"Ronaldo Coelho"}}
{"timestamp":"2026-03-10T22:41:07.711Z","importId":1,"level":"WARN","message":"Linha 2893: Pontuação é 0 ou null","category":"PONTUACAO","context":{"rowNumber":2893,"points":0,"cnpj":"15505790000487","saleId":"3358771A","executiveName":"Carlos Brito"}}
{"timestamp":"2026-03-10T22:41:07.714Z","importId":1,"level":"WARN","message":"Linha 2894: Pontuação é 0 ou null","category":"PONTUACAO","context":{"rowNumber":2894,"points":0,"cnpj":"03683159000146","saleId":"3358750A","executiveName":"Rafaela Soares"}}
{"timestamp":"2026-03-10T22:41:07.718Z","importId":1,"level":"WARN","message":"Linha 2895: Pontuação é 0 ou null","category":"PONTUACAO","context":{"rowNumber":2895,"points":0,"cnpj":"03683159000146","saleId":"3358749A","executiveName":"Rafaela Soares"}}
{"timestamp":"2026-03-10T22:41:07.722Z","importId":1,"level":"WARN","message":"Linha 2897: Pontuação é 0 ou null","category":"PONTUACAO","context":{"rowNumber":2897,"points":0,"cnpj":"24832440000173","saleId":"3357518A","executiveName":"Armando Soares"}}
{"timestamp":"2026-03-10T22:41:07.726Z","importId":1,"level":"WARN","message":"Linha 2898: Pontuação é 0 ou null","category":"PONTUACAO","context":{"rowNumber":2898,"points":0,"cnpj":"22730853000111","saleId":"3357389A","executiveName":"Elza Lara"}}
{"timestamp":"2026-03-10T22:41:07.728Z","importId":1,"level":"WARN","message":"Linha 2899: Pontuação é 0 ou null","category":"PONTUACAO","context":{"rowNumber":2899,"points":0,"cnpj":"00000000000000","saleId":"3357343A","executiveName":"Miguel Jenotti"}}
{"timestamp":"2026-03-10T22:41:07.731Z","importId":1,"level":"WARN","message":"Linha 2900: Pontuação é 0 ou null","category":"PONTUACAO","context":{"rowNumber":2900,"points":0,"cnpj":"22543516000115","saleId":"3354191A","executiveName":"Carlos Barbassa"}}
{"timestamp":"2026-03-10T22:41:07.733Z","importId":1,"level":"WARN","message":"Linha 2901: Pontuação é 0 ou null","category":"PONTUACAO","context":{"rowNumber":2901,"points":0,"cnpj":"22543516000115","saleId":"3354190A","executiveName":"Carlos Barbassa"}}
{"timestamp":"2026-03-10T22:41:07.734Z","importId":1,"level":"WARN","message":"Linha 2902: Pontuação é 0 ou null","category":"PONTUACAO","context":{"rowNumber":2902,"points":0,"cnpj":"22543516000115","saleId":"3354189A","executiveName":"Carlos Barbassa"}}
{"timestamp":"2026-03-10T22:41:07.736Z","importId":1,"level":"WARN","message":"Linha 2903: Pontuação é 0 ou null","category":"PONTUACAO","context":{"rowNumber":2903,"points":0,"cnpj":"22543516000115","saleId":"3354188A","executiveName":"Carlos Barbassa"}}
{"timestamp":"2026-03-10T22:41:07.743Z","importId":1,"level":"WARN","message":"Linha 2906: Pontuação é 0 ou null","category":"PONTUACAO","context":{"rowNumber":2906,"points":0,"cnpj":"27589450000118","saleId":"3353725A","executiveName":"Andrea Cordovil"}}
{"timestamp":"2026-03-10T22:41:07.747Z","importId":1,"level":"WARN","message":"Linha 2907: Pontuação é 0 ou null","category":"PONTUACAO","context":{"rowNumber":2907,"points":0,"cnpj":"23946694000150","saleId":"3353723A","executiveName":"Andrea Cordovil"}}
{"timestamp":"2026-03-10T22:41:07.750Z","importId":1,"level":"WARN","message":"Linha 2908: Pontuação é 0 ou null","category":"PONTUACAO","context":{"rowNumber":2908,"points":0,"cnpj":"02708513000187","saleId":"3353713A","executiveName":"Pasquale Neto"}}
{"timestamp":"2026-03-10T22:41:07.753Z","importId":1,"level":"WARN","message":"Linha 2909: Pontuação é 0 ou null","category":"PONTUACAO","context":{"rowNumber":2909,"points":0,"cnpj":"58758327000107","saleId":"3353712A","executiveName":"Pasquale Neto"}}
{"timestamp":"2026-03-10T22:41:07.757Z","importId":1,"level":"WARN","message":"Linha 2911: Pontuação é 0 ou null","category":"PONTUACAO","context":{"rowNumber":2911,"points":0,"cnpj":"41369871000164","saleId":"3353698A","executiveName":"Marlon Wander"}}
{"timestamp":"2026-03-10T22:41:07.759Z","importId":1,"level":"WARN","message":"Linha 2912: Pontuação é 0 ou null","category":"PONTUACAO","context":{"rowNumber":2912,"points":0,"cnpj":"41369871000164","saleId":"3353697A","executiveName":"Marlon Wander"}}
{"timestamp":"2026-03-10T22:41:07.762Z","importId":1,"level":"WARN","message":"Linha 2913: Pontuação é 0 ou null","category":"PONTUACAO","context":{"rowNumber":2913,"points":0,"cnpj":"41369871000164","saleId":"3353694A","executiveName":"Marlon Wander"}}
{"timestamp":"2026-03-10T22:41:07.764Z","importId":1,"level":"WARN","message":"Linha 2914: Pontuação é 0 ou null","category":"PONTUACAO","context":{"rowNumber":2914,"points":0,"cnpj":"24194791000104","saleId":"3353648A","executiveName":"Elzo Nogueira"}}
{"timestamp":"2026-03-10T22:41:07.767Z","importId":1,"level":"WARN","message":"Linha 2915: Pontuação é 0 ou null","category":"PONTUACAO","context":{"rowNumber":2915,"points":0,"cnpj":"24194791000104","saleId":"3353647A","executiveName":"Elzo Nogueira"}}
{"timestamp":"2026-03-10T22:41:07.769Z","importId":1,"level":"WARN","message":"Linha 2916: Pontuação é 0 ou null","category":"PONTUACAO","context":{"rowNumber":2916,"points":0,"cnpj":"24194791000104","saleId":"3353646A","executiveName":"Elzo Nogueira"}}
{"timestamp":"2026-03-10T22:41:07.771Z","importId":1,"level":"WARN","message":"Linha 2917: Pontuação é 0 ou null","category":"PONTUACAO","context":{"rowNumber":2917,"points":0,"cnpj":"24194791000104","saleId":"3353625A","executiveName":"Elzo Nogueira"}}
{"timestamp":"2026-03-10T22:41:07.774Z","importId":1,"level":"WARN","message":"Linha 2918: Pontuação é 0 ou null","category":"PONTUACAO","context":{"rowNumber":2918,"points":0,"cnpj":"17519446000120","saleId":"3353620A","executiveName":"Ricardo Morais"}}
{"timestamp":"2026-03-10T22:41:07.777Z","importId":1,"level":"WARN","message":"Linha 2919: Pontuação é 0 ou null","category":"PONTUACAO","context":{"rowNumber":2919,"points":0,"cnpj":"24869123000121","saleId":"3353617A","executiveName":"Elza Lara"}}
{"timestamp":"2026-03-10T22:41:07.779Z","importId":1,"level":"WARN","message":"Linha 2920: Pontuação é 0 ou null","category":"PONTUACAO","context":{"rowNumber":2920,"points":0,"cnpj":"32081936000180","saleId":"3353612A","executiveName":"Carlos Barbassa"}}
{"timestamp":"2026-03-10T22:41:07.782Z","importId":1,"level":"WARN","message":"Linha 2921: Pontuação é 0 ou null","category":"PONTUACAO","context":{"rowNumber":2921,"points":0,"cnpj":"32081936000180","saleId":"3353601A","executiveName":"Carlos Barbassa"}}
{"timestamp":"2026-03-10T22:41:07.793Z","importId":1,"level":"WARN","message":"Linha 2928: Pontuação é 0 ou null","category":"PONTUACAO","context":{"rowNumber":2928,"points":0,"cnpj":"18483090000184","saleId":"3359913A","executiveName":"Ricardo Morais"}}
{"timestamp":"2026-03-10T22:41:07.796Z","importId":1,"level":"WARN","message":"Linha 2930: Pontuação é 0 ou null","category":"PONTUACAO","context":{"rowNumber":2930,"points":0,"cnpj":"52351640000140","saleId":"3353952A","executiveName":"Cristiano Dafre"}}
{"timestamp":"2026-03-10T22:41:07.843Z","importId":1,"level":"WARN","message":"Linha 2955: Pontuação é 0 ou null","category":"PONTUACAO","context":{"rowNumber":2955,"points":0,"cnpj":"18483090000184","saleId":"3359914A","executiveName":"Ricardo Morais"}}
{"timestamp":"2026-03-10T22:41:07.847Z","importId":1,"level":"WARN","message":"Linha 2956: Pontuação é 0 ou null","category":"PONTUACAO","context":{"rowNumber":2956,"points":0,"cnpj":"18483090000184","saleId":"3359915A","executiveName":"Ricardo Morais"}}
{"timestamp":"2026-03-10T22:41:07.849Z","importId":1,"level":"WARN","message":"Linha 2957: Pontuação é 0 ou null","category":"PONTUACAO","context":{"rowNumber":2957,"points":0,"cnpj":"18483090000184","saleId":"3359916A","executiveName":"Ricardo Morais"}}
{"timestamp":"2026-03-10T22:41:07.937Z","importId":1,"level":"WARN","message":"Linha 3009: Pontuação é 0 ou null","category":"PONTUACAO","context":{"rowNumber":3009,"points":0,"cnpj":"07068285000141","saleId":"3353594A","executiveName":"Ricardo Bueno"}}
{"timestamp":"2026-03-10T22:41:07.949Z","importId":1,"level":"WARN","message":"Linha 3015: Pontuação é 0 ou null","category":"PONTUACAO","context":{"rowNumber":3015,"points":0,"cnpj":"25965750000129","saleId":"3367900A","executiveName":"Marlon Wander"}}
{"timestamp":"2026-03-10T22:41:07.955Z","importId":1,"level":"WARN","message":"Linha 3018: Pontuação é 0 ou null","category":"PONTUACAO","context":{"rowNumber":3018,"points":0,"cnpj":"11619894000119","saleId":"3367869A","executiveName":"Armando Soares"}}
{"timestamp":"2026-03-10T22:41:07.962Z","importId":1,"level":"WARN","message":"Linha 3021: Pontuação é 0 ou null","category":"PONTUACAO","context":{"rowNumber":3021,"points":0,"cnpj":"11619894000119","saleId":"3367866A","executiveName":"Armando Soares"}}
{"timestamp":"2026-03-10T22:41:07.965Z","importId":1,"level":"WARN","message":"Linha 3023: Pontuação é 0 ou null","category":"PONTUACAO","context":{"rowNumber":3023,"points":0,"cnpj":"03539664000111","saleId":"3367834A","executiveName":"Carlos Barbassa"}}
{"timestamp":"2026-03-10T22:41:07.970Z","importId":1,"level":"WARN","message":"Linha 3025: Pontuação é 0 ou null","category":"PONTUACAO","context":{"rowNumber":3025,"points":0,"cnpj":"32351158000100","saleId":"3366201A","executiveName":"Roberto Garbin"}}
{"timestamp":"2026-03-10T22:41:07.974Z","importId":1,"level":"WARN","message":"Linha 3028: Pontuação é 0 ou null","category":"PONTUACAO","context":{"rowNumber":3028,"points":0,"cnpj":"15505790000487","saleId":"3365561A","executiveName":"Carlos Brito"}}
{"timestamp":"2026-03-10T22:41:07.976Z","importId":1,"level":"WARN","message":"Linha 3029: Pontuação é 0 ou null","category":"PONTUACAO","context":{"rowNumber":3029,"points":0,"cnpj":"08743507000147","saleId":"3365519A","executiveName":"Ricardo Morais"}}
{"timestamp":"2026-03-10T22:41:07.980Z","importId":1,"level":"WARN","message":"Linha 3031: Pontuação é 0 ou null","category":"PONTUACAO","context":{"rowNumber":3031,"points":0,"cnpj":"17447547000132","saleId":"3365497A","executiveName":"Gabriela Carvalho"}}
{"timestamp":"2026-03-10T22:41:07.985Z","importId":1,"level":"WARN","message":"Linha 3034: Pontuação é 0 ou null","category":"PONTUACAO","context":{"rowNumber":3034,"points":0,"cnpj":"42323806000160","saleId":"3359992A","executiveName":"Luana Fagundes"}}
{"timestamp":"2026-03-10T22:41:08.027Z","importId":1,"level":"WARN","message":"Linha 3063: Pontuação é 0 ou null","category":"PONTUACAO","context":{"rowNumber":3063,"points":0,"cnpj":"19154219000173","saleId":"3353589A","executiveName":"Andrea Cordovil"}}
{"timestamp":"2026-03-10T22:41:08.030Z","importId":1,"level":"WARN","message":"Linha 3064: Pontuação é 0 ou null","category":"PONTUACAO","context":{"rowNumber":3064,"points":0,"cnpj":"19154219000173","saleId":"3353587A","executiveName":"Andrea Cordovil"}}
{"timestamp":"2026-03-10T22:41:08.034Z","importId":1,"level":"WARN","message":"Linha 3065: Pontuação é 0 ou null","category":"PONTUACAO","context":{"rowNumber":3065,"points":0,"cnpj":"19154219000173","saleId":"3353585A","executiveName":"Andrea Cordovil"}}
{"timestamp":"2026-03-10T22:41:08.045Z","importId":1,"level":"WARN","message":"Linha 3071: Pontuação é 0 ou null","category":"PONTUACAO","context":{"rowNumber":3071,"points":0,"cnpj":"08624247000190","saleId":"3353369A","executiveName":"Carlos Barbassa"}}
{"timestamp":"2026-03-10T22:41:08.048Z","importId":1,"level":"WARN","message":"Linha 3072: Pontuação é 0 ou null","category":"PONTUACAO","context":{"rowNumber":3072,"points":0,"cnpj":"07709889000120","saleId":"3353368A","executiveName":"Carlos Brito"}}
{"timestamp":"2026-03-10T22:41:08.054Z","importId":1,"level":"WARN","message":"Linha 3073: Pontuação é 0 ou null","category":"PONTUACAO","context":{"rowNumber":3073,"points":0,"cnpj":"07709889000120","saleId":"3353367A","executiveName":"Carlos Brito"}}
{"timestamp":"2026-03-10T22:41:08.056Z","importId":1,"level":"WARN","message":"Linha 3074: Pontuação é 0 ou null","category":"PONTUACAO","context":{"rowNumber":3074,"points":0,"cnpj":"07709889000120","saleId":"3353366A","executiveName":"Carlos Brito"}}
{"timestamp":"2026-03-10T22:41:08.061Z","importId":1,"level":"WARN","message":"Linha 3075: Pontuação é 0 ou null","category":"PONTUACAO","context":{"rowNumber":3075,"points":0,"cnpj":"07709889000120","saleId":"3353365A","executiveName":"Carlos Brito"}}
{"timestamp":"2026-03-10T22:41:08.063Z","importId":1,"level":"WARN","message":"Linha 3076: Pontuação é 0 ou null","category":"PONTUACAO","context":{"rowNumber":3076,"points":0,"cnpj":"07709889000120","saleId":"3353364A","executiveName":"Carlos Brito"}}
{"timestamp":"2026-03-10T22:41:08.065Z","importId":1,"level":"WARN","message":"Linha 3077: Pontuação é 0 ou null","category":"PONTUACAO","context":{"rowNumber":3077,"points":0,"cnpj":"07709889000120","saleId":"3353363A","executiveName":"Carlos Brito"}}
{"timestamp":"2026-03-10T22:41:08.067Z","importId":1,"level":"WARN","message":"Linha 3079: Pontuação é 0 ou null","category":"PONTUACAO","context":{"rowNumber":3079,"points":0,"cnpj":"07709889000120","saleId":"3353361A","executiveName":"Carlos Brito"}}
{"timestamp":"2026-03-10T22:41:08.070Z","importId":1,"level":"WARN","message":"Linha 3080: Pontuação é 0 ou null","category":"PONTUACAO","context":{"rowNumber":3080,"points":0,"cnpj":"58739107000136","saleId":"3353358A","executiveName":"Andrea Cordovil"}}
{"timestamp":"2026-03-10T22:41:08.071Z","importId":1,"level":"WARN","message":"Linha 3081: Pontuação é 0 ou null","category":"PONTUACAO","context":{"rowNumber":3081,"points":0,"cnpj":"49912490000191","saleId":"3353356A","executiveName":"Carlos Barbassa"}}
{"timestamp":"2026-03-10T22:41:08.074Z","importId":1,"level":"WARN","message":"Linha 3082: Pontuação é 0 ou null","category":"PONTUACAO","context":{"rowNumber":3082,"points":0,"cnpj":"49912490000191","saleId":"3353355A","executiveName":"Carlos Barbassa"}}
{"timestamp":"2026-03-10T22:41:08.075Z","importId":1,"level":"WARN","message":"Linha 3083: Pontuação é 0 ou null","category":"PONTUACAO","context":{"rowNumber":3083,"points":0,"cnpj":"49912490000191","saleId":"3353354A","executiveName":"Carlos Barbassa"}}
{"timestamp":"2026-03-10T22:41:08.080Z","importId":1,"level":"WARN","message":"Linha 3084: Pontuação é 0 ou null","category":"PONTUACAO","context":{"rowNumber":3084,"points":0,"cnpj":"49912490000191","saleId":"3353353A","executiveName":"Carlos Barbassa"}}
{"timestamp":"2026-03-10T22:41:08.082Z","importId":1,"level":"WARN","message":"Linha 3085: Pontuação é 0 ou null","category":"PONTUACAO","context":{"rowNumber":3085,"points":0,"cnpj":"10440332000140","saleId":"3353344A","executiveName":"Elza Lara"}}
{"timestamp":"2026-03-10T22:41:08.085Z","importId":1,"level":"WARN","message":"Linha 3086: Pontuação é 0 ou null","category":"PONTUACAO","context":{"rowNumber":3086,"points":0,"cnpj":"17470982000188","saleId":"3353343A","executiveName":"Claudia Dias"}}
{"timestamp":"2026-03-10T22:41:08.088Z","importId":1,"level":"WARN","message":"Linha 3087: Pontuação é 0 ou null","category":"PONTUACAO","context":{"rowNumber":3087,"points":0,"cnpj":"00855835000123","saleId":"3353342A","executiveName":"Carlos Barbassa"}}
{"timestamp":"2026-03-10T22:41:08.090Z","importId":1,"level":"WARN","message":"Linha 3088: Pontuação é 0 ou null","category":"PONTUACAO","context":{"rowNumber":3088,"points":0,"cnpj":"67889741000146","saleId":"3353340A","executiveName":"Armando Soares"}}
{"timestamp":"2026-03-10T22:41:08.095Z","importId":1,"level":"WARN","message":"Linha 3090: Pontuação é 0 ou null","category":"PONTUACAO","context":{"rowNumber":3090,"points":0,"cnpj":"11820109000191","saleId":"3353338A","executiveName":"Soraya Romano"}}
{"timestamp":"2026-03-10T22:41:08.100Z","importId":1,"level":"WARN","message":"Linha 3092: Pontuação é 0 ou null","category":"PONTUACAO","context":{"rowNumber":3092,"points":0,"cnpj":"00966316000132","saleId":"3353378A","executiveName":"Cristiano Dafre"}}
{"timestamp":"2026-03-10T22:41:08.103Z","importId":1,"level":"WARN","message":"Linha 3093: Pontuação é 0 ou null","category":"PONTUACAO","context":{"rowNumber":3093,"points":0,"cnpj":"24194791000104","saleId":"3353405A","executiveName":"Elzo Nogueira"}}
{"timestamp":"2026-03-10T22:41:08.108Z","importId":1,"level":"WARN","message":"Linha 3095: Pontuação é 0 ou null","category":"PONTUACAO","context":{"rowNumber":3095,"points":0,"cnpj":"11812253000186","saleId":"3353403A","executiveName":"Grasiele Nascimento"}}
{"timestamp":"2026-03-10T22:41:08.110Z","importId":1,"level":"WARN","message":"Linha 3096: Pontuação é 0 ou null","category":"PONTUACAO","context":{"rowNumber":3096,"points":0,"cnpj":"20864548000197","saleId":"3353402A","executiveName":"Elza Lara"}}
{"timestamp":"2026-03-10T22:41:08.111Z","importId":1,"level":"WARN","message":"Linha 3097: Pontuação é 0 ou null","category":"PONTUACAO","context":{"rowNumber":3097,"points":0,"cnpj":"20864548000197","saleId":"3353401A","executiveName":"Elza Lara"}}
{"timestamp":"2026-03-10T22:41:08.115Z","importId":1,"level":"WARN","message":"Linha 3098: Pontuação é 0 ou null","category":"PONTUACAO","context":{"rowNumber":3098,"points":0,"cnpj":"07868518000190","saleId":"3353400A","executiveName":"Luana Fagundes"}}
{"timestamp":"2026-03-10T22:41:08.117Z","importId":1,"level":"WARN","message":"Linha 3099: Pontuação é 0 ou null","category":"PONTUACAO","context":{"rowNumber":3099,"points":0,"cnpj":"07868518000190","saleId":"3353399A","executiveName":"Luana Fagundes"}}
{"timestamp":"2026-03-10T22:41:08.120Z","importId":1,"level":"WARN","message":"Linha 3100: Pontuação é 0 ou null","category":"PONTUACAO","context":{"rowNumber":3100,"points":0,"cnpj":"74557760000130","saleId":"3353398A","executiveName":"Claudia Dias"}}
{"timestamp":"2026-03-10T22:41:08.122Z","importId":1,"level":"WARN","message":"Linha 3101: Pontuação é 0 ou null","category":"PONTUACAO","context":{"rowNumber":3101,"points":0,"cnpj":"04033961000153","saleId":"3353397A","executiveName":"Elza Lara"}}
{"timestamp":"2026-03-10T22:41:08.126Z","importId":1,"level":"WARN","message":"Linha 3103: Pontuação é 0 ou null","category":"PONTUACAO","context":{"rowNumber":3103,"points":0,"cnpj":"04033961000153","saleId":"3353395A","executiveName":"Elza Lara"}}
{"timestamp":"2026-03-10T22:41:08.142Z","importId":1,"level":"WARN","message":"Linha 3110: Pontuação é 0 ou null","category":"PONTUACAO","context":{"rowNumber":3110,"points":0,"cnpj":"33383480000176","saleId":"3353387A","executiveName":"Elza Lara"}}
{"timestamp":"2026-03-10T22:41:08.145Z","importId":1,"level":"WARN","message":"Linha 3111: Pontuação é 0 ou null","category":"PONTUACAO","context":{"rowNumber":3111,"points":0,"cnpj":"26273466000154","saleId":"3353386A","executiveName":"Marlon Wander"}}
{"timestamp":"2026-03-10T22:41:08.149Z","importId":1,"level":"WARN","message":"Linha 3113: Pontuação é 0 ou null","category":"PONTUACAO","context":{"rowNumber":3113,"points":0,"cnpj":"13691907000196","saleId":"3353381A","executiveName":"Ricardo Morais"}}
{"timestamp":"2026-03-10T22:41:08.152Z","importId":1,"level":"WARN","message":"Linha 3114: Pontuação é 0 ou null","category":"PONTUACAO","context":{"rowNumber":3114,"points":0,"cnpj":"13691907000196","saleId":"3353380A","executiveName":"Ricardo Morais"}}
{"timestamp":"2026-03-10T22:41:08.156Z","importId":1,"level":"WARN","message":"Linha 3116: Pontuação é 0 ou null","category":"PONTUACAO","context":{"rowNumber":3116,"points":0,"cnpj":"00966316000132","saleId":"3353377A","executiveName":"Cristiano Dafre"}}
{"timestamp":"2026-03-10T22:41:08.161Z","importId":1,"level":"WARN","message":"Linha 3118: Pontuação é 0 ou null","category":"PONTUACAO","context":{"rowNumber":3118,"points":0,"cnpj":"11820109000191","saleId":"3353337A","executiveName":"Soraya Romano"}}
{"timestamp":"2026-03-10T22:41:08.163Z","importId":1,"level":"WARN","message":"Linha 3119: Pontuação é 0 ou null","category":"PONTUACAO","context":{"rowNumber":3119,"points":0,"cnpj":"74538836000180","saleId":"3353335A","executiveName":"Rafaela Soares"}}
{"timestamp":"2026-03-10T22:41:08.209Z","importId":1,"level":"WARN","message":"Linha 3144: Pontuação é 0 ou null","category":"PONTUACAO","context":{"rowNumber":3144,"points":0,"cnpj":"21667914000180","saleId":"3353336A","executiveName":"Armando Soares"}}
{"timestamp":"2026-03-10T22:41:08.215Z","importId":1,"level":"WARN","message":"Linha 3147: Pontuação é 0 ou null","category":"PONTUACAO","context":{"rowNumber":3147,"points":0,"cnpj":"96194733000183","saleId":"3353331A","executiveName":"Ricardo Morais"}}
{"timestamp":"2026-03-10T22:41:08.220Z","importId":1,"level":"WARN","message":"Linha 3148: Pontuação é 0 ou null","category":"PONTUACAO","context":{"rowNumber":3148,"points":0,"cnpj":"08950874000111","saleId":"3353323A","executiveName":"Elza Lara"}}
{"timestamp":"2026-03-10T22:41:08.222Z","importId":1,"level":"WARN","message":"Linha 3149: Pontuação é 0 ou null","category":"PONTUACAO","context":{"rowNumber":3149,"points":0,"cnpj":"08950874000111","saleId":"3353322A","executiveName":"Elza Lara"}}
{"timestamp":"2026-03-10T22:41:08.224Z","importId":1,"level":"WARN","message":"Linha 3150: Pontuação é 0 ou null","category":"PONTUACAO","context":{"rowNumber":3150,"points":0,"cnpj":"57608093000159","saleId":"3353320A","executiveName":"Cristiano Dafre"}}
{"timestamp":"2026-03-10T22:41:08.261Z","importId":1,"level":"WARN","message":"Linha 3172: Pontuação é 0 ou null","category":"PONTUACAO","context":{"rowNumber":3172,"points":0,"cnpj":"24232538000190","saleId":"3353407A","executiveName":"Elza Lara"}}
{"timestamp":"2026-03-10T22:41:08.278Z","importId":1,"level":"WARN","message":"Linha 3182: Pontuação é 0 ou null","category":"PONTUACAO","context":{"rowNumber":3182,"points":0,"cnpj":"42500473000106","saleId":"3353482A","executiveName":"Gabriela Carvalho"}}
{"timestamp":"2026-03-10T22:41:08.280Z","importId":1,"level":"WARN","message":"Linha 3183: Pontuação é 0 ou null","category":"PONTUACAO","context":{"rowNumber":3183,"points":0,"cnpj":"42500473000106","saleId":"3353481A","executiveName":"Gabriela Carvalho"}}
{"timestamp":"2026-03-10T22:41:08.289Z","importId":1,"level":"WARN","message":"Linha 3188: Pontuação é 0 ou null","category":"PONTUACAO","context":{"rowNumber":3188,"points":0,"cnpj":"07182164000126","saleId":"3353476A","executiveName":"Walter Junior"}}
{"timestamp":"2026-03-10T22:41:08.292Z","importId":1,"level":"WARN","message":"Linha 3189: Pontuação é 0 ou null","category":"PONTUACAO","context":{"rowNumber":3189,"points":0,"cnpj":"07182164000126","saleId":"3353475A","executiveName":"Walter Junior"}}
{"timestamp":"2026-03-10T22:41:08.294Z","importId":1,"level":"WARN","message":"Linha 3190: Pontuação é 0 ou null","category":"PONTUACAO","context":{"rowNumber":3190,"points":0,"cnpj":"07182164000126","saleId":"3353474A","executiveName":"Walter Junior"}}
{"timestamp":"2026-03-10T22:41:08.296Z","importId":1,"level":"WARN","message":"Linha 3191: Pontuação é 0 ou null","category":"PONTUACAO","context":{"rowNumber":3191,"points":0,"cnpj":"07182164000126","saleId":"3353473A","executiveName":"Walter Junior"}}
{"timestamp":"2026-03-10T22:41:08.298Z","importId":1,"level":"WARN","message":"Linha 3192: Pontuação é 0 ou null","category":"PONTUACAO","context":{"rowNumber":3192,"points":0,"cnpj":"07182164000126","saleId":"3353472A","executiveName":"Walter Junior"}}
{"timestamp":"2026-03-10T22:41:08.301Z","importId":1,"level":"WARN","message":"Linha 3193: Pontuação é 0 ou null","category":"PONTUACAO","context":{"rowNumber":3193,"points":0,"cnpj":"07182164000126","saleId":"3353471A","executiveName":"Walter Junior"}}
{"timestamp":"2026-03-10T22:41:08.303Z","importId":1,"level":"WARN","message":"Linha 3194: Pontuação é 0 ou null","category":"PONTUACAO","context":{"rowNumber":3194,"points":0,"cnpj":"07182164000126","saleId":"3353470A","executiveName":"Walter Junior"}}
{"timestamp":"2026-03-10T22:41:08.305Z","importId":1,"level":"WARN","message":"Linha 3195: Pontuação é 0 ou null","category":"PONTUACAO","context":{"rowNumber":3195,"points":0,"cnpj":"07182164000126","saleId":"3353469A","executiveName":"Walter Junior"}}
{"timestamp":"2026-03-10T22:41:08.311Z","importId":1,"level":"WARN","message":"Linha 3196: Pontuação é 0 ou null","category":"PONTUACAO","context":{"rowNumber":3196,"points":0,"cnpj":"07182164000126","saleId":"3353468A","executiveName":"Walter Junior"}}
{"timestamp":"2026-03-10T22:41:08.314Z","importId":1,"level":"WARN","message":"Linha 3198: Pontuação é 0 ou null","category":"PONTUACAO","context":{"rowNumber":3198,"points":0,"cnpj":"07182164000126","saleId":"3353467A","executiveName":"Walter Junior"}}
{"timestamp":"2026-03-10T22:41:08.320Z","importId":1,"level":"WARN","message":"Linha 3201: Pontuação é 0 ou null","category":"PONTUACAO","context":{"rowNumber":3201,"points":0,"cnpj":"22544432000104","saleId":"3353583A","executiveName":"Marlon Wander"}}
{"timestamp":"2026-03-10T22:41:08.323Z","importId":1,"level":"WARN","message":"Linha 3202: Pontuação é 0 ou null","category":"PONTUACAO","context":{"rowNumber":3202,"points":0,"cnpj":"22544432000104","saleId":"3353582A","executiveName":"Marlon Wander"}}
{"timestamp":"2026-03-10T22:41:08.370Z","importId":1,"level":"WARN","message":"Linha 3225: Pontuação é 0 ou null","category":"PONTUACAO","context":{"rowNumber":3225,"points":0,"cnpj":"24232538000190","saleId":"3353408A","executiveName":"Elza Lara"}}
{"timestamp":"2026-03-10T22:41:08.375Z","importId":1,"level":"WARN","message":"Linha 3226: Pontuação é 0 ou null","category":"PONTUACAO","context":{"rowNumber":3226,"points":0,"cnpj":"07182164000126","saleId":"3353466A","executiveName":"Walter Junior"}}
{"timestamp":"2026-03-10T22:41:08.377Z","importId":1,"level":"WARN","message":"Linha 3227: Pontuação é 0 ou null","category":"PONTUACAO","context":{"rowNumber":3227,"points":0,"cnpj":"07182164000126","saleId":"3353464A","executiveName":"Walter Junior"}}
{"timestamp":"2026-03-10T22:41:08.381Z","importId":1,"level":"WARN","message":"Linha 3228: Pontuação é 0 ou null","category":"PONTUACAO","context":{"rowNumber":3228,"points":0,"cnpj":"39463163000146","saleId":"3353436A","executiveName":"Armando Soares"}}
{"timestamp":"2026-03-10T22:41:08.384Z","importId":1,"level":"WARN","message":"Linha 3229: Pontuação é 0 ou null","category":"PONTUACAO","context":{"rowNumber":3229,"points":0,"cnpj":"39319043000170","saleId":"3353435A","executiveName":"Elza Lara"}}
{"timestamp":"2026-03-10T22:41:08.388Z","importId":1,"level":"WARN","message":"Linha 3230: Pontuação é 0 ou null","category":"PONTUACAO","context":{"rowNumber":3230,"points":0,"cnpj":"39319043000170","saleId":"3353434A","executiveName":"Elza Lara"}}
{"timestamp":"2026-03-10T22:41:08.401Z","importId":1,"level":"WARN","message":"Linha 3238: Pontuação é 0 ou null","category":"PONTUACAO","context":{"rowNumber":3238,"points":0,"cnpj":"32918570000151","saleId":"3353426A","executiveName":"Leonardo Ligabo"}}
{"timestamp":"2026-03-10T22:41:08.407Z","importId":1,"level":"WARN","message":"Linha 3240: Pontuação é 0 ou null","category":"PONTUACAO","context":{"rowNumber":3240,"points":0,"cnpj":"32734735000135","saleId":"3353423A","executiveName":"Cristiano Dafre"}}
{"timestamp":"2026-03-10T22:41:08.410Z","importId":1,"level":"WARN","message":"Linha 3241: Pontuação é 0 ou null","category":"PONTUACAO","context":{"rowNumber":3241,"points":0,"cnpj":"32734735000135","saleId":"3353422A","executiveName":"Cristiano Dafre"}}
{"timestamp":"2026-03-10T22:41:08.412Z","importId":1,"level":"WARN","message":"Linha 3242: Pontuação é 0 ou null","category":"PONTUACAO","context":{"rowNumber":3242,"points":0,"cnpj":"32734735000135","saleId":"3353421A","executiveName":"Cristiano Dafre"}}
{"timestamp":"2026-03-10T22:41:08.414Z","importId":1,"level":"WARN","message":"Linha 3243: Pontuação é 0 ou null","category":"PONTUACAO","context":{"rowNumber":3243,"points":0,"cnpj":"32734735000135","saleId":"3353420A","executiveName":"Cristiano Dafre"}}
{"timestamp":"2026-03-10T22:41:08.417Z","importId":1,"level":"WARN","message":"Linha 3244: Pontuação é 0 ou null","category":"PONTUACAO","context":{"rowNumber":3244,"points":0,"cnpj":"32734735000135","saleId":"3353419A","executiveName":"Cristiano Dafre"}}
{"timestamp":"2026-03-10T22:41:08.426Z","importId":1,"level":"WARN","message":"Linha 3248: Pontuação é 0 ou null","category":"PONTUACAO","context":{"rowNumber":3248,"points":0,"cnpj":"30832037000147","saleId":"3353413A","executiveName":"Cristiano Dafre"}}
{"timestamp":"2026-03-10T22:41:08.430Z","importId":1,"level":"WARN","message":"Linha 3249: Pontuação é 0 ou null","category":"PONTUACAO","context":{"rowNumber":3249,"points":0,"cnpj":"29215726000123","saleId":"3353412A","executiveName":"Ricardo Morais"}}
{"timestamp":"2026-03-10T22:41:08.433Z","importId":1,"level":"WARN","message":"Linha 3251: Pontuação é 0 ou null","category":"PONTUACAO","context":{"rowNumber":3251,"points":0,"cnpj":"39463163000146","saleId":"3353437A","executiveName":"Armando Soares"}}
{"timestamp":"2026-03-10T22:41:08.436Z","importId":1,"level":"WARN","message":"Linha 3252: Pontuação é 0 ou null","category":"PONTUACAO","context":{"rowNumber":3252,"points":0,"cnpj":"07182164000126","saleId":"3353465A","executiveName":"Walter Junior"}}
{"timestamp":"2026-03-10T22:41:08.440Z","importId":1,"level":"WARN","message":"Linha 3253: Pontuação é 0 ou null","category":"PONTUACAO","context":{"rowNumber":3253,"points":0,"cnpj":"39463163000146","saleId":"3353438A","executiveName":"Armando Soares"}}
{"timestamp":"2026-03-10T22:41:08.441Z","importId":1,"level":"WARN","message":"Linha 3254: Pontuação é 0 ou null","category":"PONTUACAO","context":{"rowNumber":3254,"points":0,"cnpj":"39463163000146","saleId":"3353440A","executiveName":"Armando Soares"}}
{"timestamp":"2026-03-10T22:41:08.444Z","importId":1,"level":"WARN","message":"Linha 3255: Pontuação é 0 ou null","category":"PONTUACAO","context":{"rowNumber":3255,"points":0,"cnpj":"07182164000126","saleId":"3353463A","executiveName":"Walter Junior"}}
{"timestamp":"2026-03-10T22:41:08.448Z","importId":1,"level":"WARN","message":"Linha 3256: Pontuação é 0 ou null","category":"PONTUACAO","context":{"rowNumber":3256,"points":0,"cnpj":"57426975000101","saleId":"3353462A","executiveName":"Miguel Jenotti"}}
{"timestamp":"2026-03-10T22:41:08.455Z","importId":1,"level":"WARN","message":"Linha 3259: Pontuação é 0 ou null","category":"PONTUACAO","context":{"rowNumber":3259,"points":0,"cnpj":"03703591000151","saleId":"3353459A","executiveName":"Miguel Jenotti"}}
{"timestamp":"2026-03-10T22:41:08.457Z","importId":1,"level":"WARN","message":"Linha 3260: Pontuação é 0 ou null","category":"PONTUACAO","context":{"rowNumber":3260,"points":0,"cnpj":"03703591000151","saleId":"3353458A","executiveName":"Miguel Jenotti"}}
{"timestamp":"2026-03-10T22:41:08.460Z","importId":1,"level":"WARN","message":"Linha 3262: Pontuação é 0 ou null","category":"PONTUACAO","context":{"rowNumber":3262,"points":0,"cnpj":"44265561000198","saleId":"3353456A","executiveName":"Pasquale Neto"}}
{"timestamp":"2026-03-10T22:41:08.462Z","importId":1,"level":"WARN","message":"Linha 3263: Pontuação é 0 ou null","category":"PONTUACAO","context":{"rowNumber":3263,"points":0,"cnpj":"39463163000146","saleId":"3353455A","executiveName":"Armando Soares"}}
{"timestamp":"2026-03-10T22:41:08.466Z","importId":1,"level":"WARN","message":"Linha 3264: Pontuação é 0 ou null","category":"PONTUACAO","context":{"rowNumber":3264,"points":0,"cnpj":"39463163000146","saleId":"3353454A","executiveName":"Armando Soares"}}
{"timestamp":"2026-03-10T22:41:08.469Z","importId":1,"level":"WARN","message":"Linha 3265: Pontuação é 0 ou null","category":"PONTUACAO","context":{"rowNumber":3265,"points":0,"cnpj":"39463163000146","saleId":"3353453A","executiveName":"Armando Soares"}}
{"timestamp":"2026-03-10T22:41:08.471Z","importId":1,"level":"WARN","message":"Linha 3266: Pontuação é 0 ou null","category":"PONTUACAO","context":{"rowNumber":3266,"points":0,"cnpj":"39463163000146","saleId":"3353452A","executiveName":"Armando Soares"}}
{"timestamp":"2026-03-10T22:41:08.473Z","importId":1,"level":"WARN","message":"Linha 3267: Pontuação é 0 ou null","category":"PONTUACAO","context":{"rowNumber":3267,"points":0,"cnpj":"39463163000146","saleId":"3353451A","executiveName":"Armando Soares"}}
{"timestamp":"2026-03-10T22:41:08.475Z","importId":1,"level":"WARN","message":"Linha 3268: Pontuação é 0 ou null","category":"PONTUACAO","context":{"rowNumber":3268,"points":0,"cnpj":"39463163000146","saleId":"3353450A","executiveName":"Armando Soares"}}
{"timestamp":"2026-03-10T22:41:08.480Z","importId":1,"level":"WARN","message":"Linha 3269: Pontuação é 0 ou null","category":"PONTUACAO","context":{"rowNumber":3269,"points":0,"cnpj":"39463163000146","saleId":"3353449A","executiveName":"Armando Soares"}}
{"timestamp":"2026-03-10T22:41:08.481Z","importId":1,"level":"WARN","message":"Linha 3270: Pontuação é 0 ou null","category":"PONTUACAO","context":{"rowNumber":3270,"points":0,"cnpj":"39463163000146","saleId":"3353448A","executiveName":"Armando Soares"}}
{"timestamp":"2026-03-10T22:41:08.484Z","importId":1,"level":"WARN","message":"Linha 3271: Pontuação é 0 ou null","category":"PONTUACAO","context":{"rowNumber":3271,"points":0,"cnpj":"39463163000146","saleId":"3353447A","executiveName":"Armando Soares"}}
{"timestamp":"2026-03-10T22:41:08.487Z","importId":1,"level":"WARN","message":"Linha 3272: Pontuação é 0 ou null","category":"PONTUACAO","context":{"rowNumber":3272,"points":0,"cnpj":"39463163000146","saleId":"3353446A","executiveName":"Armando Soares"}}
{"timestamp":"2026-03-10T22:41:08.489Z","importId":1,"level":"WARN","message":"Linha 3273: Pontuação é 0 ou null","category":"PONTUACAO","context":{"rowNumber":3273,"points":0,"cnpj":"39463163000146","saleId":"3353445A","executiveName":"Armando Soares"}}
{"timestamp":"2026-03-10T22:41:08.491Z","importId":1,"level":"WARN","message":"Linha 3274: Pontuação é 0 ou null","category":"PONTUACAO","context":{"rowNumber":3274,"points":0,"cnpj":"39463163000146","saleId":"3353444A","executiveName":"Armando Soares"}}
{"timestamp":"2026-03-10T22:41:08.496Z","importId":1,"level":"WARN","message":"Linha 3275: Pontuação é 0 ou null","category":"PONTUACAO","context":{"rowNumber":3275,"points":0,"cnpj":"39463163000146","saleId":"3353443A","executiveName":"Armando Soares"}}
{"timestamp":"2026-03-10T22:41:08.501Z","importId":1,"level":"WARN","message":"Linha 3276: Pontuação é 0 ou null","category":"PONTUACAO","context":{"rowNumber":3276,"points":0,"cnpj":"39463163000146","saleId":"3353442A","executiveName":"Armando Soares"}}
{"timestamp":"2026-03-10T22:41:08.503Z","importId":1,"level":"WARN","message":"Linha 3277: Pontuação é 0 ou null","category":"PONTUACAO","context":{"rowNumber":3277,"points":0,"cnpj":"39463163000146","saleId":"3353441A","executiveName":"Armando Soares"}}
{"timestamp":"2026-03-10T22:41:08.504Z","importId":1,"level":"WARN","message":"Linha 3278: Pontuação é 0 ou null","category":"PONTUACAO","context":{"rowNumber":3278,"points":0,"cnpj":"39463163000146","saleId":"3353439A","executiveName":"Armando Soares"}}
{"timestamp":"2026-03-10T22:41:08.719Z","importId":1,"level":"WARN","message":"Linha 3388: Pontuação é 0 ou null","category":"PONTUACAO","context":{"rowNumber":3388,"points":0,"cnpj":"79379491000183","saleId":"3351678A","executiveName":"Marlon Wander"}}
{"timestamp":"2026-03-10T22:41:08.807Z","importId":1,"level":"WARN","message":"Linha 3443: Pontuação é 0 ou null","category":"PONTUACAO","context":{"rowNumber":3443,"points":0,"cnpj":"87003740753","saleId":"3351706A","executiveName":"Elza Lara"}}
{"timestamp":"2026-03-10T22:41:08.811Z","importId":1,"level":"WARN","message":"Linha 3444: Pontuação é 0 ou null","category":"PONTUACAO","context":{"rowNumber":3444,"points":0,"cnpj":"22730853000111","saleId":"3351705A","executiveName":"Elza Lara"}}
{"timestamp":"2026-03-10T22:41:08.815Z","importId":1,"level":"WARN","message":"Linha 3445: Pontuação é 0 ou null","category":"PONTUACAO","context":{"rowNumber":3445,"points":0,"cnpj":"22730853000111","saleId":"3351704A","executiveName":"Elza Lara"}}
{"timestamp":"2026-03-10T22:41:08.817Z","importId":1,"level":"WARN","message":"Linha 3446: Pontuação é 0 ou null","category":"PONTUACAO","context":{"rowNumber":3446,"points":0,"cnpj":"22730853000111","saleId":"3351703A","executiveName":"Elza Lara"}}
{"timestamp":"2026-03-10T22:41:08.819Z","importId":1,"level":"WARN","message":"Linha 3447: Pontuação é 0 ou null","category":"PONTUACAO","context":{"rowNumber":3447,"points":0,"cnpj":"22730853000111","saleId":"3351702A","executiveName":"Elza Lara"}}
{"timestamp":"2026-03-10T22:41:08.821Z","importId":1,"level":"WARN","message":"Linha 3448: Pontuação é 0 ou null","category":"PONTUACAO","context":{"rowNumber":3448,"points":0,"cnpj":"22730853000111","saleId":"3351701A","executiveName":"Elza Lara"}}
{"timestamp":"2026-03-10T22:41:08.824Z","importId":1,"level":"WARN","message":"Linha 3449: Pontuação é 0 ou null","category":"PONTUACAO","context":{"rowNumber":3449,"points":0,"cnpj":"22730853000111","saleId":"3351700A","executiveName":"Elza Lara"}}
{"timestamp":"2026-03-10T22:41:08.839Z","importId":1,"level":"WARN","message":"Linha 3454: Pontuação é 0 ou null","category":"PONTUACAO","context":{"rowNumber":3454,"points":0,"cnpj":"03531680000168","saleId":"3351694A","executiveName":"Rafaela Soares"}}
{"timestamp":"2026-03-10T22:41:08.846Z","importId":1,"level":"WARN","message":"Linha 3455: Pontuação é 0 ou null","category":"PONTUACAO","context":{"rowNumber":3455,"points":0,"cnpj":"03531680000168","saleId":"3351693A","executiveName":"Rafaela Soares"}}
{"timestamp":"2026-03-10T22:41:08.856Z","importId":1,"level":"WARN","message":"Linha 3460: Pontuação é 0 ou null","category":"PONTUACAO","context":{"rowNumber":3460,"points":0,"cnpj":"04424544000131","saleId":"3351684A","executiveName":"Carlos Brito"}}
{"timestamp":"2026-03-10T22:41:08.865Z","importId":1,"level":"WARN","message":"Linha 3466: Pontuação é 0 ou null","category":"PONTUACAO","context":{"rowNumber":3466,"points":0,"cnpj":"87003740753","saleId":"3351707A","executiveName":"Elza Lara"}}
{"timestamp":"2026-03-10T22:41:08.870Z","importId":1,"level":"WARN","message":"Linha 3468: Pontuação é 0 ou null","category":"PONTUACAO","context":{"rowNumber":3468,"points":0,"cnpj":"42845157991","saleId":"3351714A","executiveName":"Elza Lara"}}
{"timestamp":"2026-03-10T22:41:08.872Z","importId":1,"level":"WARN","message":"Linha 3469: Pontuação é 0 ou null","category":"PONTUACAO","context":{"rowNumber":3469,"points":0,"cnpj":"38097927000164","saleId":"3351716A","executiveName":"Carlos Barbassa"}}
{"timestamp":"2026-03-10T22:41:08.884Z","importId":1,"level":"WARN","message":"Linha 3475: Pontuação é 0 ou null","category":"PONTUACAO","context":{"rowNumber":3475,"points":0,"cnpj":"54830049000109","saleId":"3351745A","executiveName":"Grasiele Nascimento"}}
{"timestamp":"2026-03-10T22:41:08.902Z","importId":1,"level":"WARN","message":"Linha 3487: Pontuação é 0 ou null","category":"PONTUACAO","context":{"rowNumber":3487,"points":0,"cnpj":"20929210000176","saleId":"3351724A","executiveName":"Gabriela Carvalho"}}
{"timestamp":"2026-03-10T22:41:08.905Z","importId":1,"level":"WARN","message":"Linha 3488: Pontuação é 0 ou null","category":"PONTUACAO","context":{"rowNumber":3488,"points":0,"cnpj":"39128210000103","saleId":"3351721A","executiveName":"Elza Lara"}}
{"timestamp":"2026-03-10T22:41:08.906Z","importId":1,"level":"WARN","message":"Linha 3489: Pontuação é 0 ou null","category":"PONTUACAO","context":{"rowNumber":3489,"points":0,"cnpj":"39128210000103","saleId":"3351720A","executiveName":"Elza Lara"}}
{"timestamp":"2026-03-10T22:41:08.909Z","importId":1,"level":"WARN","message":"Linha 3490: Pontuação é 0 ou null","category":"PONTUACAO","context":{"rowNumber":3490,"points":0,"cnpj":"39128210000103","saleId":"3351719A","executiveName":"Elza Lara"}}
{"timestamp":"2026-03-10T22:41:08.911Z","importId":1,"level":"WARN","message":"Linha 3491: Pontuação é 0 ou null","category":"PONTUACAO","context":{"rowNumber":3491,"points":0,"cnpj":"04420274000190","saleId":"3351718A","executiveName":"Elza Lara"}}
{"timestamp":"2026-03-10T22:41:11.437Z","importId":1,"level":"WARN","message":"Linha 4978: Pontuação é 0 ou null","category":"PONTUACAO","context":{"rowNumber":4978,"points":0,"cnpj":"59717926000145","saleId":"3360038A","executiveName":"Ronaldo Coelho"}}
{"timestamp":"2026-03-10T22:41:11.442Z","importId":1,"level":"WARN","message":"Linha 4980: Pontuação é 0 ou null","category":"PONTUACAO","context":{"rowNumber":4980,"points":0,"cnpj":"58423229000119","saleId":"3356948A","executiveName":"Miguel Jenotti"}}
{"timestamp":"2026-03-10T22:41:11.445Z","importId":1,"level":"WARN","message":"Linha 4981: Pontuação é 0 ou null","category":"PONTUACAO","context":{"rowNumber":4981,"points":0,"cnpj":"48415020000150","saleId":"3356947A","executiveName":"William Silva"}}
{"timestamp":"2026-03-10T22:41:11.448Z","importId":1,"level":"WARN","message":"Linha 4982: Pontuação é 0 ou null","category":"PONTUACAO","context":{"rowNumber":4982,"points":0,"cnpj":"48415020000150","saleId":"3356946A","executiveName":"William Silva"}}
{"timestamp":"2026-03-10T22:41:11.451Z","importId":1,"level":"WARN","message":"Linha 4983: Pontuação é 0 ou null","category":"PONTUACAO","context":{"rowNumber":4983,"points":0,"cnpj":"74557760000130","saleId":"3356945A","executiveName":"Claudia Dias"}}
{"timestamp":"2026-03-10T22:41:11.453Z","importId":1,"level":"WARN","message":"Linha 4984: Pontuação é 0 ou null","category":"PONTUACAO","context":{"rowNumber":4984,"points":0,"cnpj":"03173094000199","saleId":"3356944A","executiveName":"Gabriela Carvalho"}}
{"timestamp":"2026-03-10T22:41:11.458Z","importId":1,"level":"WARN","message":"Linha 4985: Pontuação é 0 ou null","category":"PONTUACAO","context":{"rowNumber":4985,"points":0,"cnpj":"57340580000183","saleId":"3356937A","executiveName":"Marlon Wander"}}
{"timestamp":"2026-03-10T22:41:11.459Z","importId":1,"level":"WARN","message":"Linha 4986: Pontuação é 0 ou null","category":"PONTUACAO","context":{"rowNumber":4986,"points":0,"cnpj":"52652039000197","saleId":"3356936A","executiveName":"Ricardo Morais"}}
{"timestamp":"2026-03-10T22:41:11.461Z","importId":1,"level":"WARN","message":"Linha 4987: Pontuação é 0 ou null","category":"PONTUACAO","context":{"rowNumber":4987,"points":0,"cnpj":"07888535000190","saleId":"3356934A","executiveName":"Cristiano Dafre"}}
{"timestamp":"2026-03-10T22:41:11.464Z","importId":1,"level":"WARN","message":"Linha 4988: Pontuação é 0 ou null","category":"PONTUACAO","context":{"rowNumber":4988,"points":0,"cnpj":"07709889000120","saleId":"3356933A","executiveName":"Carlos Brito"}}
{"timestamp":"2026-03-10T22:41:11.468Z","importId":1,"level":"WARN","message":"Linha 4989: Pontuação é 0 ou null","category":"PONTUACAO","context":{"rowNumber":4989,"points":0,"cnpj":"29944382000193","saleId":"3356917A","executiveName":"Clarissa Cavalheiro"}}
{"timestamp":"2026-03-10T22:41:11.473Z","importId":1,"level":"WARN","message":"Linha 4992: Pontuação é 0 ou null","category":"PONTUACAO","context":{"rowNumber":4992,"points":0,"cnpj":"00264550000118","saleId":"3356952A","executiveName":"Elza Lara"}}
{"timestamp":"2026-03-10T22:41:11.500Z","importId":1,"level":"WARN","message":"Linha 5007: Pontuação é 0 ou null","category":"PONTUACAO","context":{"rowNumber":5007,"points":0,"cnpj":"44247693000197","saleId":"3356953A","executiveName":"Cristiano Dafre"}}
{"timestamp":"2026-03-10T22:41:11.503Z","importId":1,"level":"WARN","message":"Linha 5008: Pontuação é 0 ou null","category":"PONTUACAO","context":{"rowNumber":5008,"points":0,"cnpj":"43398083000121","saleId":"3356954A","executiveName":"Karla Reis"}}
{"timestamp":"2026-03-10T22:41:11.506Z","importId":1,"level":"WARN","message":"Linha 5009: Pontuação é 0 ou null","category":"PONTUACAO","context":{"rowNumber":5009,"points":0,"cnpj":"55092033000109","saleId":"3356959A","executiveName":"Leonardo Ligabo"}}
{"timestamp":"2026-03-10T22:41:11.509Z","importId":1,"level":"WARN","message":"Linha 5010: Pontuação é 0 ou null","category":"PONTUACAO","context":{"rowNumber":5010,"points":0,"cnpj":"49832366000116","saleId":"3357328A","executiveName":"Claudia Dias"}}
{"timestamp":"2026-03-10T22:41:11.513Z","importId":1,"level":"WARN","message":"Linha 5011: Pontuação é 0 ou null","category":"PONTUACAO","context":{"rowNumber":5011,"points":0,"cnpj":"49832366000116","saleId":"3357327A","executiveName":"Claudia Dias"}}
{"timestamp":"2026-03-10T22:41:11.515Z","importId":1,"level":"WARN","message":"Linha 5012: Pontuação é 0 ou null","category":"PONTUACAO","context":{"rowNumber":5012,"points":0,"cnpj":"49832366000116","saleId":"3357326A","executiveName":"Claudia Dias"}}
{"timestamp":"2026-03-10T22:41:11.519Z","importId":1,"level":"WARN","message":"Linha 5013: Pontuação é 0 ou null","category":"PONTUACAO","context":{"rowNumber":5013,"points":0,"cnpj":"49832366000116","saleId":"3357325A","executiveName":"Claudia Dias"}}
{"timestamp":"2026-03-10T22:41:11.521Z","importId":1,"level":"WARN","message":"Linha 5014: Pontuação é 0 ou null","category":"PONTUACAO","context":{"rowNumber":5014,"points":0,"cnpj":"49832366000116","saleId":"3357324A","executiveName":"Claudia Dias"}}
{"timestamp":"2026-03-10T22:41:11.525Z","importId":1,"level":"WARN","message":"Linha 5015: Pontuação é 0 ou null","category":"PONTUACAO","context":{"rowNumber":5015,"points":0,"cnpj":"49832366000116","saleId":"3357323A","executiveName":"Claudia Dias"}}
{"timestamp":"2026-03-10T22:41:11.527Z","importId":1,"level":"WARN","message":"Linha 5016: Pontuação é 0 ou null","category":"PONTUACAO","context":{"rowNumber":5016,"points":0,"cnpj":"56917909000163","saleId":"3357320A","executiveName":"Carlos Barbassa"}}
{"timestamp":"2026-03-10T22:41:11.530Z","importId":1,"level":"WARN","message":"Linha 5017: Pontuação é 0 ou null","category":"PONTUACAO","context":{"rowNumber":5017,"points":0,"cnpj":"56917909000163","saleId":"3357319A","executiveName":"Carlos Barbassa"}}
{"timestamp":"2026-03-10T22:41:11.532Z","importId":1,"level":"WARN","message":"Linha 5018: Pontuação é 0 ou null","category":"PONTUACAO","context":{"rowNumber":5018,"points":0,"cnpj":"56917909000163","saleId":"3357318A","executiveName":"Carlos Barbassa"}}
{"timestamp":"2026-03-10T22:41:11.535Z","importId":1,"level":"WARN","message":"Linha 5019: Pontuação é 0 ou null","category":"PONTUACAO","context":{"rowNumber":5019,"points":0,"cnpj":"56917909000163","saleId":"3357317A","executiveName":"Carlos Barbassa"}}
{"timestamp":"2026-03-10T22:41:11.538Z","importId":1,"level":"WARN","message":"Linha 5020: Pontuação é 0 ou null","category":"PONTUACAO","context":{"rowNumber":5020,"points":0,"cnpj":"56917909000163","saleId":"3357316A","executiveName":"Carlos Barbassa"}}
{"timestamp":"2026-03-10T22:41:11.542Z","importId":1,"level":"WARN","message":"Linha 5021: Pontuação é 0 ou null","category":"PONTUACAO","context":{"rowNumber":5021,"points":0,"cnpj":"56917909000163","saleId":"3357315A","executiveName":"Carlos Barbassa"}}
{"timestamp":"2026-03-10T22:41:11.544Z","importId":1,"level":"WARN","message":"Linha 5022: Pontuação é 0 ou null","category":"PONTUACAO","context":{"rowNumber":5022,"points":0,"cnpj":"56917909000163","saleId":"3357314A","executiveName":"Carlos Barbassa"}}
{"timestamp":"2026-03-10T22:41:11.546Z","importId":1,"level":"WARN","message":"Linha 5023: Pontuação é 0 ou null","category":"PONTUACAO","context":{"rowNumber":5023,"points":0,"cnpj":"56917909000163","saleId":"3357313A","executiveName":"Carlos Barbassa"}}
{"timestamp":"2026-03-10T22:41:11.548Z","importId":1,"level":"WARN","message":"Linha 5024: Pontuação é 0 ou null","category":"PONTUACAO","context":{"rowNumber":5024,"points":0,"cnpj":"56917909000163","saleId":"3357312A","executiveName":"Carlos Barbassa"}}
{"timestamp":"2026-03-10T22:41:11.551Z","importId":1,"level":"WARN","message":"Linha 5025: Pontuação é 0 ou null","category":"PONTUACAO","context":{"rowNumber":5025,"points":0,"cnpj":"56917909000163","saleId":"3357311A","executiveName":"Carlos Barbassa"}}
{"timestamp":"2026-03-10T22:41:11.554Z","importId":1,"level":"WARN","message":"Linha 5026: Pontuação é 0 ou null","category":"PONTUACAO","context":{"rowNumber":5026,"points":0,"cnpj":"56917909000163","saleId":"3357310A","executiveName":"Carlos Barbassa"}}
{"timestamp":"2026-03-10T22:41:11.556Z","importId":1,"level":"WARN","message":"Linha 5027: Pontuação é 0 ou null","category":"PONTUACAO","context":{"rowNumber":5027,"points":0,"cnpj":"56917909000163","saleId":"3357309A","executiveName":"Carlos Barbassa"}}
{"timestamp":"2026-03-10T22:41:11.559Z","importId":1,"level":"WARN","message":"Linha 5028: Pontuação é 0 ou null","category":"PONTUACAO","context":{"rowNumber":5028,"points":0,"cnpj":"28667416000187","saleId":"3357301A","executiveName":"Claudia Dias"}}
{"timestamp":"2026-03-10T22:41:11.561Z","importId":1,"level":"WARN","message":"Linha 5029: Pontuação é 0 ou null","category":"PONTUACAO","context":{"rowNumber":5029,"points":0,"cnpj":"28667416000187","saleId":"3357300A","executiveName":"Claudia Dias"}}
{"timestamp":"2026-03-10T22:41:11.563Z","importId":1,"level":"WARN","message":"Linha 5030: Pontuação é 0 ou null","category":"PONTUACAO","context":{"rowNumber":5030,"points":0,"cnpj":"03329746000131","saleId":"3357296A","executiveName":"Luana Fagundes"}}
{"timestamp":"2026-03-10T22:41:11.566Z","importId":1,"level":"WARN","message":"Linha 5031: Pontuação é 0 ou null","category":"PONTUACAO","context":{"rowNumber":5031,"points":0,"cnpj":"03329746000131","saleId":"3357295A","executiveName":"Luana Fagundes"}}
{"timestamp":"2026-03-10T22:41:11.568Z","importId":1,"level":"WARN","message":"Linha 5032: Pontuação é 0 ou null","category":"PONTUACAO","context":{"rowNumber":5032,"points":0,"cnpj":"07868518000190","saleId":"3357293A","executiveName":"Luana Fagundes"}}
{"timestamp":"2026-03-10T22:41:11.575Z","importId":1,"level":"WARN","message":"Linha 5036: Pontuação é 0 ou null","category":"PONTUACAO","context":{"rowNumber":5036,"points":0,"cnpj":"09401785000189","saleId":"3356960A","executiveName":"Luana Fagundes"}}
{"timestamp":"2026-03-10T22:41:11.578Z","importId":1,"level":"WARN","message":"Linha 5038: Pontuação é 0 ou null","category":"PONTUACAO","context":{"rowNumber":5038,"points":0,"cnpj":"49832366000116","saleId":"3357329A","executiveName":"Claudia Dias"}}
{"timestamp":"2026-03-10T22:41:11.585Z","importId":1,"level":"WARN","message":"Linha 5041: Pontuação é 0 ou null","category":"PONTUACAO","context":{"rowNumber":5041,"points":0,"cnpj":"54916514000110","saleId":"3356515A","executiveName":"Marlon Wander"}}
{"timestamp":"2026-03-10T22:41:11.586Z","importId":1,"level":"WARN","message":"Linha 5042: Pontuação é 0 ou null","category":"PONTUACAO","context":{"rowNumber":5042,"points":0,"cnpj":"29482693000188","saleId":"3356514A","executiveName":"Maira Vallim"}}
{"timestamp":"2026-03-10T22:41:11.588Z","importId":1,"level":"WARN","message":"Linha 5043: Pontuação é 0 ou null","category":"PONTUACAO","context":{"rowNumber":5043,"points":0,"cnpj":"29482693000188","saleId":"3356513A","executiveName":"Maira Vallim"}}
{"timestamp":"2026-03-10T22:41:11.592Z","importId":1,"level":"WARN","message":"Linha 5044: Pontuação é 0 ou null","category":"PONTUACAO","context":{"rowNumber":5044,"points":0,"cnpj":"29482693000188","saleId":"3356512A","executiveName":"Maira Vallim"}}
{"timestamp":"2026-03-10T22:41:11.595Z","importId":1,"level":"WARN","message":"Linha 5045: Pontuação é 0 ou null","category":"PONTUACAO","context":{"rowNumber":5045,"points":0,"cnpj":"29482693000188","saleId":"3356511A","executiveName":"Maira Vallim"}}
{"timestamp":"2026-03-10T22:41:11.599Z","importId":1,"level":"WARN","message":"Linha 5048: Pontuação é 0 ou null","category":"PONTUACAO","context":{"rowNumber":5048,"points":0,"cnpj":"43398083000121","saleId":"3356507A","executiveName":"Karla Reis"}}
{"timestamp":"2026-03-10T22:41:11.602Z","importId":1,"level":"WARN","message":"Linha 5050: Pontuação é 0 ou null","category":"PONTUACAO","context":{"rowNumber":5050,"points":0,"cnpj":"11085002000147","saleId":"3356505A","executiveName":"Miguel Jenotti"}}
{"timestamp":"2026-03-10T22:41:11.605Z","importId":1,"level":"WARN","message":"Linha 5051: Pontuação é 0 ou null","category":"PONTUACAO","context":{"rowNumber":5051,"points":0,"cnpj":"11085002000147","saleId":"3356504A","executiveName":"Miguel Jenotti"}}
{"timestamp":"2026-03-10T22:41:11.607Z","importId":1,"level":"WARN","message":"Linha 5052: Pontuação é 0 ou null","category":"PONTUACAO","context":{"rowNumber":5052,"points":0,"cnpj":"41741084000100","saleId":"3356503A","executiveName":"Carlos Brito"}}
{"timestamp":"2026-03-10T22:41:11.609Z","importId":1,"level":"WARN","message":"Linha 5053: Pontuação é 0 ou null","category":"PONTUACAO","context":{"rowNumber":5053,"points":0,"cnpj":"54916514000110","saleId":"3356516A","executiveName":"Marlon Wander"}}
{"timestamp":"2026-03-10T22:41:11.615Z","importId":1,"level":"WARN","message":"Linha 5056: Pontuação é 0 ou null","category":"PONTUACAO","context":{"rowNumber":5056,"points":0,"cnpj":"56917909000163","saleId":"3356495A","executiveName":"Carlos Barbassa"}}
{"timestamp":"2026-03-10T22:41:11.618Z","importId":1,"level":"WARN","message":"Linha 5057: Pontuação é 0 ou null","category":"PONTUACAO","context":{"rowNumber":5057,"points":0,"cnpj":"56917909000163","saleId":"3356494A","executiveName":"Carlos Barbassa"}}
{"timestamp":"2026-03-10T22:41:11.622Z","importId":1,"level":"WARN","message":"Linha 5058: Pontuação é 0 ou null","category":"PONTUACAO","context":{"rowNumber":5058,"points":0,"cnpj":"56917909000163","saleId":"3356493A","executiveName":"Carlos Barbassa"}}
{"timestamp":"2026-03-10T22:41:11.624Z","importId":1,"level":"WARN","message":"Linha 5059: Pontuação é 0 ou null","category":"PONTUACAO","context":{"rowNumber":5059,"points":0,"cnpj":"56917909000163","saleId":"3356492A","executiveName":"Carlos Barbassa"}}
{"timestamp":"2026-03-10T22:41:11.625Z","importId":1,"level":"WARN","message":"Linha 5060: Pontuação é 0 ou null","category":"PONTUACAO","context":{"rowNumber":5060,"points":0,"cnpj":"56917909000163","saleId":"3356491A","executiveName":"Carlos Barbassa"}}
{"timestamp":"2026-03-10T22:41:11.629Z","importId":1,"level":"WARN","message":"Linha 5061: Pontuação é 0 ou null","category":"PONTUACAO","context":{"rowNumber":5061,"points":0,"cnpj":"56917909000163","saleId":"3356490A","executiveName":"Carlos Barbassa"}}
{"timestamp":"2026-03-10T22:41:11.633Z","importId":1,"level":"WARN","message":"Linha 5063: Pontuação é 0 ou null","category":"PONTUACAO","context":{"rowNumber":5063,"points":0,"cnpj":"34013707000154","saleId":"3356486A","executiveName":"Ricardo Bueno"}}
{"timestamp":"2026-03-10T22:41:11.634Z","importId":1,"level":"WARN","message":"Linha 5064: Pontuação é 0 ou null","category":"PONTUACAO","context":{"rowNumber":5064,"points":0,"cnpj":"34013707000154","saleId":"3356485A","executiveName":"Ricardo Bueno"}}
{"timestamp":"2026-03-10T22:41:11.639Z","importId":1,"level":"WARN","message":"Linha 5065: Pontuação é 0 ou null","category":"PONTUACAO","context":{"rowNumber":5065,"points":0,"cnpj":"34013707000154","saleId":"3356484A","executiveName":"Ricardo Bueno"}}
{"timestamp":"2026-03-10T22:41:11.641Z","importId":1,"level":"WARN","message":"Linha 5066: Pontuação é 0 ou null","category":"PONTUACAO","context":{"rowNumber":5066,"points":0,"cnpj":"15505790000487","saleId":"3356476A","executiveName":"Carlos Brito"}}
{"timestamp":"2026-03-10T22:41:11.644Z","importId":1,"level":"WARN","message":"Linha 5067: Pontuação é 0 ou null","category":"PONTUACAO","context":{"rowNumber":5067,"points":0,"cnpj":"00264550000118","saleId":"3356501A","executiveName":"Elza Lara"}}
{"timestamp":"2026-03-10T22:41:11.647Z","importId":1,"level":"WARN","message":"Linha 5068: Pontuação é 0 ou null","category":"PONTUACAO","context":{"rowNumber":5068,"points":0,"cnpj":"54916514000110","saleId":"3356517A","executiveName":"Marlon Wander"}}
{"timestamp":"2026-03-10T22:41:11.649Z","importId":1,"level":"WARN","message":"Linha 5069: Pontuação é 0 ou null","category":"PONTUACAO","context":{"rowNumber":5069,"points":0,"cnpj":"55519087000108","saleId":"3356518A","executiveName":"Kelly Furno"}}
{"timestamp":"2026-03-10T22:41:11.696Z","importId":1,"level":"WARN","message":"Linha 5099: Pontuação é 0 ou null","category":"PONTUACAO","context":{"rowNumber":5099,"points":0,"cnpj":"49832366000116","saleId":"3357330A","executiveName":"Claudia Dias"}}
{"timestamp":"2026-03-10T22:41:11.701Z","importId":1,"level":"WARN","message":"Linha 5100: Pontuação é 0 ou null","category":"PONTUACAO","context":{"rowNumber":5100,"points":0,"cnpj":"49832366000116","saleId":"3357331A","executiveName":"Claudia Dias"}}
{"timestamp":"2026-03-10T22:41:11.706Z","importId":1,"level":"WARN","message":"Linha 5101: Pontuação é 0 ou null","category":"PONTUACAO","context":{"rowNumber":5101,"points":0,"cnpj":"49832366000116","saleId":"3357332A","executiveName":"Claudia Dias"}}
{"timestamp":"2026-03-10T22:41:11.708Z","importId":1,"level":"WARN","message":"Linha 5102: Pontuação é 0 ou null","category":"PONTUACAO","context":{"rowNumber":5102,"points":0,"cnpj":"56917909000163","saleId":"3367829A","executiveName":"Carlos Barbassa"}}
{"timestamp":"2026-03-10T22:41:11.711Z","importId":1,"level":"WARN","message":"Linha 5103: Pontuação é 0 ou null","category":"PONTUACAO","context":{"rowNumber":5103,"points":0,"cnpj":"15117936001499","saleId":"3366622A","executiveName":"Ronaldo Coelho"}}
{"timestamp":"2026-03-10T22:41:11.718Z","importId":1,"level":"WARN","message":"Linha 5105: Pontuação é 0 ou null","category":"PONTUACAO","context":{"rowNumber":5105,"points":0,"cnpj":"55915565000190","saleId":"3366195A","executiveName":"Pasquale Neto"}}
{"timestamp":"2026-03-10T22:41:11.740Z","importId":1,"level":"WARN","message":"Linha 5118: Pontuação é 0 ou null","category":"PONTUACAO","context":{"rowNumber":5118,"points":0,"cnpj":"07389466000170","saleId":"3365560A","executiveName":"Armando Soares"}}
{"timestamp":"2026-03-10T22:41:11.741Z","importId":1,"level":"WARN","message":"Linha 5119: Pontuação é 0 ou null","category":"PONTUACAO","context":{"rowNumber":5119,"points":0,"cnpj":"07389466000170","saleId":"3365556A","executiveName":"Armando Soares"}}
{"timestamp":"2026-03-10T22:41:11.751Z","importId":1,"level":"WARN","message":"Linha 5123: Pontuação é 0 ou null","category":"PONTUACAO","context":{"rowNumber":5123,"points":0,"cnpj":"17581465000186","saleId":"3360496A","executiveName":"Clarissa Cavalheiro"}}
{"timestamp":"2026-03-10T22:41:11.758Z","importId":1,"level":"WARN","message":"Linha 5125: Pontuação é 0 ou null","category":"PONTUACAO","context":{"rowNumber":5125,"points":0,"cnpj":"17581465000186","saleId":"3360451A","executiveName":"Clarissa Cavalheiro"}}
{"timestamp":"2026-03-10T22:41:11.762Z","importId":1,"level":"WARN","message":"Linha 5126: Pontuação é 0 ou null","category":"PONTUACAO","context":{"rowNumber":5126,"points":0,"cnpj":"30607677000153","saleId":"3360070A","executiveName":"Rafaela Soares"}}
{"timestamp":"2026-03-10T22:41:11.767Z","importId":1,"level":"WARN","message":"Linha 5127: Pontuação é 0 ou null","category":"PONTUACAO","context":{"rowNumber":5127,"points":0,"cnpj":"17556546000126","saleId":"3360069A","executiveName":"Armando Soares"}}
{"timestamp":"2026-03-10T22:41:11.774Z","importId":1,"level":"WARN","message":"Linha 5131: Pontuação é 0 ou null","category":"PONTUACAO","context":{"rowNumber":5131,"points":0,"cnpj":"59717926000145","saleId":"3367939A","executiveName":"Ronaldo Coelho"}}
{"timestamp":"2026-03-10T22:41:11.780Z","importId":1,"level":"WARN","message":"Linha 5134: Pontuação é 0 ou null","category":"PONTUACAO","context":{"rowNumber":5134,"points":0,"cnpj":"58502808000157","saleId":"3371605A","executiveName":"Cristiano Dafre"}}
{"timestamp":"2026-03-10T22:41:11.789Z","importId":1,"level":"WARN","message":"Linha 5139: Pontuação é 0 ou null","category":"PONTUACAO","context":{"rowNumber":5139,"points":0,"cnpj":"01491692000180","saleId":"3368876A","executiveName":"Ricardo Morais"}}
{"timestamp":"2026-03-10T22:41:11.806Z","importId":1,"level":"WARN","message":"Linha 5147: Pontuação é 0 ou null","category":"PONTUACAO","context":{"rowNumber":5147,"points":0,"cnpj":"61101014000196","saleId":"3368534A","executiveName":"Ronaldo Coelho"}}
{"timestamp":"2026-03-10T22:41:11.808Z","importId":1,"level":"WARN","message":"Linha 5148: Pontuação é 0 ou null","category":"PONTUACAO","context":{"rowNumber":5148,"points":0,"cnpj":"61101014000196","saleId":"3368533A","executiveName":"Ronaldo Coelho"}}
{"timestamp":"2026-03-10T22:41:11.810Z","importId":1,"level":"WARN","message":"Linha 5149: Pontuação é 0 ou null","category":"PONTUACAO","context":{"rowNumber":5149,"points":0,"cnpj":"43398083000121","saleId":"3368522A","executiveName":"Karla Reis"}}
{"timestamp":"2026-03-10T22:41:11.813Z","importId":1,"level":"WARN","message":"Linha 5150: Pontuação é 0 ou null","category":"PONTUACAO","context":{"rowNumber":5150,"points":0,"cnpj":"24821099000150","saleId":"3368510A","executiveName":"Elza Lara"}}
{"timestamp":"2026-03-10T22:41:11.815Z","importId":1,"level":"WARN","message":"Linha 5151: Pontuação é 0 ou null","category":"PONTUACAO","context":{"rowNumber":5151,"points":0,"cnpj":"00681849000178","saleId":"3368504A","executiveName":"Claudia Dias"}}
{"timestamp":"2026-03-10T22:41:11.817Z","importId":1,"level":"WARN","message":"Linha 5152: Pontuação é 0 ou null","category":"PONTUACAO","context":{"rowNumber":5152,"points":0,"cnpj":"16849620000130","saleId":"3368503A","executiveName":"Rafaela Soares"}}
{"timestamp":"2026-03-10T22:41:11.820Z","importId":1,"level":"WARN","message":"Linha 5153: Pontuação é 0 ou null","category":"PONTUACAO","context":{"rowNumber":5153,"points":0,"cnpj":"57608093000159","saleId":"3368496A","executiveName":"Cristiano Dafre"}}
{"timestamp":"2026-03-10T22:41:11.822Z","importId":1,"level":"WARN","message":"Linha 5154: Pontuação é 0 ou null","category":"PONTUACAO","context":{"rowNumber":5154,"points":0,"cnpj":"57608093000159","saleId":"3368495A","executiveName":"Cristiano Dafre"}}
{"timestamp":"2026-03-10T22:41:11.828Z","importId":1,"level":"WARN","message":"Linha 5157: Pontuação é 0 ou null","category":"PONTUACAO","context":{"rowNumber":5157,"points":0,"cnpj":"59316984000167","saleId":"3367942A","executiveName":"Marlon Wander"}}
{"timestamp":"2026-03-10T22:41:11.830Z","importId":1,"level":"WARN","message":"Linha 5158: Pontuação é 0 ou null","category":"PONTUACAO","context":{"rowNumber":5158,"points":0,"cnpj":"58502808000157","saleId":"3367941A","executiveName":"Cristiano Dafre"}}
{"timestamp":"2026-03-10T22:41:11.833Z","importId":1,"level":"WARN","message":"Linha 5159: Pontuação é 0 ou null","category":"PONTUACAO","context":{"rowNumber":5159,"points":0,"cnpj":"17556546000126","saleId":"3360040A","executiveName":"Armando Soares"}}
{"timestamp":"2026-03-10T22:41:11.835Z","importId":1,"level":"WARN","message":"Linha 5160: Pontuação é 0 ou null","category":"PONTUACAO","context":{"rowNumber":5160,"points":0,"cnpj":"24869123000121","saleId":"3360039A","executiveName":"Elza Lara"}}
{"timestamp":"2026-03-10T22:41:11.837Z","importId":1,"level":"WARN","message":"Linha 5161: Pontuação é 0 ou null","category":"PONTUACAO","context":{"rowNumber":5161,"points":0,"cnpj":"52652039000197","saleId":"3360037A","executiveName":"Ricardo Morais"}}
{"timestamp":"2026-03-10T22:41:11.840Z","importId":1,"level":"WARN","message":"Linha 5162: Pontuação é 0 ou null","category":"PONTUACAO","context":{"rowNumber":5162,"points":0,"cnpj":"24869123000121","saleId":"3360011A","executiveName":"Elza Lara"}}
{"timestamp":"2026-03-10T22:41:11.865Z","importId":1,"level":"WARN","message":"Linha 5179: Pontuação é 0 ou null","category":"PONTUACAO","context":{"rowNumber":5179,"points":0,"cnpj":"15117936001499","saleId":"3359573A","executiveName":"Ronaldo Coelho"}}
{"timestamp":"2026-03-10T22:41:11.868Z","importId":1,"level":"WARN","message":"Linha 5180: Pontuação é 0 ou null","category":"PONTUACAO","context":{"rowNumber":5180,"points":0,"cnpj":"36417780000117","saleId":"3359547A","executiveName":"Kelly Furno"}}
{"timestamp":"2026-03-10T22:41:11.872Z","importId":1,"level":"WARN","message":"Linha 5181: Pontuação é 0 ou null","category":"PONTUACAO","context":{"rowNumber":5181,"points":0,"cnpj":"36417780000117","saleId":"3359051A","executiveName":"Kelly Furno"}}
{"timestamp":"2026-03-10T22:41:11.875Z","importId":1,"level":"WARN","message":"Linha 5182: Pontuação é 0 ou null","category":"PONTUACAO","context":{"rowNumber":5182,"points":0,"cnpj":"15117936001499","saleId":"3359049A","executiveName":"Ronaldo Coelho"}}
{"timestamp":"2026-03-10T22:41:11.877Z","importId":1,"level":"WARN","message":"Linha 5183: Pontuação é 0 ou null","category":"PONTUACAO","context":{"rowNumber":5183,"points":0,"cnpj":"26553740000149","saleId":"3358820A","executiveName":"Ricardo Morais"}}
{"timestamp":"2026-03-10T22:41:11.882Z","importId":1,"level":"WARN","message":"Linha 5184: Pontuação é 0 ou null","category":"PONTUACAO","context":{"rowNumber":5184,"points":0,"cnpj":"49267804000140","saleId":"3358812A","executiveName":"Ricardo Morais"}}
{"timestamp":"2026-03-10T22:41:11.889Z","importId":1,"level":"WARN","message":"Linha 5186: Pontuação é 0 ou null","category":"PONTUACAO","context":{"rowNumber":5186,"points":0,"cnpj":"49832366000116","saleId":"3357336A","executiveName":"Claudia Dias"}}
{"timestamp":"2026-03-10T22:41:11.891Z","importId":1,"level":"WARN","message":"Linha 5187: Pontuação é 0 ou null","category":"PONTUACAO","context":{"rowNumber":5187,"points":0,"cnpj":"49832366000116","saleId":"3357335A","executiveName":"Claudia Dias"}}
{"timestamp":"2026-03-10T22:41:11.893Z","importId":1,"level":"WARN","message":"Linha 5188: Pontuação é 0 ou null","category":"PONTUACAO","context":{"rowNumber":5188,"points":0,"cnpj":"49832366000116","saleId":"3357334A","executiveName":"Claudia Dias"}}
{"timestamp":"2026-03-10T22:41:11.897Z","importId":1,"level":"WARN","message":"Linha 5189: Pontuação é 0 ou null","category":"PONTUACAO","context":{"rowNumber":5189,"points":0,"cnpj":"49832366000116","saleId":"3357333A","executiveName":"Claudia Dias"}}
{"timestamp":"2026-03-10T22:41:11.900Z","importId":1,"level":"WARN","message":"Linha 5191: Pontuação é 0 ou null","category":"PONTUACAO","context":{"rowNumber":5191,"points":0,"cnpj":"15505790000487","saleId":"3356475A","executiveName":"Carlos Brito"}}
{"timestamp":"2026-03-10T22:41:11.905Z","importId":1,"level":"WARN","message":"Linha 5194: Pontuação é 0 ou null","category":"PONTUACAO","context":{"rowNumber":5194,"points":0,"cnpj":"10440332000140","saleId":"3360010A","executiveName":"Elza Lara"}}
{"timestamp":"2026-03-10T22:41:11.908Z","importId":1,"level":"WARN","message":"Linha 5195: Pontuação é 0 ou null","category":"PONTUACAO","context":{"rowNumber":5195,"points":0,"cnpj":"15558804000188","saleId":"3360009A","executiveName":"Leonardo Ligabo"}}
{"timestamp":"2026-03-10T22:41:11.910Z","importId":1,"level":"WARN","message":"Linha 5196: Pontuação é 0 ou null","category":"PONTUACAO","context":{"rowNumber":5196,"points":0,"cnpj":"54830049000109","saleId":"3360001A","executiveName":"Grasiele Nascimento"}}
{"timestamp":"2026-03-10T22:41:11.914Z","importId":1,"level":"WARN","message":"Linha 5197: Pontuação é 0 ou null","category":"PONTUACAO","context":{"rowNumber":5197,"points":0,"cnpj":"08624247000190","saleId":"3359964A","executiveName":"Carlos Barbassa"}}
{"timestamp":"2026-03-10T22:41:11.916Z","importId":1,"level":"WARN","message":"Linha 5198: Pontuação é 0 ou null","category":"PONTUACAO","context":{"rowNumber":5198,"points":0,"cnpj":"08624247000190","saleId":"3359963A","executiveName":"Carlos Barbassa"}}
{"timestamp":"2026-03-10T22:41:11.920Z","importId":1,"level":"WARN","message":"Linha 5199: Pontuação é 0 ou null","category":"PONTUACAO","context":{"rowNumber":5199,"points":0,"cnpj":"08624247000190","saleId":"3359962A","executiveName":"Carlos Barbassa"}}
{"timestamp":"2026-03-10T22:41:11.922Z","importId":1,"level":"WARN","message":"Linha 5200: Pontuação é 0 ou null","category":"PONTUACAO","context":{"rowNumber":5200,"points":0,"cnpj":"08624247000190","saleId":"3359961A","executiveName":"Carlos Barbassa"}}
{"timestamp":"2026-03-10T22:41:11.924Z","importId":1,"level":"WARN","message":"Linha 5201: Pontuação é 0 ou null","category":"PONTUACAO","context":{"rowNumber":5201,"points":0,"cnpj":"08624247000190","saleId":"3359960A","executiveName":"Carlos Barbassa"}}
{"timestamp":"2026-03-10T22:41:11.926Z","importId":1,"level":"WARN","message":"Linha 5202: Pontuação é 0 ou null","category":"PONTUACAO","context":{"rowNumber":5202,"points":0,"cnpj":"08624247000190","saleId":"3359959A","executiveName":"Carlos Barbassa"}}
{"timestamp":"2026-03-10T22:41:11.929Z","importId":1,"level":"WARN","message":"Linha 5203: Pontuação é 0 ou null","category":"PONTUACAO","context":{"rowNumber":5203,"points":0,"cnpj":"08624247000190","saleId":"3359958A","executiveName":"Carlos Barbassa"}}
{"timestamp":"2026-03-10T22:41:11.930Z","importId":1,"level":"WARN","message":"Linha 5204: Pontuação é 0 ou null","category":"PONTUACAO","context":{"rowNumber":5204,"points":0,"cnpj":"10340598000111","saleId":"3359944A","executiveName":"Armando Soares"}}
{"timestamp":"2026-03-10T22:41:11.933Z","importId":1,"level":"WARN","message":"Linha 5205: Pontuação é 0 ou null","category":"PONTUACAO","context":{"rowNumber":5205,"points":0,"cnpj":"10340598000111","saleId":"3359943A","executiveName":"Armando Soares"}}
{"timestamp":"2026-03-10T22:41:11.936Z","importId":1,"level":"WARN","message":"Linha 5206: Pontuação é 0 ou null","category":"PONTUACAO","context":{"rowNumber":5206,"points":0,"cnpj":"10340598000111","saleId":"3359942A","executiveName":"Armando Soares"}}
{"timestamp":"2026-03-10T22:41:11.937Z","importId":1,"level":"WARN","message":"Linha 5207: Pontuação é 0 ou null","category":"PONTUACAO","context":{"rowNumber":5207,"points":0,"cnpj":"10340598000111","saleId":"3359941A","executiveName":"Armando Soares"}}
{"timestamp":"2026-03-10T22:41:11.939Z","importId":1,"level":"WARN","message":"Linha 5208: Pontuação é 0 ou null","category":"PONTUACAO","context":{"rowNumber":5208,"points":0,"cnpj":"22418050000126","saleId":"3359934A","executiveName":"Cristiano Dafre"}}
{"timestamp":"2026-03-10T22:41:11.943Z","importId":1,"level":"WARN","message":"Linha 5209: Pontuação é 0 ou null","category":"PONTUACAO","context":{"rowNumber":5209,"points":0,"cnpj":"22418050000126","saleId":"3359933A","executiveName":"Cristiano Dafre"}}
{"timestamp":"2026-03-10T22:41:11.944Z","importId":1,"level":"WARN","message":"Linha 5210: Pontuação é 0 ou null","category":"PONTUACAO","context":{"rowNumber":5210,"points":0,"cnpj":"22418050000126","saleId":"3359932A","executiveName":"Cristiano Dafre"}}
{"timestamp":"2026-03-10T22:41:11.948Z","importId":1,"level":"WARN","message":"Linha 5211: Pontuação é 0 ou null","category":"PONTUACAO","context":{"rowNumber":5211,"points":0,"cnpj":"21432799000165","saleId":"3359919A","executiveName":"Andreza Lubatsch"}}
{"timestamp":"2026-03-10T22:41:11.949Z","importId":1,"level":"WARN","message":"Linha 5212: Pontuação é 0 ou null","category":"PONTUACAO","context":{"rowNumber":5212,"points":0,"cnpj":"48186332000139","saleId":"3359918A","executiveName":"Ricardo Morais"}}
{"timestamp":"2026-03-10T22:41:11.951Z","importId":1,"level":"WARN","message":"Linha 5213: Pontuação é 0 ou null","category":"PONTUACAO","context":{"rowNumber":5213,"points":0,"cnpj":"07709889000120","saleId":"3359908A","executiveName":"Carlos Brito"}}
{"timestamp":"2026-03-10T22:41:11.954Z","importId":1,"level":"WARN","message":"Linha 5214: Pontuação é 0 ou null","category":"PONTUACAO","context":{"rowNumber":5214,"points":0,"cnpj":"59717926000145","saleId":"3359907A","executiveName":"Ronaldo Coelho"}}
{"timestamp":"2026-03-10T22:41:11.975Z","importId":1,"level":"WARN","message":"Linha 5224: Pontuação é 0 ou null","category":"PONTUACAO","context":{"rowNumber":5224,"points":0,"cnpj":"26203213000104","saleId":"3356471A","executiveName":"Roberto Garbin"}}
{"timestamp":"2026-03-10T22:41:12.449Z","importId":1,"level":"WARN","message":"Linha 5347: Pontuação é 0 ou null","category":"PONTUACAO","context":{"rowNumber":5347,"points":0,"cnpj":"02116253000150","saleId":"3356413A","executiveName":"Elza Lara"}}
{"timestamp":"2026-03-10T22:41:12.476Z","importId":1,"level":"WARN","message":"Linha 5359: Pontuação é 0 ou null","category":"PONTUACAO","context":{"rowNumber":5359,"points":0,"cnpj":"05488469000135","saleId":"3356416A","executiveName":"Claudia Dias"}}
{"timestamp":"2026-03-10T22:41:12.506Z","importId":1,"level":"WARN","message":"Linha 5374: Pontuação é 0 ou null","category":"PONTUACAO","context":{"rowNumber":5374,"points":0,"cnpj":"12100779000104","saleId":"3356420A","executiveName":"Carlos Brito"}}
{"timestamp":"2026-03-10T22:41:12.511Z","importId":1,"level":"WARN","message":"Linha 5375: Pontuação é 0 ou null","category":"PONTUACAO","context":{"rowNumber":5375,"points":0,"cnpj":"52652039000197","saleId":"3356421A","executiveName":"Ricardo Morais"}}
{"timestamp":"2026-03-10T22:41:12.515Z","importId":1,"level":"WARN","message":"Linha 5376: Pontuação é 0 ou null","category":"PONTUACAO","context":{"rowNumber":5376,"points":0,"cnpj":"52652039000197","saleId":"3356422A","executiveName":"Ricardo Morais"}}
{"timestamp":"2026-03-10T22:41:12.517Z","importId":1,"level":"WARN","message":"Linha 5377: Pontuação é 0 ou null","category":"PONTUACAO","context":{"rowNumber":5377,"points":0,"cnpj":"26203213000104","saleId":"3356470A","executiveName":"Roberto Garbin"}}
{"timestamp":"2026-03-10T22:41:12.522Z","importId":1,"level":"WARN","message":"Linha 5379: Pontuação é 0 ou null","category":"PONTUACAO","context":{"rowNumber":5379,"points":0,"cnpj":"26203213000104","saleId":"3356468A","executiveName":"Roberto Garbin"}}
{"timestamp":"2026-03-10T22:41:12.524Z","importId":1,"level":"WARN","message":"Linha 5380: Pontuação é 0 ou null","category":"PONTUACAO","context":{"rowNumber":5380,"points":0,"cnpj":"26203213000104","saleId":"3356467A","executiveName":"Roberto Garbin"}}
{"timestamp":"2026-03-10T22:41:12.527Z","importId":1,"level":"WARN","message":"Linha 5381: Pontuação é 0 ou null","category":"PONTUACAO","context":{"rowNumber":5381,"points":0,"cnpj":"26203213000104","saleId":"3356466A","executiveName":"Roberto Garbin"}}
{"timestamp":"2026-03-10T22:41:12.530Z","importId":1,"level":"WARN","message":"Linha 5382: Pontuação é 0 ou null","category":"PONTUACAO","context":{"rowNumber":5382,"points":0,"cnpj":"26203213000104","saleId":"3356465A","executiveName":"Roberto Garbin"}}
{"timestamp":"2026-03-10T22:41:12.533Z","importId":1,"level":"WARN","message":"Linha 5383: Pontuação é 0 ou null","category":"PONTUACAO","context":{"rowNumber":5383,"points":0,"cnpj":"24349129000178","saleId":"3356464A","executiveName":"William Silva"}}
{"timestamp":"2026-03-10T22:41:12.539Z","importId":1,"level":"WARN","message":"Linha 5384: Pontuação é 0 ou null","category":"PONTUACAO","context":{"rowNumber":5384,"points":0,"cnpj":"22730853000111","saleId":"3356463A","executiveName":"Elza Lara"}}
{"timestamp":"2026-03-10T22:41:12.544Z","importId":1,"level":"WARN","message":"Linha 5385: Pontuação é 0 ou null","category":"PONTUACAO","context":{"rowNumber":5385,"points":0,"cnpj":"48415020000150","saleId":"3356462A","executiveName":"William Silva"}}
{"timestamp":"2026-03-10T22:41:12.553Z","importId":1,"level":"WARN","message":"Linha 5389: Pontuação é 0 ou null","category":"PONTUACAO","context":{"rowNumber":5389,"points":0,"cnpj":"15875000000102","saleId":"3356458A","executiveName":"Elza Lara"}}
{"timestamp":"2026-03-10T22:41:12.557Z","importId":1,"level":"WARN","message":"Linha 5390: Pontuação é 0 ou null","category":"PONTUACAO","context":{"rowNumber":5390,"points":0,"cnpj":"06176505000198","saleId":"3356455A","executiveName":"Sem Promotor"}}
{"timestamp":"2026-03-10T22:41:12.559Z","importId":1,"level":"WARN","message":"Linha 5391: Pontuação é 0 ou null","category":"PONTUACAO","context":{"rowNumber":5391,"points":0,"cnpj":"25965750000129","saleId":"3356454A","executiveName":"Marlon Wander"}}
{"timestamp":"2026-03-10T22:41:12.561Z","importId":1,"level":"WARN","message":"Linha 5392: Pontuação é 0 ou null","category":"PONTUACAO","context":{"rowNumber":5392,"points":0,"cnpj":"72926298000176","saleId":"3356435A","executiveName":"Marlon Wander"}}
{"timestamp":"2026-03-10T22:41:12.568Z","importId":1,"level":"WARN","message":"Linha 5394: Pontuação é 0 ou null","category":"PONTUACAO","context":{"rowNumber":5394,"points":0,"cnpj":"72926298000176","saleId":"3356433A","executiveName":"Marlon Wander"}}
{"timestamp":"2026-03-10T22:41:12.577Z","importId":1,"level":"WARN","message":"Linha 5398: Pontuação é 0 ou null","category":"PONTUACAO","context":{"rowNumber":5398,"points":0,"cnpj":"52652039000197","saleId":"3356428A","executiveName":"Ricardo Morais"}}
{"timestamp":"2026-03-10T22:41:12.580Z","importId":1,"level":"WARN","message":"Linha 5399: Pontuação é 0 ou null","category":"PONTUACAO","context":{"rowNumber":5399,"points":0,"cnpj":"52652039000197","saleId":"3356427A","executiveName":"Ricardo Morais"}}
{"timestamp":"2026-03-10T22:41:12.582Z","importId":1,"level":"WARN","message":"Linha 5400: Pontuação é 0 ou null","category":"PONTUACAO","context":{"rowNumber":5400,"points":0,"cnpj":"52652039000197","saleId":"3356426A","executiveName":"Ricardo Morais"}}
{"timestamp":"2026-03-10T22:41:12.584Z","importId":1,"level":"WARN","message":"Linha 5401: Pontuação é 0 ou null","category":"PONTUACAO","context":{"rowNumber":5401,"points":0,"cnpj":"52652039000197","saleId":"3356425A","executiveName":"Ricardo Morais"}}
{"timestamp":"2026-03-10T22:41:12.587Z","importId":1,"level":"WARN","message":"Linha 5402: Pontuação é 0 ou null","category":"PONTUACAO","context":{"rowNumber":5402,"points":0,"cnpj":"52652039000197","saleId":"3356424A","executiveName":"Ricardo Morais"}}
{"timestamp":"2026-03-10T22:41:12.591Z","importId":1,"level":"WARN","message":"Linha 5403: Pontuação é 0 ou null","category":"PONTUACAO","context":{"rowNumber":5403,"points":0,"cnpj":"52652039000197","saleId":"3356423A","executiveName":"Ricardo Morais"}}
{"timestamp":"2026-03-10T22:41:12.694Z","importId":1,"level":"WARN","message":"Linha 5470: Pontuação é 0 ou null","category":"PONTUACAO","context":{"rowNumber":5470,"points":0,"cnpj":"49129688000101","saleId":"3354311A","executiveName":"Marlon Wander"}}
{"timestamp":"2026-03-10T22:41:12.696Z","importId":1,"level":"WARN","message":"Linha 5471: Pontuação é 0 ou null","category":"PONTUACAO","context":{"rowNumber":5471,"points":0,"cnpj":"35654890000130","saleId":"3354310A","executiveName":"Luana Fagundes"}}
{"timestamp":"2026-03-10T22:41:12.709Z","importId":1,"level":"WARN","message":"Linha 5478: Pontuação é 0 ou null","category":"PONTUACAO","context":{"rowNumber":5478,"points":0,"cnpj":"55519087000108","saleId":"3354301A","executiveName":"Kelly Furno"}}
{"timestamp":"2026-03-10T22:41:12.711Z","importId":1,"level":"WARN","message":"Linha 5479: Pontuação é 0 ou null","category":"PONTUACAO","context":{"rowNumber":5479,"points":0,"cnpj":"41886096000114","saleId":"3354294A","executiveName":"Elza Lara"}}
{"timestamp":"2026-03-10T22:41:12.714Z","importId":1,"level":"WARN","message":"Linha 5480: Pontuação é 0 ou null","category":"PONTUACAO","context":{"rowNumber":5480,"points":0,"cnpj":"41886096000114","saleId":"3354293A","executiveName":"Elza Lara"}}
{"timestamp":"2026-03-10T22:41:12.716Z","importId":1,"level":"WARN","message":"Linha 5481: Pontuação é 0 ou null","category":"PONTUACAO","context":{"rowNumber":5481,"points":0,"cnpj":"41886096000114","saleId":"3354292A","executiveName":"Elza Lara"}}
{"timestamp":"2026-03-10T22:41:12.720Z","importId":1,"level":"WARN","message":"Linha 5482: Pontuação é 0 ou null","category":"PONTUACAO","context":{"rowNumber":5482,"points":0,"cnpj":"49129688000101","saleId":"3354312A","executiveName":"Marlon Wander"}}
{"timestamp":"2026-03-10T22:41:12.721Z","importId":1,"level":"WARN","message":"Linha 5483: Pontuação é 0 ou null","category":"PONTUACAO","context":{"rowNumber":5483,"points":0,"cnpj":"41886096000114","saleId":"3354291A","executiveName":"Elza Lara"}}
{"timestamp":"2026-03-10T22:41:12.724Z","importId":1,"level":"WARN","message":"Linha 5484: Pontuação é 0 ou null","category":"PONTUACAO","context":{"rowNumber":5484,"points":0,"cnpj":"41886096000114","saleId":"3354289A","executiveName":"Elza Lara"}}
{"timestamp":"2026-03-10T22:41:12.729Z","importId":1,"level":"WARN","message":"Linha 5485: Pontuação é 0 ou null","category":"PONTUACAO","context":{"rowNumber":5485,"points":0,"cnpj":"41886096000114","saleId":"3354288A","executiveName":"Elza Lara"}}
{"timestamp":"2026-03-10T22:41:12.731Z","importId":1,"level":"WARN","message":"Linha 5486: Pontuação é 0 ou null","category":"PONTUACAO","context":{"rowNumber":5486,"points":0,"cnpj":"41886096000114","saleId":"3354287A","executiveName":"Elza Lara"}}
{"timestamp":"2026-03-10T22:41:12.734Z","importId":1,"level":"WARN","message":"Linha 5487: Pontuação é 0 ou null","category":"PONTUACAO","context":{"rowNumber":5487,"points":0,"cnpj":"41886096000114","saleId":"3354286A","executiveName":"Elza Lara"}}
{"timestamp":"2026-03-10T22:41:12.737Z","importId":1,"level":"WARN","message":"Linha 5488: Pontuação é 0 ou null","category":"PONTUACAO","context":{"rowNumber":5488,"points":0,"cnpj":"41886096000114","saleId":"3354285A","executiveName":"Elza Lara"}}
{"timestamp":"2026-03-10T22:41:12.739Z","importId":1,"level":"WARN","message":"Linha 5489: Pontuação é 0 ou null","category":"PONTUACAO","context":{"rowNumber":5489,"points":0,"cnpj":"41886096000114","saleId":"3354284A","executiveName":"Elza Lara"}}
{"timestamp":"2026-03-10T22:41:12.743Z","importId":1,"level":"WARN","message":"Linha 5490: Pontuação é 0 ou null","category":"PONTUACAO","context":{"rowNumber":5490,"points":0,"cnpj":"41886096000114","saleId":"3354283A","executiveName":"Elza Lara"}}
{"timestamp":"2026-03-10T22:41:12.745Z","importId":1,"level":"WARN","message":"Linha 5491: Pontuação é 0 ou null","category":"PONTUACAO","context":{"rowNumber":5491,"points":0,"cnpj":"56917909000163","saleId":"3354282A","executiveName":"Carlos Barbassa"}}
{"timestamp":"2026-03-10T22:41:12.748Z","importId":1,"level":"WARN","message":"Linha 5492: Pontuação é 0 ou null","category":"PONTUACAO","context":{"rowNumber":5492,"points":0,"cnpj":"56917909000163","saleId":"3354281A","executiveName":"Carlos Barbassa"}}
{"timestamp":"2026-03-10T22:41:12.750Z","importId":1,"level":"WARN","message":"Linha 5493: Pontuação é 0 ou null","category":"PONTUACAO","context":{"rowNumber":5493,"points":0,"cnpj":"56917909000163","saleId":"3354280A","executiveName":"Carlos Barbassa"}}
{"timestamp":"2026-03-10T22:41:12.752Z","importId":1,"level":"WARN","message":"Linha 5494: Pontuação é 0 ou null","category":"PONTUACAO","context":{"rowNumber":5494,"points":0,"cnpj":"56917909000163","saleId":"3354279A","executiveName":"Carlos Barbassa"}}
{"timestamp":"2026-03-10T22:41:12.756Z","importId":1,"level":"WARN","message":"Linha 5495: Pontuação é 0 ou null","category":"PONTUACAO","context":{"rowNumber":5495,"points":0,"cnpj":"56917909000163","saleId":"3354278A","executiveName":"Carlos Barbassa"}}
{"timestamp":"2026-03-10T22:41:12.758Z","importId":1,"level":"WARN","message":"Linha 5496: Pontuação é 0 ou null","category":"PONTUACAO","context":{"rowNumber":5496,"points":0,"cnpj":"41886096000114","saleId":"3354290A","executiveName":"Elza Lara"}}
{"timestamp":"2026-03-10T22:41:12.816Z","importId":1,"level":"WARN","message":"Linha 5527: Pontuação é 0 ou null","category":"PONTUACAO","context":{"rowNumber":5527,"points":0,"cnpj":"56917909000163","saleId":"3354277A","executiveName":"Carlos Barbassa"}}
{"timestamp":"2026-03-10T22:41:12.822Z","importId":1,"level":"WARN","message":"Linha 5530: Pontuação é 0 ou null","category":"PONTUACAO","context":{"rowNumber":5530,"points":0,"cnpj":"18096686000121","saleId":"3354268A","executiveName":"Pasquale Neto"}}
{"timestamp":"2026-03-10T22:41:12.874Z","importId":1,"level":"WARN","message":"Linha 5561: Pontuação é 0 ou null","category":"PONTUACAO","context":{"rowNumber":5561,"points":0,"cnpj":"18096686000121","saleId":"3354267A","executiveName":"Pasquale Neto"}}
{"timestamp":"2026-03-10T22:41:12.876Z","importId":1,"level":"WARN","message":"Linha 5562: Pontuação é 0 ou null","category":"PONTUACAO","context":{"rowNumber":5562,"points":0,"cnpj":"22418050000126","saleId":"3354266A","executiveName":"Cristiano Dafre"}}
{"timestamp":"2026-03-10T22:41:12.878Z","importId":1,"level":"WARN","message":"Linha 5563: Pontuação é 0 ou null","category":"PONTUACAO","context":{"rowNumber":5563,"points":0,"cnpj":"22418050000126","saleId":"3354265A","executiveName":"Cristiano Dafre"}}
{"timestamp":"2026-03-10T22:41:12.882Z","importId":1,"level":"WARN","message":"Linha 5564: Pontuação é 0 ou null","category":"PONTUACAO","context":{"rowNumber":5564,"points":0,"cnpj":"03637500000127","saleId":"3354258A","executiveName":"Carlos Brito"}}
{"timestamp":"2026-03-10T22:41:12.929Z","importId":1,"level":"WARN","message":"Linha 5588: Pontuação é 0 ou null","category":"PONTUACAO","context":{"rowNumber":5588,"points":0,"cnpj":"18096686000121","saleId":"3354269A","executiveName":"Pasquale Neto"}}
{"timestamp":"2026-03-10T22:41:13.209Z","importId":1,"level":"WARN","message":"Linha 5760: Pontuação é 0 ou null","category":"PONTUACAO","context":{"rowNumber":5760,"points":0,"cnpj":"12100779000104","saleId":"3353905A","executiveName":"Carlos Brito"}}
{"timestamp":"2026-03-10T22:41:13.281Z","importId":1,"level":"WARN","message":"Linha 5804: Pontuação é 0 ou null","category":"PONTUACAO","context":{"rowNumber":5804,"points":0,"cnpj":"57959041000127","saleId":"3353592A","executiveName":"Walter Junior"}}
{"timestamp":"2026-03-10T22:41:13.446Z","importId":1,"level":"WARN","message":"Linha 5913: Pontuação é 0 ou null","category":"PONTUACAO","context":{"rowNumber":5913,"points":0,"cnpj":"03022734000160","saleId":"3353960A","executiveName":"Ricardo Morais"}}
{"timestamp":"2026-03-10T22:41:13.449Z","importId":1,"level":"WARN","message":"Linha 5914: Pontuação é 0 ou null","category":"PONTUACAO","context":{"rowNumber":5914,"points":0,"cnpj":"12100779000104","saleId":"3353959A","executiveName":"Carlos Brito"}}
{"timestamp":"2026-03-10T22:41:13.454Z","importId":1,"level":"WARN","message":"Linha 5916: Pontuação é 0 ou null","category":"PONTUACAO","context":{"rowNumber":5916,"points":0,"cnpj":"12100779000104","saleId":"3353957A","executiveName":"Carlos Brito"}}
{"timestamp":"2026-03-10T22:41:13.485Z","importId":1,"level":"WARN","message":"Linha 5937: Pontuação é 0 ou null","category":"PONTUACAO","context":{"rowNumber":5937,"points":0,"cnpj":"34808702000118","saleId":"3354030A","executiveName":"Carlos Brito"}}
{"timestamp":"2026-03-10T22:41:13.489Z","importId":1,"level":"WARN","message":"Linha 5938: Pontuação é 0 ou null","category":"PONTUACAO","context":{"rowNumber":5938,"points":0,"cnpj":"34808702000118","saleId":"3354029A","executiveName":"Carlos Brito"}}
{"timestamp":"2026-03-10T22:41:14.273Z","importId":1,"level":"WARN","message":"Linha 6459: Pontuação é 0 ou null","category":"PONTUACAO","context":{"rowNumber":6459,"points":0,"cnpj":"57559445000123","saleId":"209387M1700271","executiveName":"JUNIA CLEMENTE"}}
{"timestamp":"2026-03-10T22:41:14.280Z","importId":1,"level":"WARN","message":"Linha 6462: Pontuação é 0 ou null","category":"PONTUACAO","context":{"rowNumber":6462,"points":0,"cnpj":"57559445000123","saleId":"209387M1700270","executiveName":"JUNIA CLEMENTE"}}
{"timestamp":"2026-03-10T22:41:14.286Z","importId":1,"level":"WARN","message":"Linha 6464: Pontuação é 0 ou null","category":"PONTUACAO","context":{"rowNumber":6464,"points":0,"cnpj":"27588973000140","saleId":"3357186T","executiveName":"Marlon Wander"}}
{"timestamp":"2026-03-10T22:41:14.290Z","importId":1,"level":"WARN","message":"Linha 6465: Pontuação é 0 ou null","category":"PONTUACAO","context":{"rowNumber":6465,"points":0,"cnpj":"57559445000123","saleId":"209387M1700272","executiveName":"JUNIA CLEMENTE"}}
{"timestamp":"2026-03-10T22:41:14.293Z","importId":1,"level":"WARN","message":"Linha 6467: Pontuação é 0 ou null","category":"PONTUACAO","context":{"rowNumber":6467,"points":0,"cnpj":"01004367000146","saleId":"3357246T","executiveName":"Marlon Wander"}}
{"timestamp":"2026-03-10T22:41:14.295Z","importId":1,"level":"WARN","message":"Linha 6468: Pontuação é 0 ou null","category":"PONTUACAO","context":{"rowNumber":6468,"points":0,"cnpj":"57559445000123","saleId":"209387M1700273","executiveName":"JUNIA CLEMENTE"}}
{"timestamp":"2026-03-10T22:41:14.303Z","importId":1,"level":"WARN","message":"Linha 6473: Pontuação é 0 ou null","category":"PONTUACAO","context":{"rowNumber":6473,"points":0,"cnpj":"04844573000152","saleId":"3357258T","executiveName":"Miguel Jenotti"}}
{"timestamp":"2026-03-10T22:41:14.321Z","importId":1,"level":"WARN","message":"Linha 6483: Pontuação é 0 ou null","category":"PONTUACAO","context":{"rowNumber":6483,"points":0,"cnpj":"57559445000123","saleId":"209387M1700269","executiveName":"JUNIA CLEMENTE"}}
{"timestamp":"2026-03-10T22:41:14.338Z","importId":1,"level":"WARN","message":"Linha 6492: Pontuação é 0 ou null","category":"PONTUACAO","context":{"rowNumber":6492,"points":0,"cnpj":"57559445000123","saleId":"209387M1700267","executiveName":"JUNIA CLEMENTE"}}
{"timestamp":"2026-03-10T22:41:14.367Z","importId":1,"level":"WARN","message":"Linha 6506: Pontuação é 0 ou null","category":"PONTUACAO","context":{"rowNumber":6506,"points":0,"cnpj":"27588973000140","saleId":"3357187T","executiveName":"Marlon Wander"}}
{"timestamp":"2026-03-10T22:41:14.379Z","importId":1,"level":"WARN","message":"Linha 6513: Pontuação é 0 ou null","category":"PONTUACAO","context":{"rowNumber":6513,"points":0,"cnpj":"10880027000170","saleId":"209381M1700241","executiveName":"JUNIA CLEMENTE"}}
{"timestamp":"2026-03-10T22:41:14.386Z","importId":1,"level":"WARN","message":"Linha 6515: Pontuação é 0 ou null","category":"PONTUACAO","context":{"rowNumber":6515,"points":0,"cnpj":"02251423000100","saleId":"3357461T","executiveName":"Armando Soares"}}
{"timestamp":"2026-03-10T22:41:14.410Z","importId":1,"level":"WARN","message":"Linha 6530: Pontuação é 0 ou null","category":"PONTUACAO","context":{"rowNumber":6530,"points":0,"cnpj":"02251423000100","saleId":"3357478T","executiveName":"Armando Soares"}}
{"timestamp":"2026-03-10T22:41:14.418Z","importId":1,"level":"WARN","message":"Linha 6533: Pontuação é 0 ou null","category":"PONTUACAO","context":{"rowNumber":6533,"points":0,"cnpj":"02251423000100","saleId":"3357479T","executiveName":"Armando Soares"}}
{"timestamp":"2026-03-10T22:41:14.424Z","importId":1,"level":"WARN","message":"Linha 6536: Pontuação é 0 ou null","category":"PONTUACAO","context":{"rowNumber":6536,"points":0,"cnpj":"02251423000100","saleId":"3357480T","executiveName":"Armando Soares"}}
{"timestamp":"2026-03-10T22:41:14.432Z","importId":1,"level":"WARN","message":"Linha 6540: Pontuação é 0 ou null","category":"PONTUACAO","context":{"rowNumber":6540,"points":0,"cnpj":"57559445000123","saleId":"209387M1700268","executiveName":"JUNIA CLEMENTE"}}
{"timestamp":"2026-03-10T22:41:14.452Z","importId":1,"level":"WARN","message":"Linha 6549: Pontuação é 0 ou null","category":"PONTUACAO","context":{"rowNumber":6549,"points":0,"cnpj":"57559445000123","saleId":"209387M1700266","executiveName":"JUNIA CLEMENTE"}}
{"timestamp":"2026-03-10T22:41:14.455Z","importId":1,"level":"WARN","message":"Linha 6551: Pontuação é 0 ou null","category":"PONTUACAO","context":{"rowNumber":6551,"points":0,"cnpj":"02251423000100","saleId":"3357519T","executiveName":"Armando Soares"}}
{"timestamp":"2026-03-10T22:41:14.458Z","importId":1,"level":"WARN","message":"Linha 6552: Pontuação é 0 ou null","category":"PONTUACAO","context":{"rowNumber":6552,"points":0,"cnpj":"57559445000123","saleId":"209387M1700265","executiveName":"JUNIA CLEMENTE"}}
{"timestamp":"2026-03-10T22:41:14.465Z","importId":1,"level":"WARN","message":"Linha 6555: Pontuação é 0 ou null","category":"PONTUACAO","context":{"rowNumber":6555,"points":0,"cnpj":"57559445000123","saleId":"209387M1700264","executiveName":"JUNIA CLEMENTE"}}
{"timestamp":"2026-03-10T22:41:14.471Z","importId":1,"level":"WARN","message":"Linha 6558: Pontuação é 0 ou null","category":"PONTUACAO","context":{"rowNumber":6558,"points":0,"cnpj":"57559445000123","saleId":"209387M1700263","executiveName":"JUNIA CLEMENTE"}}
{"timestamp":"2026-03-10T22:41:14.475Z","importId":1,"level":"WARN","message":"Linha 6561: Pontuação é 0 ou null","category":"PONTUACAO","context":{"rowNumber":6561,"points":0,"cnpj":"57559445000123","saleId":"209387M1700262","executiveName":"JUNIA CLEMENTE"}}
{"timestamp":"2026-03-10T22:41:14.481Z","importId":1,"level":"WARN","message":"Linha 6564: Pontuação é 0 ou null","category":"PONTUACAO","context":{"rowNumber":6564,"points":0,"cnpj":"57559445000123","saleId":"209387M1700261","executiveName":"JUNIA CLEMENTE"}}
{"timestamp":"2026-03-10T22:41:14.493Z","importId":1,"level":"WARN","message":"Linha 6570: Pontuação é 0 ou null","category":"PONTUACAO","context":{"rowNumber":6570,"points":0,"cnpj":"57559445000123","saleId":"209387M1700260","executiveName":"JUNIA CLEMENTE"}}
{"timestamp":"2026-03-10T22:41:14.577Z","importId":1,"level":"WARN","message":"Linha 6623: Pontuação é 0 ou null","category":"PONTUACAO","context":{"rowNumber":6623,"points":0,"cnpj":"38335928000108","saleId":"3357345T","executiveName":"Maira Vallim"}}
{"timestamp":"2026-03-10T22:41:14.619Z","importId":1,"level":"WARN","message":"Linha 6650: Pontuação é 0 ou null","category":"PONTUACAO","context":{"rowNumber":6650,"points":0,"cnpj":"15505790000134","saleId":"3357443T","executiveName":"Carlos Brito"}}
{"timestamp":"2026-03-10T22:41:14.887Z","importId":1,"level":"WARN","message":"Linha 6808: Pontuação é 0 ou null","category":"PONTUACAO","context":{"rowNumber":6808,"points":0,"cnpj":"03329746000131","saleId":"3357169T","executiveName":"Luana Fagundes"}}
{"timestamp":"2026-03-10T22:41:15.233Z","importId":1,"level":"WARN","message":"Linha 6996: Pontuação é 0 ou null","category":"PONTUACAO","context":{"rowNumber":6996,"points":0,"cnpj":"02251423000100","saleId":"3357164T","executiveName":"Armando Soares"}}
{"timestamp":"2026-03-10T22:41:15.262Z","importId":1,"level":"WARN","message":"Linha 7006: Pontuação é 0 ou null","category":"PONTUACAO","context":{"rowNumber":7006,"points":0,"cnpj":"02251423000100","saleId":"3357142T","executiveName":"Armando Soares"}}
{"timestamp":"2026-03-10T22:41:15.867Z","importId":1,"level":"WARN","message":"Linha 7255: Pontuação é 0 ou null","category":"PONTUACAO","context":{"rowNumber":7255,"points":0,"cnpj":"60963550000138","saleId":"3358759A","executiveName":"Marlon Wander"}}
{"timestamp":"2026-03-10T22:41:15.878Z","importId":1,"level":"WARN","message":"Linha 7257: Pontuação é 0 ou null","category":"PONTUACAO","context":{"rowNumber":7257,"points":0,"cnpj":"59891797000107","saleId":"3358903A","executiveName":"Walter Junior"}}
{"timestamp":"2026-03-10T22:41:15.887Z","importId":1,"level":"WARN","message":"Linha 7259: Pontuação é 0 ou null","category":"PONTUACAO","context":{"rowNumber":7259,"points":0,"cnpj":"59717926000145","saleId":"3358855A","executiveName":"Ronaldo Coelho"}}
{"timestamp":"2026-03-10T22:41:15.940Z","importId":1,"level":"WARN","message":"Linha 7268: Pontuação é 0 ou null","category":"PONTUACAO","context":{"rowNumber":7268,"points":0,"cnpj":"02552433000185","saleId":"3358932A","executiveName":"Carlos Barbassa"}}
{"timestamp":"2026-03-10T22:41:15.988Z","importId":1,"level":"WARN","message":"Linha 7277: Pontuação é 0 ou null","category":"PONTUACAO","context":{"rowNumber":7277,"points":0,"cnpj":"18587179000190","saleId":"3358814A","executiveName":"Gabriela Carvalho"}}
{"timestamp":"2026-03-10T22:41:15.992Z","importId":1,"level":"WARN","message":"Linha 7278: Pontuação é 0 ou null","category":"PONTUACAO","context":{"rowNumber":7278,"points":0,"cnpj":"82524232000103","saleId":"3358813A","executiveName":"Cassia Shimabukuro"}}
{"timestamp":"2026-03-10T22:41:16.001Z","importId":1,"level":"WARN","message":"Linha 7282: Pontuação é 0 ou null","category":"PONTUACAO","context":{"rowNumber":7282,"points":0,"cnpj":"41369871000164","saleId":"3358806A","executiveName":"Marlon Wander"}}
{"timestamp":"2026-03-10T22:41:16.023Z","importId":1,"level":"WARN","message":"Linha 7292: Pontuação é 0 ou null","category":"PONTUACAO","context":{"rowNumber":7292,"points":0,"cnpj":"51598851000119","saleId":"3359099A","executiveName":"Karla Reis"}}
{"timestamp":"2026-03-10T22:41:16.028Z","importId":1,"level":"WARN","message":"Linha 7293: Pontuação é 0 ou null","category":"PONTUACAO","context":{"rowNumber":7293,"points":0,"cnpj":"35654890000130","saleId":"3359096A","executiveName":"Luana Fagundes"}}
{"timestamp":"2026-03-10T22:41:16.032Z","importId":1,"level":"WARN","message":"Linha 7294: Pontuação é 0 ou null","category":"PONTUACAO","context":{"rowNumber":7294,"points":0,"cnpj":"28551518000132","saleId":"3359094A","executiveName":"Karla Reis"}}
{"timestamp":"2026-03-10T22:41:16.037Z","importId":1,"level":"WARN","message":"Linha 7295: Pontuação é 0 ou null","category":"PONTUACAO","context":{"rowNumber":7295,"points":0,"cnpj":"19488442000157","saleId":"3359089A","executiveName":"Ricardo Morais"}}
{"timestamp":"2026-03-10T22:41:16.042Z","importId":1,"level":"WARN","message":"Linha 7297: Pontuação é 0 ou null","category":"PONTUACAO","context":{"rowNumber":7297,"points":0,"cnpj":"01004367000146","saleId":"3359081A","executiveName":"Marlon Wander"}}
{"timestamp":"2026-03-10T22:41:16.046Z","importId":1,"level":"WARN","message":"Linha 7298: Pontuação é 0 ou null","category":"PONTUACAO","context":{"rowNumber":7298,"points":0,"cnpj":"03366331000138","saleId":"3359065A","executiveName":"Carlos Barbassa"}}
{"timestamp":"2026-03-10T22:41:16.069Z","importId":1,"level":"WARN","message":"Linha 7309: Pontuação é 0 ou null","category":"PONTUACAO","context":{"rowNumber":7309,"points":0,"cnpj":"03366331000138","saleId":"3359066A","executiveName":"Carlos Barbassa"}}
{"timestamp":"2026-03-10T22:41:16.074Z","importId":1,"level":"WARN","message":"Linha 7311: Pontuação é 0 ou null","category":"PONTUACAO","context":{"rowNumber":7311,"points":0,"cnpj":"41369871000164","saleId":"3358805A","executiveName":"Marlon Wander"}}
{"timestamp":"2026-03-10T22:41:16.078Z","importId":1,"level":"WARN","message":"Linha 7312: Pontuação é 0 ou null","category":"PONTUACAO","context":{"rowNumber":7312,"points":0,"cnpj":"41369871000164","saleId":"3358803A","executiveName":"Marlon Wander"}}
{"timestamp":"2026-03-10T22:41:16.088Z","importId":1,"level":"WARN","message":"Linha 7316: Pontuação é 0 ou null","category":"PONTUACAO","context":{"rowNumber":7316,"points":0,"cnpj":"21301696000166","saleId":"3358766A","executiveName":"Luana Fagundes"}}
{"timestamp":"2026-03-10T22:41:16.095Z","importId":1,"level":"WARN","message":"Linha 7319: Pontuação é 0 ou null","category":"PONTUACAO","context":{"rowNumber":7319,"points":0,"cnpj":"15875000000102","saleId":"3358763A","executiveName":"Elza Lara"}}
{"timestamp":"2026-03-10T22:41:16.099Z","importId":1,"level":"WARN","message":"Linha 7320: Pontuação é 0 ou null","category":"PONTUACAO","context":{"rowNumber":7320,"points":0,"cnpj":"15875000000102","saleId":"3358762A","executiveName":"Elza Lara"}}
{"timestamp":"2026-03-10T22:41:16.103Z","importId":1,"level":"WARN","message":"Linha 7321: Pontuação é 0 ou null","category":"PONTUACAO","context":{"rowNumber":7321,"points":0,"cnpj":"15875000000102","saleId":"3358761A","executiveName":"Elza Lara"}}
{"timestamp":"2026-03-10T22:41:16.105Z","importId":1,"level":"WARN","message":"Linha 7322: Pontuação é 0 ou null","category":"PONTUACAO","context":{"rowNumber":7322,"points":0,"cnpj":"15875000000102","saleId":"3358760A","executiveName":"Elza Lara"}}
{"timestamp":"2026-03-10T22:41:16.108Z","importId":1,"level":"WARN","message":"Linha 7323: Pontuação é 0 ou null","category":"PONTUACAO","context":{"rowNumber":7323,"points":0,"cnpj":"60963550000138","saleId":"3358758A","executiveName":"Marlon Wander"}}
{"timestamp":"2026-03-10T22:41:16.113Z","importId":1,"level":"WARN","message":"Linha 7324: Pontuação é 0 ou null","category":"PONTUACAO","context":{"rowNumber":7324,"points":0,"cnpj":"27539260000196","saleId":"3358772A","executiveName":"Carlos Barbassa"}}
{"timestamp":"2026-03-10T22:41:16.118Z","importId":1,"level":"WARN","message":"Linha 7325: Pontuação é 0 ou null","category":"PONTUACAO","context":{"rowNumber":7325,"points":0,"cnpj":"60963550000138","saleId":"3358757A","executiveName":"Marlon Wander"}}
{"timestamp":"2026-03-10T22:41:16.122Z","importId":1,"level":"WARN","message":"Linha 7326: Pontuação é 0 ou null","category":"PONTUACAO","context":{"rowNumber":7326,"points":0,"cnpj":"65549586000193","saleId":"3358755A","executiveName":"Cristiano Dafre"}}
{"timestamp":"2026-03-10T22:41:16.126Z","importId":1,"level":"WARN","message":"Linha 7328: Pontuação é 0 ou null","category":"PONTUACAO","context":{"rowNumber":7328,"points":0,"cnpj":"64970767000126","saleId":"3358753A","executiveName":"Ricardo Bueno"}}
{"timestamp":"2026-03-10T22:41:16.131Z","importId":1,"level":"WARN","message":"Linha 7329: Pontuação é 0 ou null","category":"PONTUACAO","context":{"rowNumber":7329,"points":0,"cnpj":"58693110000166","saleId":"3358752A","executiveName":"Rafaela Soares"}}
{"timestamp":"2026-03-10T22:41:16.137Z","importId":1,"level":"WARN","message":"Linha 7331: Pontuação é 0 ou null","category":"PONTUACAO","context":{"rowNumber":7331,"points":0,"cnpj":"10443597000100","saleId":"3358748A","executiveName":"Elza Lara"}}
{"timestamp":"2026-03-10T22:41:16.142Z","importId":1,"level":"WARN","message":"Linha 7332: Pontuação é 0 ou null","category":"PONTUACAO","context":{"rowNumber":7332,"points":0,"cnpj":"10443597000100","saleId":"3358747A","executiveName":"Elza Lara"}}
{"timestamp":"2026-03-10T22:41:16.148Z","importId":1,"level":"WARN","message":"Linha 7334: Pontuação é 0 ou null","category":"PONTUACAO","context":{"rowNumber":7334,"points":0,"cnpj":"00966316000132","saleId":"3358738A","executiveName":"Cristiano Dafre"}}
{"timestamp":"2026-03-10T22:41:16.154Z","importId":1,"level":"WARN","message":"Linha 7335: Pontuação é 0 ou null","category":"PONTUACAO","context":{"rowNumber":7335,"points":0,"cnpj":"00966316000132","saleId":"3358737A","executiveName":"Cristiano Dafre"}}
{"timestamp":"2026-03-10T22:41:16.157Z","importId":1,"level":"WARN","message":"Linha 7336: Pontuação é 0 ou null","category":"PONTUACAO","context":{"rowNumber":7336,"points":0,"cnpj":"00966316000132","saleId":"3358736A","executiveName":"Cristiano Dafre"}}
{"timestamp":"2026-03-10T22:41:16.160Z","importId":1,"level":"WARN","message":"Linha 7337: Pontuação é 0 ou null","category":"PONTUACAO","context":{"rowNumber":7337,"points":0,"cnpj":"60963550000138","saleId":"3358756A","executiveName":"Marlon Wander"}}
{"timestamp":"2026-03-10T22:41:16.163Z","importId":1,"level":"WARN","message":"Linha 7338: Pontuação é 0 ou null","category":"PONTUACAO","context":{"rowNumber":7338,"points":0,"cnpj":"41369871000164","saleId":"3358804A","executiveName":"Marlon Wander"}}
{"timestamp":"2026-03-10T22:41:16.170Z","importId":1,"level":"WARN","message":"Linha 7339: Pontuação é 0 ou null","category":"PONTUACAO","context":{"rowNumber":7339,"points":0,"cnpj":"35654890000130","saleId":"3358773A","executiveName":"Luana Fagundes"}}
{"timestamp":"2026-03-10T22:41:16.173Z","importId":1,"level":"WARN","message":"Linha 7340: Pontuação é 0 ou null","category":"PONTUACAO","context":{"rowNumber":7340,"points":0,"cnpj":"28327129000128","saleId":"3358775A","executiveName":"Marlon Wander"}}
{"timestamp":"2026-03-10T22:41:16.176Z","importId":1,"level":"WARN","message":"Linha 7341: Pontuação é 0 ou null","category":"PONTUACAO","context":{"rowNumber":7341,"points":0,"cnpj":"41369871000164","saleId":"3358802A","executiveName":"Marlon Wander"}}
{"timestamp":"2026-03-10T22:41:16.178Z","importId":1,"level":"WARN","message":"Linha 7342: Pontuação é 0 ou null","category":"PONTUACAO","context":{"rowNumber":7342,"points":0,"cnpj":"41369871000164","saleId":"3358801A","executiveName":"Marlon Wander"}}
{"timestamp":"2026-03-10T22:41:16.181Z","importId":1,"level":"WARN","message":"Linha 7343: Pontuação é 0 ou null","category":"PONTUACAO","context":{"rowNumber":7343,"points":0,"cnpj":"41369871000164","saleId":"3358800A","executiveName":"Marlon Wander"}}
{"timestamp":"2026-03-10T22:41:16.185Z","importId":1,"level":"WARN","message":"Linha 7344: Pontuação é 0 ou null","category":"PONTUACAO","context":{"rowNumber":7344,"points":0,"cnpj":"41369871000164","saleId":"3358799A","executiveName":"Marlon Wander"}}
{"timestamp":"2026-03-10T22:41:16.190Z","importId":1,"level":"WARN","message":"Linha 7345: Pontuação é 0 ou null","category":"PONTUACAO","context":{"rowNumber":7345,"points":0,"cnpj":"41369871000164","saleId":"3358798A","executiveName":"Marlon Wander"}}
{"timestamp":"2026-03-10T22:41:16.196Z","importId":1,"level":"WARN","message":"Linha 7346: Pontuação é 0 ou null","category":"PONTUACAO","context":{"rowNumber":7346,"points":0,"cnpj":"41369871000164","saleId":"3358797A","executiveName":"Marlon Wander"}}
{"timestamp":"2026-03-10T22:41:16.198Z","importId":1,"level":"WARN","message":"Linha 7347: Pontuação é 0 ou null","category":"PONTUACAO","context":{"rowNumber":7347,"points":0,"cnpj":"41369871000164","saleId":"3358796A","executiveName":"Marlon Wander"}}
{"timestamp":"2026-03-10T22:41:16.201Z","importId":1,"level":"WARN","message":"Linha 7348: Pontuação é 0 ou null","category":"PONTUACAO","context":{"rowNumber":7348,"points":0,"cnpj":"41369871000164","saleId":"3358795A","executiveName":"Marlon Wander"}}
{"timestamp":"2026-03-10T22:41:16.205Z","importId":1,"level":"WARN","message":"Linha 7349: Pontuação é 0 ou null","category":"PONTUACAO","context":{"rowNumber":7349,"points":0,"cnpj":"41369871000164","saleId":"3358794A","executiveName":"Marlon Wander"}}
{"timestamp":"2026-03-10T22:41:16.210Z","importId":1,"level":"WARN","message":"Linha 7350: Pontuação é 0 ou null","category":"PONTUACAO","context":{"rowNumber":7350,"points":0,"cnpj":"41369871000164","saleId":"3358793A","executiveName":"Marlon Wander"}}
{"timestamp":"2026-03-10T22:41:16.213Z","importId":1,"level":"WARN","message":"Linha 7351: Pontuação é 0 ou null","category":"PONTUACAO","context":{"rowNumber":7351,"points":0,"cnpj":"41369871000164","saleId":"3358792A","executiveName":"Marlon Wander"}}
{"timestamp":"2026-03-10T22:41:16.216Z","importId":1,"level":"WARN","message":"Linha 7352: Pontuação é 0 ou null","category":"PONTUACAO","context":{"rowNumber":7352,"points":0,"cnpj":"28327129000128","saleId":"3358774A","executiveName":"Marlon Wander"}}
{"timestamp":"2026-03-10T22:41:16.220Z","importId":1,"level":"WARN","message":"Linha 7354: Pontuação é 0 ou null","category":"PONTUACAO","context":{"rowNumber":7354,"points":0,"cnpj":"24103690000172","saleId":"3358786A","executiveName":"Karla Reis"}}
{"timestamp":"2026-03-10T22:41:16.227Z","importId":1,"level":"WARN","message":"Linha 7355: Pontuação é 0 ou null","category":"PONTUACAO","context":{"rowNumber":7355,"points":0,"cnpj":"24103690000172","saleId":"3358785A","executiveName":"Karla Reis"}}
{"timestamp":"2026-03-10T22:41:16.240Z","importId":1,"level":"WARN","message":"Linha 7360: Pontuação é 0 ou null","category":"PONTUACAO","context":{"rowNumber":7360,"points":0,"cnpj":"41626868000189","saleId":"3358780A","executiveName":"Kelly Furno"}}
{"timestamp":"2026-03-10T22:41:16.245Z","importId":1,"level":"WARN","message":"Linha 7362: Pontuação é 0 ou null","category":"PONTUACAO","context":{"rowNumber":7362,"points":0,"cnpj":"05946137000157","saleId":"3358778A","executiveName":"Elza Lara"}}
{"timestamp":"2026-03-10T22:41:16.248Z","importId":1,"level":"WARN","message":"Linha 7363: Pontuação é 0 ou null","category":"PONTUACAO","context":{"rowNumber":7363,"points":0,"cnpj":"28327129000128","saleId":"3358777A","executiveName":"Marlon Wander"}}
{"timestamp":"2026-03-10T22:41:16.251Z","importId":1,"level":"WARN","message":"Linha 7364: Pontuação é 0 ou null","category":"PONTUACAO","context":{"rowNumber":7364,"points":0,"cnpj":"28327129000128","saleId":"3358776A","executiveName":"Marlon Wander"}}
{"timestamp":"2026-03-10T22:41:16.266Z","importId":1,"level":"WARN","message":"Linha 7370: Pontuação é 0 ou null","category":"PONTUACAO","context":{"rowNumber":7370,"points":0,"cnpj":"10931838000152","saleId":"3367830A","executiveName":"Carlos Barbassa"}}
{"timestamp":"2026-03-10T22:41:16.268Z","importId":1,"level":"WARN","message":"Linha 7371: Pontuação é 0 ou null","category":"PONTUACAO","context":{"rowNumber":7371,"points":0,"cnpj":"15117936001065","saleId":"3366621A","executiveName":"Ronaldo Coelho"}}
{"timestamp":"2026-03-10T22:41:16.272Z","importId":1,"level":"WARN","message":"Linha 7372: Pontuação é 0 ou null","category":"PONTUACAO","context":{"rowNumber":7372,"points":0,"cnpj":"45206060000101","saleId":"3365961A","executiveName":"Elza Lara"}}
{"timestamp":"2026-03-10T22:41:16.280Z","importId":1,"level":"WARN","message":"Linha 7375: Pontuação é 0 ou null","category":"PONTUACAO","context":{"rowNumber":7375,"points":0,"cnpj":"51598851000119","saleId":"3363233A","executiveName":"Karla Reis"}}
{"timestamp":"2026-03-10T22:41:16.283Z","importId":1,"level":"WARN","message":"Linha 7376: Pontuação é 0 ou null","category":"PONTUACAO","context":{"rowNumber":7376,"points":0,"cnpj":"51598851000119","saleId":"3363232A","executiveName":"Karla Reis"}}
{"timestamp":"2026-03-10T22:41:16.287Z","importId":1,"level":"WARN","message":"Linha 7378: Pontuação é 0 ou null","category":"PONTUACAO","context":{"rowNumber":7378,"points":0,"cnpj":"10632852000155","saleId":"3363127A","executiveName":"Carlos Barbassa"}}
{"timestamp":"2026-03-10T22:41:16.289Z","importId":1,"level":"WARN","message":"Linha 7379: Pontuação é 0 ou null","category":"PONTUACAO","context":{"rowNumber":7379,"points":0,"cnpj":"32351158000100","saleId":"3363105A","executiveName":"Roberto Garbin"}}
{"timestamp":"2026-03-10T22:41:16.294Z","importId":1,"level":"WARN","message":"Linha 7381: Pontuação é 0 ou null","category":"PONTUACAO","context":{"rowNumber":7381,"points":0,"cnpj":"32351158000100","saleId":"3363104A","executiveName":"Roberto Garbin"}}
{"timestamp":"2026-03-10T22:41:16.297Z","importId":1,"level":"WARN","message":"Linha 7382: Pontuação é 0 ou null","category":"PONTUACAO","context":{"rowNumber":7382,"points":0,"cnpj":"29479499000143","saleId":"3363040A","executiveName":"Cassia Shimabukuro"}}
{"timestamp":"2026-03-10T22:41:16.301Z","importId":1,"level":"WARN","message":"Linha 7383: Pontuação é 0 ou null","category":"PONTUACAO","context":{"rowNumber":7383,"points":0,"cnpj":"48652489000293","saleId":"3363030A","executiveName":"Ricardo Morais"}}
{"timestamp":"2026-03-10T22:41:16.307Z","importId":1,"level":"WARN","message":"Linha 7384: Pontuação é 0 ou null","category":"PONTUACAO","context":{"rowNumber":7384,"points":0,"cnpj":"48652489000293","saleId":"3363029A","executiveName":"Ricardo Morais"}}
{"timestamp":"2026-03-10T22:41:16.312Z","importId":1,"level":"WARN","message":"Linha 7385: Pontuação é 0 ou null","category":"PONTUACAO","context":{"rowNumber":7385,"points":0,"cnpj":"44580085000108","saleId":"3363023A","executiveName":"Cristiano Dafre"}}
{"timestamp":"2026-03-10T22:41:16.317Z","importId":1,"level":"WARN","message":"Linha 7386: Pontuação é 0 ou null","category":"PONTUACAO","context":{"rowNumber":7386,"points":0,"cnpj":"44580085000108","saleId":"3363022A","executiveName":"Cristiano Dafre"}}
{"timestamp":"2026-03-10T22:41:16.320Z","importId":1,"level":"WARN","message":"Linha 7387: Pontuação é 0 ou null","category":"PONTUACAO","context":{"rowNumber":7387,"points":0,"cnpj":"24839282000183","saleId":"3363020A","executiveName":"Karla Reis"}}
{"timestamp":"2026-03-10T22:41:16.323Z","importId":1,"level":"WARN","message":"Linha 7388: Pontuação é 0 ou null","category":"PONTUACAO","context":{"rowNumber":7388,"points":0,"cnpj":"24839282000183","saleId":"3363019A","executiveName":"Karla Reis"}}
{"timestamp":"2026-03-10T22:41:16.326Z","importId":1,"level":"WARN","message":"Linha 7389: Pontuação é 0 ou null","category":"PONTUACAO","context":{"rowNumber":7389,"points":0,"cnpj":"24839282000183","saleId":"3363018A","executiveName":"Karla Reis"}}
{"timestamp":"2026-03-10T22:41:16.329Z","importId":1,"level":"WARN","message":"Linha 7390: Pontuação é 0 ou null","category":"PONTUACAO","context":{"rowNumber":7390,"points":0,"cnpj":"24839282000183","saleId":"3363017A","executiveName":"Karla Reis"}}
{"timestamp":"2026-03-10T22:41:16.331Z","importId":1,"level":"WARN","message":"Linha 7391: Pontuação é 0 ou null","category":"PONTUACAO","context":{"rowNumber":7391,"points":0,"cnpj":"24839282000183","saleId":"3363016A","executiveName":"Karla Reis"}}
{"timestamp":"2026-03-10T22:41:16.335Z","importId":1,"level":"WARN","message":"Linha 7392: Pontuação é 0 ou null","category":"PONTUACAO","context":{"rowNumber":7392,"points":0,"cnpj":"24839282000183","saleId":"3363015A","executiveName":"Karla Reis"}}
{"timestamp":"2026-03-10T22:41:16.340Z","importId":1,"level":"WARN","message":"Linha 7393: Pontuação é 0 ou null","category":"PONTUACAO","context":{"rowNumber":7393,"points":0,"cnpj":"02207606000128","saleId":"3363050A","executiveName":"Carlos Barbassa"}}
{"timestamp":"2026-03-10T22:41:16.344Z","importId":1,"level":"WARN","message":"Linha 7394: Pontuação é 0 ou null","category":"PONTUACAO","context":{"rowNumber":7394,"points":0,"cnpj":"24839282000183","saleId":"3363014A","executiveName":"Karla Reis"}}
{"timestamp":"2026-03-10T22:41:16.371Z","importId":1,"level":"WARN","message":"Linha 7399: Pontuação é 0 ou null","category":"PONTUACAO","context":{"rowNumber":7399,"points":0,"cnpj":"44247693000197","saleId":"3370933A","executiveName":"Cristiano Dafre"}}
{"timestamp":"2026-03-10T22:41:16.380Z","importId":1,"level":"WARN","message":"Linha 7400: Pontuação é 0 ou null","category":"PONTUACAO","context":{"rowNumber":7400,"points":0,"cnpj":"44247693000197","saleId":"3370932A","executiveName":"Cristiano Dafre"}}
{"timestamp":"2026-03-10T22:41:16.385Z","importId":1,"level":"WARN","message":"Linha 7401: Pontuação é 0 ou null","category":"PONTUACAO","context":{"rowNumber":7401,"points":0,"cnpj":"44247693000197","saleId":"3370931A","executiveName":"Cristiano Dafre"}}
{"timestamp":"2026-03-10T22:41:16.392Z","importId":1,"level":"WARN","message":"Linha 7402: Pontuação é 0 ou null","category":"PONTUACAO","context":{"rowNumber":7402,"points":0,"cnpj":"44247693000197","saleId":"3370930A","executiveName":"Cristiano Dafre"}}
{"timestamp":"2026-03-10T22:41:16.399Z","importId":1,"level":"WARN","message":"Linha 7404: Pontuação é 0 ou null","category":"PONTUACAO","context":{"rowNumber":7404,"points":0,"cnpj":"46333139000158","saleId":"3370575A","executiveName":"Gabriela Carvalho"}}
{"timestamp":"2026-03-10T22:41:16.406Z","importId":1,"level":"WARN","message":"Linha 7405: Pontuação é 0 ou null","category":"PONTUACAO","context":{"rowNumber":7405,"points":0,"cnpj":"46333139000158","saleId":"3370574A","executiveName":"Gabriela Carvalho"}}
{"timestamp":"2026-03-10T22:41:16.411Z","importId":1,"level":"WARN","message":"Linha 7407: Pontuação é 0 ou null","category":"PONTUACAO","context":{"rowNumber":7407,"points":0,"cnpj":"57211765000198","saleId":"3368811A","executiveName":"Pasquale Neto"}}
{"timestamp":"2026-03-10T22:41:16.416Z","importId":1,"level":"WARN","message":"Linha 7409: Pontuação é 0 ou null","category":"PONTUACAO","context":{"rowNumber":7409,"points":0,"cnpj":"01491692000180","saleId":"3368810A","executiveName":"Ricardo Morais"}}
{"timestamp":"2026-03-10T22:41:16.418Z","importId":1,"level":"WARN","message":"Linha 7410: Pontuação é 0 ou null","category":"PONTUACAO","context":{"rowNumber":7410,"points":0,"cnpj":"01491692000180","saleId":"3368254A","executiveName":"Ricardo Morais"}}
{"timestamp":"2026-03-10T22:41:16.422Z","importId":1,"level":"WARN","message":"Linha 7411: Pontuação é 0 ou null","category":"PONTUACAO","context":{"rowNumber":7411,"points":0,"cnpj":"57211765000198","saleId":"3368233A","executiveName":"Pasquale Neto"}}
{"timestamp":"2026-03-10T22:41:16.424Z","importId":1,"level":"WARN","message":"Linha 7412: Pontuação é 0 ou null","category":"PONTUACAO","context":{"rowNumber":7412,"points":0,"cnpj":"26643347000146","saleId":"3368099A","executiveName":"Miguel Jenotti"}}
{"timestamp":"2026-03-10T22:41:16.428Z","importId":1,"level":"WARN","message":"Linha 7414: Pontuação é 0 ou null","category":"PONTUACAO","context":{"rowNumber":7414,"points":0,"cnpj":"57608093000159","saleId":"3367944A","executiveName":"Cristiano Dafre"}}
{"timestamp":"2026-03-10T22:41:16.431Z","importId":1,"level":"WARN","message":"Linha 7415: Pontuação é 0 ou null","category":"PONTUACAO","context":{"rowNumber":7415,"points":0,"cnpj":"57608093000159","saleId":"3367943A","executiveName":"Cristiano Dafre"}}
{"timestamp":"2026-03-10T22:41:16.435Z","importId":1,"level":"WARN","message":"Linha 7416: Pontuação é 0 ou null","category":"PONTUACAO","context":{"rowNumber":7416,"points":0,"cnpj":"07068285000141","saleId":"3367913A","executiveName":"Ricardo Bueno"}}
{"timestamp":"2026-03-10T22:41:16.445Z","importId":1,"level":"WARN","message":"Linha 7421: Pontuação é 0 ou null","category":"PONTUACAO","context":{"rowNumber":7421,"points":0,"cnpj":"51598851000119","saleId":"3368529A","executiveName":"Karla Reis"}}
{"timestamp":"2026-03-10T22:41:16.447Z","importId":1,"level":"WARN","message":"Linha 7422: Pontuação é 0 ou null","category":"PONTUACAO","context":{"rowNumber":7422,"points":0,"cnpj":"18134620000189","saleId":"3363012A","executiveName":"Karla Reis"}}
{"timestamp":"2026-03-10T22:41:16.450Z","importId":1,"level":"WARN","message":"Linha 7423: Pontuação é 0 ou null","category":"PONTUACAO","context":{"rowNumber":7423,"points":0,"cnpj":"31831834000172","saleId":"3363011A","executiveName":"Elza Lara"}}
{"timestamp":"2026-03-10T22:41:16.453Z","importId":1,"level":"WARN","message":"Linha 7424: Pontuação é 0 ou null","category":"PONTUACAO","context":{"rowNumber":7424,"points":0,"cnpj":"31831834000172","saleId":"3363010A","executiveName":"Elza Lara"}}
{"timestamp":"2026-03-10T22:41:16.456Z","importId":1,"level":"WARN","message":"Linha 7425: Pontuação é 0 ou null","category":"PONTUACAO","context":{"rowNumber":7425,"points":0,"cnpj":"02552433000185","saleId":"3359937A","executiveName":"Carlos Barbassa"}}
{"timestamp":"2026-03-10T22:41:16.459Z","importId":1,"level":"WARN","message":"Linha 7426: Pontuação é 0 ou null","category":"PONTUACAO","context":{"rowNumber":7426,"points":0,"cnpj":"26599295000158","saleId":"3359936A","executiveName":"Karla Reis"}}
{"timestamp":"2026-03-10T22:41:16.461Z","importId":1,"level":"WARN","message":"Linha 7427: Pontuação é 0 ou null","category":"PONTUACAO","context":{"rowNumber":7427,"points":0,"cnpj":"26599295000158","saleId":"3359935A","executiveName":"Karla Reis"}}
{"timestamp":"2026-03-10T22:41:16.464Z","importId":1,"level":"WARN","message":"Linha 7428: Pontuação é 0 ou null","category":"PONTUACAO","context":{"rowNumber":7428,"points":0,"cnpj":"53107595000145","saleId":"3359931A","executiveName":"Walter Junior"}}
{"timestamp":"2026-03-10T22:41:16.466Z","importId":1,"level":"WARN","message":"Linha 7429: Pontuação é 0 ou null","category":"PONTUACAO","context":{"rowNumber":7429,"points":0,"cnpj":"53107595000145","saleId":"3359930A","executiveName":"Walter Junior"}}
{"timestamp":"2026-03-10T22:41:16.471Z","importId":1,"level":"WARN","message":"Linha 7430: Pontuação é 0 ou null","category":"PONTUACAO","context":{"rowNumber":7430,"points":0,"cnpj":"53107595000145","saleId":"3359929A","executiveName":"Walter Junior"}}
{"timestamp":"2026-03-10T22:41:16.474Z","importId":1,"level":"WARN","message":"Linha 7431: Pontuação é 0 ou null","category":"PONTUACAO","context":{"rowNumber":7431,"points":0,"cnpj":"53107595000145","saleId":"3359928A","executiveName":"Walter Junior"}}
{"timestamp":"2026-03-10T22:41:16.476Z","importId":1,"level":"WARN","message":"Linha 7432: Pontuação é 0 ou null","category":"PONTUACAO","context":{"rowNumber":7432,"points":0,"cnpj":"53107595000145","saleId":"3359927A","executiveName":"Walter Junior"}}
{"timestamp":"2026-03-10T22:41:16.478Z","importId":1,"level":"WARN","message":"Linha 7433: Pontuação é 0 ou null","category":"PONTUACAO","context":{"rowNumber":7433,"points":0,"cnpj":"53107595000145","saleId":"3359926A","executiveName":"Walter Junior"}}
{"timestamp":"2026-03-10T22:41:16.481Z","importId":1,"level":"WARN","message":"Linha 7434: Pontuação é 0 ou null","category":"PONTUACAO","context":{"rowNumber":7434,"points":0,"cnpj":"08046342000154","saleId":"3359925A","executiveName":"Carlos Barbassa"}}
{"timestamp":"2026-03-10T22:41:16.484Z","importId":1,"level":"WARN","message":"Linha 7435: Pontuação é 0 ou null","category":"PONTUACAO","context":{"rowNumber":7435,"points":0,"cnpj":"08046342000154","saleId":"3359924A","executiveName":"Carlos Barbassa"}}
{"timestamp":"2026-03-10T22:41:16.487Z","importId":1,"level":"WARN","message":"Linha 7436: Pontuação é 0 ou null","category":"PONTUACAO","context":{"rowNumber":7436,"points":0,"cnpj":"24832440000173","saleId":"3359938A","executiveName":"Armando Soares"}}
{"timestamp":"2026-03-10T22:41:16.490Z","importId":1,"level":"WARN","message":"Linha 7437: Pontuação é 0 ou null","category":"PONTUACAO","context":{"rowNumber":7437,"points":0,"cnpj":"08046342000154","saleId":"3359923A","executiveName":"Carlos Barbassa"}}
{"timestamp":"2026-03-10T22:41:16.492Z","importId":1,"level":"WARN","message":"Linha 7438: Pontuação é 0 ou null","category":"PONTUACAO","context":{"rowNumber":7438,"points":0,"cnpj":"31482185000141","saleId":"3359921A","executiveName":"Kelly Furno"}}
{"timestamp":"2026-03-10T22:41:16.496Z","importId":1,"level":"WARN","message":"Linha 7439: Pontuação é 0 ou null","category":"PONTUACAO","context":{"rowNumber":7439,"points":0,"cnpj":"31482185000141","saleId":"3359920A","executiveName":"Kelly Furno"}}
{"timestamp":"2026-03-10T22:41:16.498Z","importId":1,"level":"WARN","message":"Linha 7440: Pontuação é 0 ou null","category":"PONTUACAO","context":{"rowNumber":7440,"points":0,"cnpj":"18483090000184","saleId":"3359917A","executiveName":"Ricardo Morais"}}
{"timestamp":"2026-03-10T22:41:16.517Z","importId":1,"level":"WARN","message":"Linha 7449: Pontuação é 0 ou null","category":"PONTUACAO","context":{"rowNumber":7449,"points":0,"cnpj":"08046342000154","saleId":"3359922A","executiveName":"Carlos Barbassa"}}
{"timestamp":"2026-03-10T22:41:16.519Z","importId":1,"level":"WARN","message":"Linha 7450: Pontuação é 0 ou null","category":"PONTUACAO","context":{"rowNumber":7450,"points":0,"cnpj":"24832440000173","saleId":"3359939A","executiveName":"Armando Soares"}}
{"timestamp":"2026-03-10T22:41:16.522Z","importId":1,"level":"WARN","message":"Linha 7451: Pontuação é 0 ou null","category":"PONTUACAO","context":{"rowNumber":7451,"points":0,"cnpj":"48574871000145","saleId":"3359945A","executiveName":"Carlos Barbassa"}}
{"timestamp":"2026-03-10T22:41:16.524Z","importId":1,"level":"WARN","message":"Linha 7452: Pontuação é 0 ou null","category":"PONTUACAO","context":{"rowNumber":7452,"points":0,"cnpj":"40304172000173","saleId":"3359956A","executiveName":"Elza Lara"}}
{"timestamp":"2026-03-10T22:41:16.527Z","importId":1,"level":"WARN","message":"Linha 7453: Pontuação é 0 ou null","category":"PONTUACAO","context":{"rowNumber":7453,"points":0,"cnpj":"26643347000146","saleId":"3363000A","executiveName":"Miguel Jenotti"}}
{"timestamp":"2026-03-10T22:41:16.535Z","importId":1,"level":"WARN","message":"Linha 7455: Pontuação é 0 ou null","category":"PONTUACAO","context":{"rowNumber":7455,"points":0,"cnpj":"11925927000159","saleId":"3362992A","executiveName":"Carlos Barbassa"}}
{"timestamp":"2026-03-10T22:41:16.538Z","importId":1,"level":"WARN","message":"Linha 7456: Pontuação é 0 ou null","category":"PONTUACAO","context":{"rowNumber":7456,"points":0,"cnpj":"11925927000159","saleId":"3362991A","executiveName":"Carlos Barbassa"}}
{"timestamp":"2026-03-10T22:41:16.547Z","importId":1,"level":"WARN","message":"Linha 7459: Pontuação é 0 ou null","category":"PONTUACAO","context":{"rowNumber":7459,"points":0,"cnpj":"29325274000132","saleId":"3360139A","executiveName":"Cristiano Dafre"}}
{"timestamp":"2026-03-10T22:41:16.550Z","importId":1,"level":"WARN","message":"Linha 7460: Pontuação é 0 ou null","category":"PONTUACAO","context":{"rowNumber":7460,"points":0,"cnpj":"28667416000187","saleId":"3360137A","executiveName":"Claudia Dias"}}
{"timestamp":"2026-03-10T22:41:16.552Z","importId":1,"level":"WARN","message":"Linha 7461: Pontuação é 0 ou null","category":"PONTUACAO","context":{"rowNumber":7461,"points":0,"cnpj":"28667416000187","saleId":"3360136A","executiveName":"Claudia Dias"}}
{"timestamp":"2026-03-10T22:41:16.556Z","importId":1,"level":"WARN","message":"Linha 7462: Pontuação é 0 ou null","category":"PONTUACAO","context":{"rowNumber":7462,"points":0,"cnpj":"24869123000121","saleId":"3360117A","executiveName":"Elza Lara"}}
{"timestamp":"2026-03-10T22:41:16.559Z","importId":1,"level":"WARN","message":"Linha 7463: Pontuação é 0 ou null","category":"PONTUACAO","context":{"rowNumber":7463,"points":0,"cnpj":"57007508000139","saleId":"3360116A","executiveName":"Elza Lara"}}
{"timestamp":"2026-03-10T22:41:16.566Z","importId":1,"level":"WARN","message":"Linha 7465: Pontuação é 0 ou null","category":"PONTUACAO","context":{"rowNumber":7465,"points":0,"cnpj":"41626868000189","saleId":"3360113A","executiveName":"Kelly Furno"}}
{"timestamp":"2026-03-10T22:41:16.569Z","importId":1,"level":"WARN","message":"Linha 7466: Pontuação é 0 ou null","category":"PONTUACAO","context":{"rowNumber":7466,"points":0,"cnpj":"41626868000189","saleId":"3360112A","executiveName":"Kelly Furno"}}
{"timestamp":"2026-03-10T22:41:16.571Z","importId":1,"level":"WARN","message":"Linha 7467: Pontuação é 0 ou null","category":"PONTUACAO","context":{"rowNumber":7467,"points":0,"cnpj":"22418050000126","saleId":"3360084A","executiveName":"Cristiano Dafre"}}
{"timestamp":"2026-03-10T22:41:16.574Z","importId":1,"level":"WARN","message":"Linha 7468: Pontuação é 0 ou null","category":"PONTUACAO","context":{"rowNumber":7468,"points":0,"cnpj":"44580085000108","saleId":"3360083A","executiveName":"Cristiano Dafre"}}
{"timestamp":"2026-03-10T22:41:16.576Z","importId":1,"level":"WARN","message":"Linha 7469: Pontuação é 0 ou null","category":"PONTUACAO","context":{"rowNumber":7469,"points":0,"cnpj":"17817369000194","saleId":"3360072A","executiveName":"Karla Reis"}}
{"timestamp":"2026-03-10T22:41:16.579Z","importId":1,"level":"WARN","message":"Linha 7470: Pontuação é 0 ou null","category":"PONTUACAO","context":{"rowNumber":7470,"points":0,"cnpj":"17817369000194","saleId":"3360071A","executiveName":"Karla Reis"}}
{"timestamp":"2026-03-10T22:41:16.582Z","importId":1,"level":"WARN","message":"Linha 7471: Pontuação é 0 ou null","category":"PONTUACAO","context":{"rowNumber":7471,"points":0,"cnpj":"05488469000135","saleId":"3360000A","executiveName":"Claudia Dias"}}
{"timestamp":"2026-03-10T22:41:16.588Z","importId":1,"level":"WARN","message":"Linha 7474: Pontuação é 0 ou null","category":"PONTUACAO","context":{"rowNumber":7474,"points":0,"cnpj":"04545594000177","saleId":"3359968A","executiveName":"Pasquale Neto"}}
{"timestamp":"2026-03-10T22:41:16.593Z","importId":1,"level":"WARN","message":"Linha 7475: Pontuação é 0 ou null","category":"PONTUACAO","context":{"rowNumber":7475,"points":0,"cnpj":"04545594000177","saleId":"3359967A","executiveName":"Pasquale Neto"}}
{"timestamp":"2026-03-10T22:41:16.597Z","importId":1,"level":"WARN","message":"Linha 7476: Pontuação é 0 ou null","category":"PONTUACAO","context":{"rowNumber":7476,"points":0,"cnpj":"04545594000177","saleId":"3359966A","executiveName":"Pasquale Neto"}}
{"timestamp":"2026-03-10T22:41:16.600Z","importId":1,"level":"WARN","message":"Linha 7477: Pontuação é 0 ou null","category":"PONTUACAO","context":{"rowNumber":7477,"points":0,"cnpj":"40304172000173","saleId":"3359957A","executiveName":"Elza Lara"}}
{"timestamp":"2026-03-10T22:41:16.603Z","importId":1,"level":"WARN","message":"Linha 7478: Pontuação é 0 ou null","category":"PONTUACAO","context":{"rowNumber":7478,"points":0,"cnpj":"00966316000132","saleId":"3358735A","executiveName":"Cristiano Dafre"}}
{"timestamp":"2026-03-10T22:41:16.606Z","importId":1,"level":"WARN","message":"Linha 7479: Pontuação é 0 ou null","category":"PONTUACAO","context":{"rowNumber":7479,"points":0,"cnpj":"00966316000132","saleId":"3358734A","executiveName":"Cristiano Dafre"}}
{"timestamp":"2026-03-10T22:41:16.609Z","importId":1,"level":"WARN","message":"Linha 7480: Pontuação é 0 ou null","category":"PONTUACAO","context":{"rowNumber":7480,"points":0,"cnpj":"00966316000132","saleId":"3358733A","executiveName":"Cristiano Dafre"}}
{"timestamp":"2026-03-10T22:41:16.612Z","importId":1,"level":"WARN","message":"Linha 7481: Pontuação é 0 ou null","category":"PONTUACAO","context":{"rowNumber":7481,"points":0,"cnpj":"00966316000132","saleId":"3358732A","executiveName":"Cristiano Dafre"}}
{"timestamp":"2026-03-10T22:41:17.177Z","importId":1,"level":"WARN","message":"Linha 7597: Pontuação é 0 ou null","category":"PONTUACAO","context":{"rowNumber":7597,"points":0,"cnpj":"57608093000159","saleId":"3358700A","executiveName":"Cristiano Dafre"}}
{"timestamp":"2026-03-10T22:41:17.244Z","importId":1,"level":"WARN","message":"Linha 7623: Pontuação é 0 ou null","category":"PONTUACAO","context":{"rowNumber":7623,"points":0,"cnpj":"00966316000132","saleId":"3358731A","executiveName":"Cristiano Dafre"}}
{"timestamp":"2026-03-10T22:41:17.248Z","importId":1,"level":"WARN","message":"Linha 7624: Pontuação é 0 ou null","category":"PONTUACAO","context":{"rowNumber":7624,"points":0,"cnpj":"00966316000132","saleId":"3358730A","executiveName":"Cristiano Dafre"}}
{"timestamp":"2026-03-10T22:41:17.254Z","importId":1,"level":"WARN","message":"Linha 7625: Pontuação é 0 ou null","category":"PONTUACAO","context":{"rowNumber":7625,"points":0,"cnpj":"00966316000132","saleId":"3358729A","executiveName":"Cristiano Dafre"}}
{"timestamp":"2026-03-10T22:41:17.258Z","importId":1,"level":"WARN","message":"Linha 7626: Pontuação é 0 ou null","category":"PONTUACAO","context":{"rowNumber":7626,"points":0,"cnpj":"00966316000132","saleId":"3358728A","executiveName":"Cristiano Dafre"}}
{"timestamp":"2026-03-10T22:41:17.261Z","importId":1,"level":"WARN","message":"Linha 7627: Pontuação é 0 ou null","category":"PONTUACAO","context":{"rowNumber":7627,"points":0,"cnpj":"00966316000132","saleId":"3358727A","executiveName":"Cristiano Dafre"}}
{"timestamp":"2026-03-10T22:41:17.265Z","importId":1,"level":"WARN","message":"Linha 7628: Pontuação é 0 ou null","category":"PONTUACAO","context":{"rowNumber":7628,"points":0,"cnpj":"00966316000132","saleId":"3358726A","executiveName":"Cristiano Dafre"}}
{"timestamp":"2026-03-10T22:41:17.269Z","importId":1,"level":"WARN","message":"Linha 7629: Pontuação é 0 ou null","category":"PONTUACAO","context":{"rowNumber":7629,"points":0,"cnpj":"00966316000132","saleId":"3358725A","executiveName":"Cristiano Dafre"}}
{"timestamp":"2026-03-10T22:41:17.272Z","importId":1,"level":"WARN","message":"Linha 7630: Pontuação é 0 ou null","category":"PONTUACAO","context":{"rowNumber":7630,"points":0,"cnpj":"00966316000132","saleId":"3358724A","executiveName":"Cristiano Dafre"}}
{"timestamp":"2026-03-10T22:41:17.275Z","importId":1,"level":"WARN","message":"Linha 7631: Pontuação é 0 ou null","category":"PONTUACAO","context":{"rowNumber":7631,"points":0,"cnpj":"00966316000132","saleId":"3358723A","executiveName":"Cristiano Dafre"}}
{"timestamp":"2026-03-10T22:41:17.280Z","importId":1,"level":"WARN","message":"Linha 7632: Pontuação é 0 ou null","category":"PONTUACAO","context":{"rowNumber":7632,"points":0,"cnpj":"08436093000103","saleId":"3358722A","executiveName":"Pasquale Neto"}}
{"timestamp":"2026-03-10T22:41:17.286Z","importId":1,"level":"WARN","message":"Linha 7633: Pontuação é 0 ou null","category":"PONTUACAO","context":{"rowNumber":7633,"points":0,"cnpj":"08436093000103","saleId":"3358721A","executiveName":"Pasquale Neto"}}
{"timestamp":"2026-03-10T22:41:17.292Z","importId":1,"level":"WARN","message":"Linha 7635: Pontuação é 0 ou null","category":"PONTUACAO","context":{"rowNumber":7635,"points":0,"cnpj":"08436093000103","saleId":"3358720A","executiveName":"Pasquale Neto"}}
{"timestamp":"2026-03-10T22:41:17.295Z","importId":1,"level":"WARN","message":"Linha 7636: Pontuação é 0 ou null","category":"PONTUACAO","context":{"rowNumber":7636,"points":0,"cnpj":"08436093000103","saleId":"3358718A","executiveName":"Pasquale Neto"}}
{"timestamp":"2026-03-10T22:41:17.301Z","importId":1,"level":"WARN","message":"Linha 7639: Pontuação é 0 ou null","category":"PONTUACAO","context":{"rowNumber":7639,"points":0,"cnpj":"02903484000104","saleId":"3358715A","executiveName":"Cristiano Dafre"}}
{"timestamp":"2026-03-10T22:41:17.307Z","importId":1,"level":"WARN","message":"Linha 7641: Pontuação é 0 ou null","category":"PONTUACAO","context":{"rowNumber":7641,"points":0,"cnpj":"03227800000138","saleId":"3358712A","executiveName":"Marlon Wander"}}
{"timestamp":"2026-03-10T22:41:17.312Z","importId":1,"level":"WARN","message":"Linha 7642: Pontuação é 0 ou null","category":"PONTUACAO","context":{"rowNumber":7642,"points":0,"cnpj":"03227800000138","saleId":"3358711A","executiveName":"Marlon Wander"}}
{"timestamp":"2026-03-10T22:41:17.317Z","importId":1,"level":"WARN","message":"Linha 7644: Pontuação é 0 ou null","category":"PONTUACAO","context":{"rowNumber":7644,"points":0,"cnpj":"66822503000150","saleId":"3358709A","executiveName":"Ricardo Morais"}}
{"timestamp":"2026-03-10T22:41:17.325Z","importId":1,"level":"WARN","message":"Linha 7645: Pontuação é 0 ou null","category":"PONTUACAO","context":{"rowNumber":7645,"points":0,"cnpj":"66822503000150","saleId":"3358708A","executiveName":"Ricardo Morais"}}
{"timestamp":"2026-03-10T22:41:17.329Z","importId":1,"level":"WARN","message":"Linha 7646: Pontuação é 0 ou null","category":"PONTUACAO","context":{"rowNumber":7646,"points":0,"cnpj":"66822503000150","saleId":"3358707A","executiveName":"Ricardo Morais"}}
{"timestamp":"2026-03-10T22:41:17.331Z","importId":1,"level":"WARN","message":"Linha 7647: Pontuação é 0 ou null","category":"PONTUACAO","context":{"rowNumber":7647,"points":0,"cnpj":"08436093000103","saleId":"3358719A","executiveName":"Pasquale Neto"}}
{"timestamp":"2026-03-10T22:41:17.735Z","importId":1,"level":"WARN","message":"Linha 7852: Pontuação é 0 ou null","category":"PONTUACAO","context":{"rowNumber":7852,"points":0,"cnpj":"53699400000101","saleId":"3357062A","executiveName":"Ricardo Morais"}}
{"timestamp":"2026-03-10T22:41:17.742Z","importId":1,"level":"WARN","message":"Linha 7854: Pontuação é 0 ou null","category":"PONTUACAO","context":{"rowNumber":7854,"points":0,"cnpj":"87003740753","saleId":"3357058A","executiveName":"Elza Lara"}}
{"timestamp":"2026-03-10T22:41:17.746Z","importId":1,"level":"WARN","message":"Linha 7855: Pontuação é 0 ou null","category":"PONTUACAO","context":{"rowNumber":7855,"points":0,"cnpj":"87003740753","saleId":"3357057A","executiveName":"Elza Lara"}}
{"timestamp":"2026-03-10T22:41:17.751Z","importId":1,"level":"WARN","message":"Linha 7858: Pontuação é 0 ou null","category":"PONTUACAO","context":{"rowNumber":7858,"points":0,"cnpj":"11812253000186","saleId":"3357054A","executiveName":"Grasiele Nascimento"}}
{"timestamp":"2026-03-10T22:41:17.756Z","importId":1,"level":"WARN","message":"Linha 7860: Pontuação é 0 ou null","category":"PONTUACAO","context":{"rowNumber":7860,"points":0,"cnpj":"11812253000186","saleId":"3357053A","executiveName":"Grasiele Nascimento"}}
{"timestamp":"2026-03-10T22:41:17.762Z","importId":1,"level":"WARN","message":"Linha 7863: Pontuação é 0 ou null","category":"PONTUACAO","context":{"rowNumber":7863,"points":0,"cnpj":"03637500000127","saleId":"3357049A","executiveName":"Carlos Brito"}}
{"timestamp":"2026-03-10T22:41:17.764Z","importId":1,"level":"WARN","message":"Linha 7864: Pontuação é 0 ou null","category":"PONTUACAO","context":{"rowNumber":7864,"points":0,"cnpj":"03637500000127","saleId":"3357048A","executiveName":"Carlos Brito"}}
{"timestamp":"2026-03-10T22:41:17.768Z","importId":1,"level":"WARN","message":"Linha 7865: Pontuação é 0 ou null","category":"PONTUACAO","context":{"rowNumber":7865,"points":0,"cnpj":"03637500000127","saleId":"3357047A","executiveName":"Carlos Brito"}}
{"timestamp":"2026-03-10T22:41:17.778Z","importId":1,"level":"WARN","message":"Linha 7872: Pontuação é 0 ou null","category":"PONTUACAO","context":{"rowNumber":7872,"points":0,"cnpj":"03637500000127","saleId":"3357052A","executiveName":"Carlos Brito"}}
{"timestamp":"2026-03-10T22:41:17.790Z","importId":1,"level":"WARN","message":"Linha 7876: Pontuação é 0 ou null","category":"PONTUACAO","context":{"rowNumber":7876,"points":0,"cnpj":"11085002000147","saleId":"3356923A","executiveName":"Miguel Jenotti"}}
{"timestamp":"2026-03-10T22:41:17.792Z","importId":1,"level":"WARN","message":"Linha 7877: Pontuação é 0 ou null","category":"PONTUACAO","context":{"rowNumber":7877,"points":0,"cnpj":"11085002000147","saleId":"3356922A","executiveName":"Miguel Jenotti"}}
{"timestamp":"2026-03-10T22:41:17.795Z","importId":1,"level":"WARN","message":"Linha 7878: Pontuação é 0 ou null","category":"PONTUACAO","context":{"rowNumber":7878,"points":0,"cnpj":"11085002000147","saleId":"3356921A","executiveName":"Miguel Jenotti"}}
{"timestamp":"2026-03-10T22:41:17.799Z","importId":1,"level":"WARN","message":"Linha 7879: Pontuação é 0 ou null","category":"PONTUACAO","context":{"rowNumber":7879,"points":0,"cnpj":"11085002000147","saleId":"3356920A","executiveName":"Miguel Jenotti"}}
{"timestamp":"2026-03-10T22:41:17.801Z","importId":1,"level":"WARN","message":"Linha 7880: Pontuação é 0 ou null","category":"PONTUACAO","context":{"rowNumber":7880,"points":0,"cnpj":"32918570000151","saleId":"3356918A","executiveName":"Leonardo Ligabo"}}
{"timestamp":"2026-03-10T22:41:17.814Z","importId":1,"level":"WARN","message":"Linha 7885: Pontuação é 0 ou null","category":"PONTUACAO","context":{"rowNumber":7885,"points":0,"cnpj":"71035992000130","saleId":"3356910A","executiveName":"Elzo Nogueira"}}
{"timestamp":"2026-03-10T22:41:17.816Z","importId":1,"level":"WARN","message":"Linha 7886: Pontuação é 0 ou null","category":"PONTUACAO","context":{"rowNumber":7886,"points":0,"cnpj":"71035992000130","saleId":"3356909A","executiveName":"Elzo Nogueira"}}
{"timestamp":"2026-03-10T22:41:17.829Z","importId":1,"level":"WARN","message":"Linha 7894: Pontuação é 0 ou null","category":"PONTUACAO","context":{"rowNumber":7894,"points":0,"cnpj":"48186332000139","saleId":"3356901A","executiveName":"Ricardo Morais"}}
{"timestamp":"2026-03-10T22:41:17.832Z","importId":1,"level":"WARN","message":"Linha 7895: Pontuação é 0 ou null","category":"PONTUACAO","context":{"rowNumber":7895,"points":0,"cnpj":"18714974000100","saleId":"3356900A","executiveName":"Elza Lara"}}
{"timestamp":"2026-03-10T22:41:17.837Z","importId":1,"level":"WARN","message":"Linha 7897: Pontuação é 0 ou null","category":"PONTUACAO","context":{"rowNumber":7897,"points":0,"cnpj":"06256161000127","saleId":"3356898A","executiveName":"Pasquale Neto"}}
{"timestamp":"2026-03-10T22:41:17.839Z","importId":1,"level":"WARN","message":"Linha 7898: Pontuação é 0 ou null","category":"PONTUACAO","context":{"rowNumber":7898,"points":0,"cnpj":"06256161000127","saleId":"3356897A","executiveName":"Pasquale Neto"}}
{"timestamp":"2026-03-10T22:41:17.882Z","importId":1,"level":"WARN","message":"Linha 7922: Pontuação é 0 ou null","category":"PONTUACAO","context":{"rowNumber":7922,"points":0,"cnpj":"35654890000130","saleId":"3356950A","executiveName":"Luana Fagundes"}}
{"timestamp":"2026-03-10T22:41:17.884Z","importId":1,"level":"WARN","message":"Linha 7923: Pontuação é 0 ou null","category":"PONTUACAO","context":{"rowNumber":7923,"points":0,"cnpj":"35654890000130","saleId":"3356949A","executiveName":"Luana Fagundes"}}
{"timestamp":"2026-03-10T22:41:17.887Z","importId":1,"level":"WARN","message":"Linha 7924: Pontuação é 0 ou null","category":"PONTUACAO","context":{"rowNumber":7924,"points":0,"cnpj":"00824865000172","saleId":"3356943A","executiveName":"Carlos Brito"}}
{"timestamp":"2026-03-10T22:41:17.896Z","importId":1,"level":"WARN","message":"Linha 7925: Pontuação é 0 ou null","category":"PONTUACAO","context":{"rowNumber":7925,"points":0,"cnpj":"00824865000172","saleId":"3356942A","executiveName":"Carlos Brito"}}
{"timestamp":"2026-03-10T22:41:17.898Z","importId":1,"level":"WARN","message":"Linha 7926: Pontuação é 0 ou null","category":"PONTUACAO","context":{"rowNumber":7926,"points":0,"cnpj":"12100779000104","saleId":"3356935A","executiveName":"Carlos Brito"}}
{"timestamp":"2026-03-10T22:41:18.730Z","importId":1,"level":"WARN","message":"Linha 8419: Pontuação é 0 ou null","category":"PONTUACAO","context":{"rowNumber":8419,"points":0,"cnpj":"17556546000126","saleId":"3357225A","executiveName":"Armando Soares"}}
{"timestamp":"2026-03-10T22:41:18.733Z","importId":1,"level":"WARN","message":"Linha 8420: Pontuação é 0 ou null","category":"PONTUACAO","context":{"rowNumber":8420,"points":0,"cnpj":"17556546000126","saleId":"3357224A","executiveName":"Armando Soares"}}
{"timestamp":"2026-03-10T22:41:18.737Z","importId":1,"level":"WARN","message":"Linha 8421: Pontuação é 0 ou null","category":"PONTUACAO","context":{"rowNumber":8421,"points":0,"cnpj":"17556546000126","saleId":"3357223A","executiveName":"Armando Soares"}}
{"timestamp":"2026-03-10T22:41:18.740Z","importId":1,"level":"WARN","message":"Linha 8423: Pontuação é 0 ou null","category":"PONTUACAO","context":{"rowNumber":8423,"points":0,"cnpj":"17556546000126","saleId":"3357222A","executiveName":"Armando Soares"}}
{"timestamp":"2026-03-10T22:41:18.742Z","importId":1,"level":"WARN","message":"Linha 8424: Pontuação é 0 ou null","category":"PONTUACAO","context":{"rowNumber":8424,"points":0,"cnpj":"17556546000126","saleId":"3357220A","executiveName":"Armando Soares"}}
{"timestamp":"2026-03-10T22:41:18.747Z","importId":1,"level":"WARN","message":"Linha 8425: Pontuação é 0 ou null","category":"PONTUACAO","context":{"rowNumber":8425,"points":0,"cnpj":"17556546000126","saleId":"3357219A","executiveName":"Armando Soares"}}
{"timestamp":"2026-03-10T22:41:18.765Z","importId":1,"level":"WARN","message":"Linha 8435: Pontuação é 0 ou null","category":"PONTUACAO","context":{"rowNumber":8435,"points":0,"cnpj":"17556546000126","saleId":"3357221A","executiveName":"Armando Soares"}}
{"timestamp":"2026-03-10T22:41:18.887Z","importId":1,"level":"WARN","message":"Linha 8507: Pontuação é 0 ou null","category":"PONTUACAO","context":{"rowNumber":8507,"points":0,"cnpj":"40617499000103","saleId":"3357421A","executiveName":"Maira Vallim"}}
{"timestamp":"2026-03-10T22:41:18.890Z","importId":1,"level":"WARN","message":"Linha 8508: Pontuação é 0 ou null","category":"PONTUACAO","context":{"rowNumber":8508,"points":0,"cnpj":"40617499000103","saleId":"3357401A","executiveName":"Maira Vallim"}}
{"timestamp":"2026-03-10T22:41:18.977Z","importId":1,"level":"WARN","message":"Linha 8556: Pontuação é 0 ou null","category":"PONTUACAO","context":{"rowNumber":8556,"points":0,"cnpj":"74538836000180","saleId":"3357287A","executiveName":"Rafaela Soares"}}
{"timestamp":"2026-03-10T22:41:19.138Z","importId":1,"level":"WARN","message":"Linha 8643: Pontuação é 0 ou null","category":"PONTUACAO","context":{"rowNumber":8643,"points":0,"cnpj":"02251423000100","saleId":"3360138T","executiveName":"Armando Soares"}}
{"timestamp":"2026-03-10T22:41:19.408Z","importId":1,"level":"WARN","message":"Linha 8804: Pontuação é 0 ou null","category":"PONTUACAO","context":{"rowNumber":8804,"points":0,"cnpj":"02251423000100","saleId":"3360115T","executiveName":"Armando Soares"}}
{"timestamp":"2026-03-10T22:41:19.808Z","importId":1,"level":"WARN","message":"Linha 9068: Pontuação é 0 ou null","category":"PONTUACAO","context":{"rowNumber":9068,"points":0,"cnpj":"02577177000180","saleId":"3359217T","executiveName":"Carlos Brito"}}
{"timestamp":"2026-03-10T22:41:19.965Z","importId":1,"level":"WARN","message":"Linha 9166: Pontuação é 0 ou null","category":"PONTUACAO","context":{"rowNumber":9166,"points":0,"cnpj":"02251423000100","saleId":"3358896T","executiveName":"Armando Soares"}}
{"timestamp":"2026-03-10T22:41:20.434Z","importId":1,"level":"WARN","message":"Linha 9486: Pontuação é 0 ou null","category":"PONTUACAO","context":{"rowNumber":9486,"points":0,"cnpj":"32351158000100","saleId":"3366128A","executiveName":"Roberto Garbin"}}
{"timestamp":"2026-03-10T22:41:20.437Z","importId":1,"level":"WARN","message":"Linha 9488: Pontuação é 0 ou null","category":"PONTUACAO","context":{"rowNumber":9488,"points":0,"cnpj":"59875039000103","saleId":"3361575A","executiveName":"Carlos Barbassa"}}
{"timestamp":"2026-03-10T22:41:20.440Z","importId":1,"level":"WARN","message":"Linha 9489: Pontuação é 0 ou null","category":"PONTUACAO","context":{"rowNumber":9489,"points":0,"cnpj":"59875039000103","saleId":"3361574A","executiveName":"Carlos Barbassa"}}
{"timestamp":"2026-03-10T22:41:20.444Z","importId":1,"level":"WARN","message":"Linha 9491: Pontuação é 0 ou null","category":"PONTUACAO","context":{"rowNumber":9491,"points":0,"cnpj":"57608093000159","saleId":"3361572A","executiveName":"Cristiano Dafre"}}
{"timestamp":"2026-03-10T22:41:20.446Z","importId":1,"level":"WARN","message":"Linha 9492: Pontuação é 0 ou null","category":"PONTUACAO","context":{"rowNumber":9492,"points":0,"cnpj":"00003058000199","saleId":"3361571A","executiveName":"Pasquale Neto"}}
{"timestamp":"2026-03-10T22:41:20.448Z","importId":1,"level":"WARN","message":"Linha 9493: Pontuação é 0 ou null","category":"PONTUACAO","context":{"rowNumber":9493,"points":0,"cnpj":"00003058000199","saleId":"3361570A","executiveName":"Pasquale Neto"}}
{"timestamp":"2026-03-10T22:41:20.450Z","importId":1,"level":"WARN","message":"Linha 9494: Pontuação é 0 ou null","category":"PONTUACAO","context":{"rowNumber":9494,"points":0,"cnpj":"00003058000199","saleId":"3361569A","executiveName":"Pasquale Neto"}}
{"timestamp":"2026-03-10T22:41:20.454Z","importId":1,"level":"WARN","message":"Linha 9495: Pontuação é 0 ou null","category":"PONTUACAO","context":{"rowNumber":9495,"points":0,"cnpj":"00003058000199","saleId":"3361568A","executiveName":"Pasquale Neto"}}
{"timestamp":"2026-03-10T22:41:20.456Z","importId":1,"level":"WARN","message":"Linha 9496: Pontuação é 0 ou null","category":"PONTUACAO","context":{"rowNumber":9496,"points":0,"cnpj":"00003058000199","saleId":"3361567A","executiveName":"Pasquale Neto"}}
{"timestamp":"2026-03-10T22:41:20.459Z","importId":1,"level":"WARN","message":"Linha 9498: Pontuação é 0 ou null","category":"PONTUACAO","context":{"rowNumber":9498,"points":0,"cnpj":"07709889000120","saleId":"3361565A","executiveName":"Carlos Brito"}}
{"timestamp":"2026-03-10T22:41:20.492Z","importId":1,"level":"WARN","message":"Linha 9518: Pontuação é 0 ou null","category":"PONTUACAO","context":{"rowNumber":9518,"points":0,"cnpj":"32353314000164","saleId":"3361611A","executiveName":"Armando Soares"}}
{"timestamp":"2026-03-10T22:41:20.494Z","importId":1,"level":"WARN","message":"Linha 9519: Pontuação é 0 ou null","category":"PONTUACAO","context":{"rowNumber":9519,"points":0,"cnpj":"32353314000164","saleId":"3361610A","executiveName":"Armando Soares"}}
{"timestamp":"2026-03-10T22:41:20.496Z","importId":1,"level":"WARN","message":"Linha 9520: Pontuação é 0 ou null","category":"PONTUACAO","context":{"rowNumber":9520,"points":0,"cnpj":"50592007000118","saleId":"3361609A","executiveName":"Marlon Wander"}}
{"timestamp":"2026-03-10T22:41:20.502Z","importId":1,"level":"WARN","message":"Linha 9522: Pontuação é 0 ou null","category":"PONTUACAO","context":{"rowNumber":9522,"points":0,"cnpj":"50592007000118","saleId":"3361607A","executiveName":"Marlon Wander"}}
{"timestamp":"2026-03-10T22:41:20.515Z","importId":1,"level":"WARN","message":"Linha 9532: Pontuação é 0 ou null","category":"PONTUACAO","context":{"rowNumber":9532,"points":0,"cnpj":"26203213000104","saleId":"3361596A","executiveName":"Roberto Garbin"}}
{"timestamp":"2026-03-10T22:41:20.517Z","importId":1,"level":"WARN","message":"Linha 9533: Pontuação é 0 ou null","category":"PONTUACAO","context":{"rowNumber":9533,"points":0,"cnpj":"26203213000104","saleId":"3361595A","executiveName":"Roberto Garbin"}}
{"timestamp":"2026-03-10T22:41:20.519Z","importId":1,"level":"WARN","message":"Linha 9534: Pontuação é 0 ou null","category":"PONTUACAO","context":{"rowNumber":9534,"points":0,"cnpj":"17352278000120","saleId":"3361594A","executiveName":"Carlos Brito"}}
{"timestamp":"2026-03-10T22:41:20.522Z","importId":1,"level":"WARN","message":"Linha 9535: Pontuação é 0 ou null","category":"PONTUACAO","context":{"rowNumber":9535,"points":0,"cnpj":"20470627000113","saleId":"3361593A","executiveName":"Andrea Cordovil"}}
{"timestamp":"2026-03-10T22:41:20.524Z","importId":1,"level":"WARN","message":"Linha 9536: Pontuação é 0 ou null","category":"PONTUACAO","context":{"rowNumber":9536,"points":0,"cnpj":"20470627000113","saleId":"3361592A","executiveName":"Andrea Cordovil"}}
{"timestamp":"2026-03-10T22:41:20.529Z","importId":1,"level":"WARN","message":"Linha 9540: Pontuação é 0 ou null","category":"PONTUACAO","context":{"rowNumber":9540,"points":0,"cnpj":"07649749000103","saleId":"3361588A","executiveName":"Marlon Wander"}}
{"timestamp":"2026-03-10T22:41:20.538Z","importId":1,"level":"WARN","message":"Linha 9545: Pontuação é 0 ou null","category":"PONTUACAO","context":{"rowNumber":9545,"points":0,"cnpj":"32353314000164","saleId":"3361612A","executiveName":"Armando Soares"}}
{"timestamp":"2026-03-10T22:41:20.617Z","importId":1,"level":"WARN","message":"Linha 9607: Pontuação é 0 ou null","category":"PONTUACAO","context":{"rowNumber":9607,"points":0,"cnpj":"12543242000100","saleId":"3361615A","executiveName":"Armando Soares"}}
{"timestamp":"2026-03-10T22:41:20.621Z","importId":1,"level":"WARN","message":"Linha 9609: Pontuação é 0 ou null","category":"PONTUACAO","context":{"rowNumber":9609,"points":0,"cnpj":"26553740000149","saleId":"3365367A","executiveName":"Ricardo Morais"}}
{"timestamp":"2026-03-10T22:41:20.622Z","importId":1,"level":"WARN","message":"Linha 9610: Pontuação é 0 ou null","category":"PONTUACAO","context":{"rowNumber":9610,"points":0,"cnpj":"11812253000186","saleId":"3365360A","executiveName":"Grasiele Nascimento"}}
{"timestamp":"2026-03-10T22:41:20.624Z","importId":1,"level":"WARN","message":"Linha 9611: Pontuação é 0 ou null","category":"PONTUACAO","context":{"rowNumber":9611,"points":0,"cnpj":"46257674000177","saleId":"3365293A","executiveName":"Marlon Wander"}}
{"timestamp":"2026-03-10T22:41:20.626Z","importId":1,"level":"WARN","message":"Linha 9612: Pontuação é 0 ou null","category":"PONTUACAO","context":{"rowNumber":9612,"points":0,"cnpj":"26553740000149","saleId":"3365240A","executiveName":"Ricardo Morais"}}
{"timestamp":"2026-03-10T22:41:20.629Z","importId":1,"level":"WARN","message":"Linha 9613: Pontuação é 0 ou null","category":"PONTUACAO","context":{"rowNumber":9613,"points":0,"cnpj":"21860827000145","saleId":"3365227A","executiveName":"Ricardo Morais"}}
{"timestamp":"2026-03-10T22:41:20.632Z","importId":1,"level":"WARN","message":"Linha 9614: Pontuação é 0 ou null","category":"PONTUACAO","context":{"rowNumber":9614,"points":0,"cnpj":"26553740000149","saleId":"3365225A","executiveName":"Ricardo Morais"}}
{"timestamp":"2026-03-10T22:41:20.635Z","importId":1,"level":"WARN","message":"Linha 9615: Pontuação é 0 ou null","category":"PONTUACAO","context":{"rowNumber":9615,"points":0,"cnpj":"26605232000167","saleId":"3365222A","executiveName":"Ricardo Bueno"}}
{"timestamp":"2026-03-10T22:41:20.637Z","importId":1,"level":"WARN","message":"Linha 9616: Pontuação é 0 ou null","category":"PONTUACAO","context":{"rowNumber":9616,"points":0,"cnpj":"59717926000145","saleId":"3365220A","executiveName":"Ronaldo Coelho"}}
{"timestamp":"2026-03-10T22:41:20.639Z","importId":1,"level":"WARN","message":"Linha 9617: Pontuação é 0 ou null","category":"PONTUACAO","context":{"rowNumber":9617,"points":0,"cnpj":"57608093000159","saleId":"3364190A","executiveName":"Cristiano Dafre"}}
{"timestamp":"2026-03-10T22:41:20.641Z","importId":1,"level":"WARN","message":"Linha 9618: Pontuação é 0 ou null","category":"PONTUACAO","context":{"rowNumber":9618,"points":0,"cnpj":"12320711000122","saleId":"3363718A","executiveName":"Walter Junior"}}
{"timestamp":"2026-03-10T22:41:20.644Z","importId":1,"level":"WARN","message":"Linha 9619: Pontuação é 0 ou null","category":"PONTUACAO","context":{"rowNumber":9619,"points":0,"cnpj":"10632852000155","saleId":"3363675A","executiveName":"Carlos Barbassa"}}
{"timestamp":"2026-03-10T22:41:20.646Z","importId":1,"level":"WARN","message":"Linha 9620: Pontuação é 0 ou null","category":"PONTUACAO","context":{"rowNumber":9620,"points":0,"cnpj":"25965750000129","saleId":"3366601A","executiveName":"Marlon Wander"}}
{"timestamp":"2026-03-10T22:41:20.659Z","importId":1,"level":"WARN","message":"Linha 9629: Pontuação é 0 ou null","category":"PONTUACAO","context":{"rowNumber":9629,"points":0,"cnpj":"82524232000103","saleId":"3363073A","executiveName":"Cassia Shimabukuro"}}
{"timestamp":"2026-03-10T22:41:20.662Z","importId":1,"level":"WARN","message":"Linha 9630: Pontuação é 0 ou null","category":"PONTUACAO","context":{"rowNumber":9630,"points":0,"cnpj":"26643347000146","saleId":"3363072A","executiveName":"Miguel Jenotti"}}
{"timestamp":"2026-03-10T22:41:20.666Z","importId":1,"level":"WARN","message":"Linha 9631: Pontuação é 0 ou null","category":"PONTUACAO","context":{"rowNumber":9631,"points":0,"cnpj":"12100779000104","saleId":"3363071A","executiveName":"Carlos Brito"}}
{"timestamp":"2026-03-10T22:41:20.667Z","importId":1,"level":"WARN","message":"Linha 9632: Pontuação é 0 ou null","category":"PONTUACAO","context":{"rowNumber":9632,"points":0,"cnpj":"12100779000104","saleId":"3363070A","executiveName":"Carlos Brito"}}
{"timestamp":"2026-03-10T22:41:20.669Z","importId":1,"level":"WARN","message":"Linha 9633: Pontuação é 0 ou null","category":"PONTUACAO","context":{"rowNumber":9633,"points":0,"cnpj":"12100779000104","saleId":"3363069A","executiveName":"Carlos Brito"}}
{"timestamp":"2026-03-10T22:41:20.673Z","importId":1,"level":"WARN","message":"Linha 9635: Pontuação é 0 ou null","category":"PONTUACAO","context":{"rowNumber":9635,"points":0,"cnpj":"23943727000108","saleId":"3363066A","executiveName":"Ricardo Bueno"}}
{"timestamp":"2026-03-10T22:41:20.705Z","importId":1,"level":"WARN","message":"Linha 9658: Pontuação é 0 ou null","category":"PONTUACAO","context":{"rowNumber":9658,"points":0,"cnpj":"10953332000144","saleId":"3368324A","executiveName":"Elzo Nogueira"}}
{"timestamp":"2026-03-10T22:41:20.711Z","importId":1,"level":"WARN","message":"Linha 9662: Pontuação é 0 ou null","category":"PONTUACAO","context":{"rowNumber":9662,"points":0,"cnpj":"44247693000197","saleId":"3368023A","executiveName":"Cristiano Dafre"}}
{"timestamp":"2026-03-10T22:41:20.719Z","importId":1,"level":"WARN","message":"Linha 9666: Pontuação é 0 ou null","category":"PONTUACAO","context":{"rowNumber":9666,"points":0,"cnpj":"58872220000195","saleId":"3363065A","executiveName":"Leonardo Ligabo"}}
{"timestamp":"2026-03-10T22:41:20.721Z","importId":1,"level":"WARN","message":"Linha 9667: Pontuação é 0 ou null","category":"PONTUACAO","context":{"rowNumber":9667,"points":0,"cnpj":"01004367000146","saleId":"3363062A","executiveName":"Marlon Wander"}}
{"timestamp":"2026-03-10T22:41:20.723Z","importId":1,"level":"WARN","message":"Linha 9668: Pontuação é 0 ou null","category":"PONTUACAO","context":{"rowNumber":9668,"points":0,"cnpj":"59397149000107","saleId":"3361760A","executiveName":"William Silva"}}
{"timestamp":"2026-03-10T22:41:20.726Z","importId":1,"level":"WARN","message":"Linha 9669: Pontuação é 0 ou null","category":"PONTUACAO","context":{"rowNumber":9669,"points":0,"cnpj":"59397149000107","saleId":"3361759A","executiveName":"William Silva"}}
{"timestamp":"2026-03-10T22:41:20.729Z","importId":1,"level":"WARN","message":"Linha 9670: Pontuação é 0 ou null","category":"PONTUACAO","context":{"rowNumber":9670,"points":0,"cnpj":"29325274000132","saleId":"3361754A","executiveName":"Cristiano Dafre"}}
{"timestamp":"2026-03-10T22:41:20.731Z","importId":1,"level":"WARN","message":"Linha 9671: Pontuação é 0 ou null","category":"PONTUACAO","context":{"rowNumber":9671,"points":0,"cnpj":"29325274000132","saleId":"3361753A","executiveName":"Cristiano Dafre"}}
{"timestamp":"2026-03-10T22:41:20.736Z","importId":1,"level":"WARN","message":"Linha 9674: Pontuação é 0 ou null","category":"PONTUACAO","context":{"rowNumber":9674,"points":0,"cnpj":"07709889000120","saleId":"3361746A","executiveName":"Carlos Brito"}}
{"timestamp":"2026-03-10T22:41:20.739Z","importId":1,"level":"WARN","message":"Linha 9675: Pontuação é 0 ou null","category":"PONTUACAO","context":{"rowNumber":9675,"points":0,"cnpj":"07709889000120","saleId":"3361745A","executiveName":"Carlos Brito"}}
{"timestamp":"2026-03-10T22:41:20.741Z","importId":1,"level":"WARN","message":"Linha 9676: Pontuação é 0 ou null","category":"PONTUACAO","context":{"rowNumber":9676,"points":0,"cnpj":"07709889000120","saleId":"3361744A","executiveName":"Carlos Brito"}}
{"timestamp":"2026-03-10T22:41:20.747Z","importId":1,"level":"WARN","message":"Linha 9680: Pontuação é 0 ou null","category":"PONTUACAO","context":{"rowNumber":9680,"points":0,"cnpj":"44635047000105","saleId":"3362951A","executiveName":"Karla Reis"}}
{"timestamp":"2026-03-10T22:41:20.749Z","importId":1,"level":"WARN","message":"Linha 9681: Pontuação é 0 ou null","category":"PONTUACAO","context":{"rowNumber":9681,"points":0,"cnpj":"08743507000147","saleId":"3361731A","executiveName":"Ricardo Morais"}}
{"timestamp":"2026-03-10T22:41:20.752Z","importId":1,"level":"WARN","message":"Linha 9682: Pontuação é 0 ou null","category":"PONTUACAO","context":{"rowNumber":9682,"points":0,"cnpj":"01453971000150","saleId":"3361724A","executiveName":"Claudia Dias"}}
{"timestamp":"2026-03-10T22:41:20.754Z","importId":1,"level":"WARN","message":"Linha 9683: Pontuação é 0 ou null","category":"PONTUACAO","context":{"rowNumber":9683,"points":0,"cnpj":"96194733000183","saleId":"3361718A","executiveName":"Ricardo Morais"}}
{"timestamp":"2026-03-10T22:41:20.756Z","importId":1,"level":"WARN","message":"Linha 9684: Pontuação é 0 ou null","category":"PONTUACAO","context":{"rowNumber":9684,"points":0,"cnpj":"96194733000183","saleId":"3361717A","executiveName":"Ricardo Morais"}}
{"timestamp":"2026-03-10T22:41:20.759Z","importId":1,"level":"WARN","message":"Linha 9685: Pontuação é 0 ou null","category":"PONTUACAO","context":{"rowNumber":9685,"points":0,"cnpj":"96194733000183","saleId":"3361716A","executiveName":"Ricardo Morais"}}
{"timestamp":"2026-03-10T22:41:20.763Z","importId":1,"level":"WARN","message":"Linha 9686: Pontuação é 0 ou null","category":"PONTUACAO","context":{"rowNumber":9686,"points":0,"cnpj":"96194733000183","saleId":"3361715A","executiveName":"Ricardo Morais"}}
{"timestamp":"2026-03-10T22:41:20.766Z","importId":1,"level":"WARN","message":"Linha 9688: Pontuação é 0 ou null","category":"PONTUACAO","context":{"rowNumber":9688,"points":0,"cnpj":"28550155000110","saleId":"3361709A","executiveName":"Karla Reis"}}
{"timestamp":"2026-03-10T22:41:20.768Z","importId":1,"level":"WARN","message":"Linha 9689: Pontuação é 0 ou null","category":"PONTUACAO","context":{"rowNumber":9689,"points":0,"cnpj":"28550155000110","saleId":"3361708A","executiveName":"Karla Reis"}}
{"timestamp":"2026-03-10T22:41:20.773Z","importId":1,"level":"WARN","message":"Linha 9692: Pontuação é 0 ou null","category":"PONTUACAO","context":{"rowNumber":9692,"points":0,"cnpj":"12543242000100","saleId":"3361617A","executiveName":"Armando Soares"}}
{"timestamp":"2026-03-10T22:41:20.775Z","importId":1,"level":"WARN","message":"Linha 9693: Pontuação é 0 ou null","category":"PONTUACAO","context":{"rowNumber":9693,"points":0,"cnpj":"12543242000100","saleId":"3361616A","executiveName":"Armando Soares"}}
{"timestamp":"2026-03-10T22:41:20.778Z","importId":1,"level":"WARN","message":"Linha 9694: Pontuação é 0 ou null","category":"PONTUACAO","context":{"rowNumber":9694,"points":0,"cnpj":"01453971000150","saleId":"3361725A","executiveName":"Claudia Dias"}}
{"timestamp":"2026-03-10T22:41:20.782Z","importId":1,"level":"WARN","message":"Linha 9695: Pontuação é 0 ou null","category":"PONTUACAO","context":{"rowNumber":9695,"points":0,"cnpj":"58872220000195","saleId":"3363064A","executiveName":"Leonardo Ligabo"}}
{"timestamp":"2026-03-10T22:41:20.785Z","importId":1,"level":"WARN","message":"Linha 9696: Pontuação é 0 ou null","category":"PONTUACAO","context":{"rowNumber":9696,"points":0,"cnpj":"04545594000177","saleId":"3362967A","executiveName":"Pasquale Neto"}}
{"timestamp":"2026-03-10T22:41:20.788Z","importId":1,"level":"WARN","message":"Linha 9697: Pontuação é 0 ou null","category":"PONTUACAO","context":{"rowNumber":9697,"points":0,"cnpj":"04545594000177","saleId":"3362969A","executiveName":"Pasquale Neto"}}
{"timestamp":"2026-03-10T22:41:20.790Z","importId":1,"level":"WARN","message":"Linha 9698: Pontuação é 0 ou null","category":"PONTUACAO","context":{"rowNumber":9698,"points":0,"cnpj":"01004367000146","saleId":"3363061A","executiveName":"Marlon Wander"}}
{"timestamp":"2026-03-10T22:41:20.793Z","importId":1,"level":"WARN","message":"Linha 9699: Pontuação é 0 ou null","category":"PONTUACAO","context":{"rowNumber":9699,"points":0,"cnpj":"01004367000146","saleId":"3363060A","executiveName":"Marlon Wander"}}
{"timestamp":"2026-03-10T22:41:20.796Z","importId":1,"level":"WARN","message":"Linha 9700: Pontuação é 0 ou null","category":"PONTUACAO","context":{"rowNumber":9700,"points":0,"cnpj":"01004367000146","saleId":"3363059A","executiveName":"Marlon Wander"}}
{"timestamp":"2026-03-10T22:41:20.798Z","importId":1,"level":"WARN","message":"Linha 9701: Pontuação é 0 ou null","category":"PONTUACAO","context":{"rowNumber":9701,"points":0,"cnpj":"01004367000146","saleId":"3363057A","executiveName":"Marlon Wander"}}
{"timestamp":"2026-03-10T22:41:20.801Z","importId":1,"level":"WARN","message":"Linha 9702: Pontuação é 0 ou null","category":"PONTUACAO","context":{"rowNumber":9702,"points":0,"cnpj":"01004367000146","saleId":"3363056A","executiveName":"Marlon Wander"}}
{"timestamp":"2026-03-10T22:41:20.802Z","importId":1,"level":"WARN","message":"Linha 9703: Pontuação é 0 ou null","category":"PONTUACAO","context":{"rowNumber":9703,"points":0,"cnpj":"58872220000195","saleId":"3363044A","executiveName":"Leonardo Ligabo"}}
{"timestamp":"2026-03-10T22:41:20.805Z","importId":1,"level":"WARN","message":"Linha 9704: Pontuação é 0 ou null","category":"PONTUACAO","context":{"rowNumber":9704,"points":0,"cnpj":"58872220000195","saleId":"3363043A","executiveName":"Leonardo Ligabo"}}
{"timestamp":"2026-03-10T22:41:20.808Z","importId":1,"level":"WARN","message":"Linha 9705: Pontuação é 0 ou null","category":"PONTUACAO","context":{"rowNumber":9705,"points":0,"cnpj":"47229908000135","saleId":"3363037A","executiveName":"Maira Vallim"}}
{"timestamp":"2026-03-10T22:41:20.810Z","importId":1,"level":"WARN","message":"Linha 9706: Pontuação é 0 ou null","category":"PONTUACAO","context":{"rowNumber":9706,"points":0,"cnpj":"20929210000176","saleId":"3363032A","executiveName":"Gabriela Carvalho"}}
{"timestamp":"2026-03-10T22:41:20.812Z","importId":1,"level":"WARN","message":"Linha 9707: Pontuação é 0 ou null","category":"PONTUACAO","context":{"rowNumber":9707,"points":0,"cnpj":"20929210000176","saleId":"3363031A","executiveName":"Gabriela Carvalho"}}
{"timestamp":"2026-03-10T22:41:20.815Z","importId":1,"level":"WARN","message":"Linha 9709: Pontuação é 0 ou null","category":"PONTUACAO","context":{"rowNumber":9709,"points":0,"cnpj":"30537376000109","saleId":"3363027A","executiveName":"Pasquale Neto"}}
{"timestamp":"2026-03-10T22:41:20.817Z","importId":1,"level":"WARN","message":"Linha 9710: Pontuação é 0 ou null","category":"PONTUACAO","context":{"rowNumber":9710,"points":0,"cnpj":"04545594000177","saleId":"3362968A","executiveName":"Pasquale Neto"}}
{"timestamp":"2026-03-10T22:41:20.820Z","importId":1,"level":"WARN","message":"Linha 9711: Pontuação é 0 ou null","category":"PONTUACAO","context":{"rowNumber":9711,"points":0,"cnpj":"14251456000139","saleId":"3363025A","executiveName":"Karla Reis"}}
{"timestamp":"2026-03-10T22:41:20.822Z","importId":1,"level":"WARN","message":"Linha 9712: Pontuação é 0 ou null","category":"PONTUACAO","context":{"rowNumber":9712,"points":0,"cnpj":"27932042000117","saleId":"3363013A","executiveName":"William Silva"}}
{"timestamp":"2026-03-10T22:41:20.823Z","importId":1,"level":"WARN","message":"Linha 9713: Pontuação é 0 ou null","category":"PONTUACAO","context":{"rowNumber":9713,"points":0,"cnpj":"29416586000151","saleId":"3363004A","executiveName":"Pasquale Neto"}}
{"timestamp":"2026-03-10T22:41:20.826Z","importId":1,"level":"WARN","message":"Linha 9714: Pontuação é 0 ou null","category":"PONTUACAO","context":{"rowNumber":9714,"points":0,"cnpj":"26553740000149","saleId":"3362999A","executiveName":"Ricardo Morais"}}
{"timestamp":"2026-03-10T22:41:20.828Z","importId":1,"level":"WARN","message":"Linha 9715: Pontuação é 0 ou null","category":"PONTUACAO","context":{"rowNumber":9715,"points":0,"cnpj":"26553740000149","saleId":"3362998A","executiveName":"Ricardo Morais"}}
{"timestamp":"2026-03-10T22:41:20.830Z","importId":1,"level":"WARN","message":"Linha 9716: Pontuação é 0 ou null","category":"PONTUACAO","context":{"rowNumber":9716,"points":0,"cnpj":"10632852000155","saleId":"3362997A","executiveName":"Carlos Barbassa"}}
{"timestamp":"2026-03-10T22:41:20.833Z","importId":1,"level":"WARN","message":"Linha 9717: Pontuação é 0 ou null","category":"PONTUACAO","context":{"rowNumber":9717,"points":0,"cnpj":"10632852000155","saleId":"3362996A","executiveName":"Carlos Barbassa"}}
{"timestamp":"2026-03-10T22:41:20.834Z","importId":1,"level":"WARN","message":"Linha 9718: Pontuação é 0 ou null","category":"PONTUACAO","context":{"rowNumber":9718,"points":0,"cnpj":"68038637000100","saleId":"3362995A","executiveName":"Claudia Dias"}}
{"timestamp":"2026-03-10T22:41:20.836Z","importId":1,"level":"WARN","message":"Linha 9719: Pontuação é 0 ou null","category":"PONTUACAO","context":{"rowNumber":9719,"points":0,"cnpj":"68038637000100","saleId":"3362994A","executiveName":"Claudia Dias"}}
{"timestamp":"2026-03-10T22:41:20.838Z","importId":1,"level":"WARN","message":"Linha 9720: Pontuação é 0 ou null","category":"PONTUACAO","context":{"rowNumber":9720,"points":0,"cnpj":"05434739000125","saleId":"3362982A","executiveName":"Cristiano Dafre"}}
{"timestamp":"2026-03-10T22:41:20.840Z","importId":1,"level":"WARN","message":"Linha 9721: Pontuação é 0 ou null","category":"PONTUACAO","context":{"rowNumber":9721,"points":0,"cnpj":"05434739000125","saleId":"3362981A","executiveName":"Cristiano Dafre"}}
{"timestamp":"2026-03-10T22:41:20.843Z","importId":1,"level":"WARN","message":"Linha 9722: Pontuação é 0 ou null","category":"PONTUACAO","context":{"rowNumber":9722,"points":0,"cnpj":"46652376000181","saleId":"3362971A","executiveName":"Cristiano Dafre"}}
{"timestamp":"2026-03-10T22:41:20.845Z","importId":1,"level":"WARN","message":"Linha 9723: Pontuação é 0 ou null","category":"PONTUACAO","context":{"rowNumber":9723,"points":0,"cnpj":"04545594000177","saleId":"3362970A","executiveName":"Pasquale Neto"}}
{"timestamp":"2026-03-10T22:41:20.847Z","importId":1,"level":"WARN","message":"Linha 9724: Pontuação é 0 ou null","category":"PONTUACAO","context":{"rowNumber":9724,"points":0,"cnpj":"14251456000139","saleId":"3363024A","executiveName":"Karla Reis"}}
{"timestamp":"2026-03-10T22:41:20.933Z","importId":1,"level":"WARN","message":"Linha 9785: Pontuação é 0 ou null","category":"PONTUACAO","context":{"rowNumber":9785,"points":0,"cnpj":"64348360000161","saleId":"3361237A","executiveName":"Elzo Nogueira"}}
{"timestamp":"2026-03-10T22:41:21.101Z","importId":1,"level":"WARN","message":"Linha 9895: Pontuação é 0 ou null","category":"PONTUACAO","context":{"rowNumber":9895,"points":0,"cnpj":"04964749000100","saleId":"3361372A","executiveName":"Grasiele Nascimento"}}
{"timestamp":"2026-03-10T22:41:21.505Z","importId":1,"level":"WARN","message":"Linha 10149: Pontuação é 0 ou null","category":"PONTUACAO","context":{"rowNumber":10149,"points":0,"cnpj":"41369871000164","saleId":"3359524A","executiveName":"Marlon Wander"}}
{"timestamp":"2026-03-10T22:41:21.508Z","importId":1,"level":"WARN","message":"Linha 10150: Pontuação é 0 ou null","category":"PONTUACAO","context":{"rowNumber":10150,"points":0,"cnpj":"41369871000164","saleId":"3359523A","executiveName":"Marlon Wander"}}
{"timestamp":"2026-03-10T22:41:21.511Z","importId":1,"level":"WARN","message":"Linha 10151: Pontuação é 0 ou null","category":"PONTUACAO","context":{"rowNumber":10151,"points":0,"cnpj":"02169577000157","saleId":"3359522A","executiveName":"Andrea Cordovil"}}
{"timestamp":"2026-03-10T22:41:21.514Z","importId":1,"level":"WARN","message":"Linha 10153: Pontuação é 0 ou null","category":"PONTUACAO","context":{"rowNumber":10153,"points":0,"cnpj":"22730853000111","saleId":"3359520A","executiveName":"Elza Lara"}}
{"timestamp":"2026-03-10T22:41:21.519Z","importId":1,"level":"WARN","message":"Linha 10155: Pontuação é 0 ou null","category":"PONTUACAO","context":{"rowNumber":10155,"points":0,"cnpj":"58451394000265","saleId":"3359518A","executiveName":"Promotor Interno"}}
{"timestamp":"2026-03-10T22:41:21.522Z","importId":1,"level":"WARN","message":"Linha 10157: Pontuação é 0 ou null","category":"PONTUACAO","context":{"rowNumber":10157,"points":0,"cnpj":"03677175000126","saleId":"3359516A","executiveName":"Rafaela Soares"}}
{"timestamp":"2026-03-10T22:41:21.526Z","importId":1,"level":"WARN","message":"Linha 10158: Pontuação é 0 ou null","category":"PONTUACAO","context":{"rowNumber":10158,"points":0,"cnpj":"08436093000103","saleId":"3359515A","executiveName":"Pasquale Neto"}}
{"timestamp":"2026-03-10T22:41:21.528Z","importId":1,"level":"WARN","message":"Linha 10159: Pontuação é 0 ou null","category":"PONTUACAO","context":{"rowNumber":10159,"points":0,"cnpj":"08436093000103","saleId":"3359514A","executiveName":"Pasquale Neto"}}
{"timestamp":"2026-03-10T22:41:21.533Z","importId":1,"level":"WARN","message":"Linha 10160: Pontuação é 0 ou null","category":"PONTUACAO","context":{"rowNumber":10160,"points":0,"cnpj":"57559445000123","saleId":"3359513A","executiveName":"Ricardo Morais"}}
{"timestamp":"2026-03-10T22:41:21.536Z","importId":1,"level":"WARN","message":"Linha 10161: Pontuação é 0 ou null","category":"PONTUACAO","context":{"rowNumber":10161,"points":0,"cnpj":"41369871000164","saleId":"3359525A","executiveName":"Marlon Wander"}}
{"timestamp":"2026-03-10T22:41:21.563Z","importId":1,"level":"WARN","message":"Linha 10177: Pontuação é 0 ou null","category":"PONTUACAO","context":{"rowNumber":10177,"points":0,"cnpj":"41369871000164","saleId":"3359526A","executiveName":"Marlon Wander"}}
{"timestamp":"2026-03-10T22:41:21.565Z","importId":1,"level":"WARN","message":"Linha 10178: Pontuação é 0 ou null","category":"PONTUACAO","context":{"rowNumber":10178,"points":0,"cnpj":"41369871000164","saleId":"3359528A","executiveName":"Marlon Wander"}}
{"timestamp":"2026-03-10T22:41:21.585Z","importId":1,"level":"WARN","message":"Linha 10191: Pontuação é 0 ou null","category":"PONTUACAO","context":{"rowNumber":10191,"points":0,"cnpj":"41369871000164","saleId":"3359527A","executiveName":"Marlon Wander"}}
{"timestamp":"2026-03-10T22:41:21.603Z","importId":1,"level":"WARN","message":"Linha 10203: Pontuação é 0 ou null","category":"PONTUACAO","context":{"rowNumber":10203,"points":0,"cnpj":"21211391000163","saleId":"3359533A","executiveName":"Maira Vallim"}}
{"timestamp":"2026-03-10T22:41:21.608Z","importId":1,"level":"WARN","message":"Linha 10204: Pontuação é 0 ou null","category":"PONTUACAO","context":{"rowNumber":10204,"points":0,"cnpj":"21211391000163","saleId":"3359532A","executiveName":"Maira Vallim"}}
{"timestamp":"2026-03-10T22:41:21.655Z","importId":1,"level":"WARN","message":"Linha 10238: Pontuação é 0 ou null","category":"PONTUACAO","context":{"rowNumber":10238,"points":0,"cnpj":"00253135000169","saleId":"3359033A","executiveName":"Marlon Wander"}}
{"timestamp":"2026-03-10T22:41:21.678Z","importId":1,"level":"WARN","message":"Linha 10251: Pontuação é 0 ou null","category":"PONTUACAO","context":{"rowNumber":10251,"points":0,"cnpj":"00253135000169","saleId":"3359032A","executiveName":"Marlon Wander"}}
{"timestamp":"2026-03-10T22:41:21.696Z","importId":1,"level":"WARN","message":"Linha 10263: Pontuação é 0 ou null","category":"PONTUACAO","context":{"rowNumber":10263,"points":0,"cnpj":"00253135000169","saleId":"3359035A","executiveName":"Marlon Wander"}}
{"timestamp":"2026-03-10T22:41:21.699Z","importId":1,"level":"WARN","message":"Linha 10264: Pontuação é 0 ou null","category":"PONTUACAO","context":{"rowNumber":10264,"points":0,"cnpj":"00253135000169","saleId":"3359034A","executiveName":"Marlon Wander"}}
{"timestamp":"2026-03-10T22:41:21.797Z","importId":1,"level":"WARN","message":"Linha 10327: Pontuação é 0 ou null","category":"PONTUACAO","context":{"rowNumber":10327,"points":0,"cnpj":"26203213000104","saleId":"3359092A","executiveName":"Roberto Garbin"}}
{"timestamp":"2026-03-10T22:41:21.800Z","importId":1,"level":"WARN","message":"Linha 10328: Pontuação é 0 ou null","category":"PONTUACAO","context":{"rowNumber":10328,"points":0,"cnpj":"26203213000104","saleId":"3359093A","executiveName":"Roberto Garbin"}}
{"timestamp":"2026-03-10T22:41:22.053Z","importId":1,"level":"WARN","message":"Linha 10512: Pontuação é 0 ou null","category":"PONTUACAO","context":{"rowNumber":10512,"points":0,"cnpj":"11812253000186","saleId":"3360234A","executiveName":"Grasiele Nascimento"}}
{"timestamp":"2026-03-10T22:41:22.055Z","importId":1,"level":"WARN","message":"Linha 10513: Pontuação é 0 ou null","category":"PONTUACAO","context":{"rowNumber":10513,"points":0,"cnpj":"31482185000141","saleId":"3360233A","executiveName":"Kelly Furno"}}
{"timestamp":"2026-03-10T22:41:22.057Z","importId":1,"level":"WARN","message":"Linha 10514: Pontuação é 0 ou null","category":"PONTUACAO","context":{"rowNumber":10514,"points":0,"cnpj":"31482185000141","saleId":"3360232A","executiveName":"Kelly Furno"}}
{"timestamp":"2026-03-10T22:41:22.069Z","importId":1,"level":"WARN","message":"Linha 10522: Pontuação é 0 ou null","category":"PONTUACAO","context":{"rowNumber":10522,"points":0,"cnpj":"41886096000114","saleId":"3360238A","executiveName":"Elza Lara"}}
{"timestamp":"2026-03-10T22:41:22.092Z","importId":1,"level":"WARN","message":"Linha 10538: Pontuação é 0 ou null","category":"PONTUACAO","context":{"rowNumber":10538,"points":0,"cnpj":"48713762000161","saleId":"3360239A","executiveName":"Ricardo Bueno"}}
{"timestamp":"2026-03-10T22:41:22.110Z","importId":1,"level":"WARN","message":"Linha 10552: Pontuação é 0 ou null","category":"PONTUACAO","context":{"rowNumber":10552,"points":0,"cnpj":"48713762000161","saleId":"3360240A","executiveName":"Ricardo Bueno"}}
{"timestamp":"2026-03-10T22:41:22.121Z","importId":1,"level":"WARN","message":"Linha 10559: Pontuação é 0 ou null","category":"PONTUACAO","context":{"rowNumber":10559,"points":0,"cnpj":"60897677000104","saleId":"3360248A","executiveName":"Cristiano Dafre"}}
{"timestamp":"2026-03-10T22:41:22.123Z","importId":1,"level":"WARN","message":"Linha 10560: Pontuação é 0 ou null","category":"PONTUACAO","context":{"rowNumber":10560,"points":0,"cnpj":"60897677000104","saleId":"3360247A","executiveName":"Cristiano Dafre"}}
{"timestamp":"2026-03-10T22:41:22.127Z","importId":1,"level":"WARN","message":"Linha 10561: Pontuação é 0 ou null","category":"PONTUACAO","context":{"rowNumber":10561,"points":0,"cnpj":"60897677000104","saleId":"3360246A","executiveName":"Cristiano Dafre"}}
{"timestamp":"2026-03-10T22:41:22.129Z","importId":1,"level":"WARN","message":"Linha 10562: Pontuação é 0 ou null","category":"PONTUACAO","context":{"rowNumber":10562,"points":0,"cnpj":"60897677000104","saleId":"3360245A","executiveName":"Cristiano Dafre"}}
{"timestamp":"2026-03-10T22:41:22.143Z","importId":1,"level":"WARN","message":"Linha 10572: Pontuação é 0 ou null","category":"PONTUACAO","context":{"rowNumber":10572,"points":0,"cnpj":"13527487000107","saleId":"3360484A","executiveName":"Marlon Wander"}}
{"timestamp":"2026-03-10T22:41:22.147Z","importId":1,"level":"WARN","message":"Linha 10573: Pontuação é 0 ou null","category":"PONTUACAO","context":{"rowNumber":10573,"points":0,"cnpj":"13527487000107","saleId":"3360483A","executiveName":"Marlon Wander"}}
{"timestamp":"2026-03-10T22:41:22.148Z","importId":1,"level":"WARN","message":"Linha 10574: Pontuação é 0 ou null","category":"PONTUACAO","context":{"rowNumber":10574,"points":0,"cnpj":"13527487000107","saleId":"3360482A","executiveName":"Marlon Wander"}}
{"timestamp":"2026-03-10T22:41:22.152Z","importId":1,"level":"WARN","message":"Linha 10575: Pontuação é 0 ou null","category":"PONTUACAO","context":{"rowNumber":10575,"points":0,"cnpj":"13527487000107","saleId":"3360481A","executiveName":"Marlon Wander"}}
{"timestamp":"2026-03-10T22:41:22.153Z","importId":1,"level":"WARN","message":"Linha 10576: Pontuação é 0 ou null","category":"PONTUACAO","context":{"rowNumber":10576,"points":0,"cnpj":"13527487000107","saleId":"3360480A","executiveName":"Marlon Wander"}}
{"timestamp":"2026-03-10T22:41:22.156Z","importId":1,"level":"WARN","message":"Linha 10577: Pontuação é 0 ou null","category":"PONTUACAO","context":{"rowNumber":10577,"points":0,"cnpj":"13527487000107","saleId":"3360479A","executiveName":"Marlon Wander"}}
{"timestamp":"2026-03-10T22:41:22.159Z","importId":1,"level":"WARN","message":"Linha 10578: Pontuação é 0 ou null","category":"PONTUACAO","context":{"rowNumber":10578,"points":0,"cnpj":"13527487000107","saleId":"3360478A","executiveName":"Marlon Wander"}}
{"timestamp":"2026-03-10T22:41:22.161Z","importId":1,"level":"WARN","message":"Linha 10579: Pontuação é 0 ou null","category":"PONTUACAO","context":{"rowNumber":10579,"points":0,"cnpj":"02198525000109","saleId":"3360477A","executiveName":"Marlon Wander"}}
{"timestamp":"2026-03-10T22:41:22.162Z","importId":1,"level":"WARN","message":"Linha 10580: Pontuação é 0 ou null","category":"PONTUACAO","context":{"rowNumber":10580,"points":0,"cnpj":"02198525000109","saleId":"3360476A","executiveName":"Marlon Wander"}}
{"timestamp":"2026-03-10T22:41:22.167Z","importId":1,"level":"WARN","message":"Linha 10582: Pontuação é 0 ou null","category":"PONTUACAO","context":{"rowNumber":10582,"points":0,"cnpj":"10440332000140","saleId":"3360488A","executiveName":"Elza Lara"}}
{"timestamp":"2026-03-10T22:41:22.219Z","importId":1,"level":"WARN","message":"Linha 10623: Pontuação é 0 ou null","category":"PONTUACAO","context":{"rowNumber":10623,"points":0,"cnpj":"15558804000188","saleId":"3360494A","executiveName":"Leonardo Ligabo"}}
{"timestamp":"2026-03-10T22:41:22.222Z","importId":1,"level":"WARN","message":"Linha 10624: Pontuação é 0 ou null","category":"PONTUACAO","context":{"rowNumber":10624,"points":0,"cnpj":"15558804000188","saleId":"3360493A","executiveName":"Leonardo Ligabo"}}
{"timestamp":"2026-03-10T22:41:22.388Z","importId":1,"level":"WARN","message":"Linha 10749: Pontuação é 0 ou null","category":"PONTUACAO","context":{"rowNumber":10749,"points":0,"cnpj":"15558804000188","saleId":"3359770A","executiveName":"Leonardo Ligabo"}}
{"timestamp":"2026-03-10T22:41:22.429Z","importId":1,"level":"WARN","message":"Linha 10778: Pontuação é 0 ou null","category":"PONTUACAO","context":{"rowNumber":10778,"points":0,"cnpj":"15558804000188","saleId":"3359769A","executiveName":"Leonardo Ligabo"}}
{"timestamp":"2026-03-10T22:41:22.436Z","importId":1,"level":"WARN","message":"Linha 10781: Pontuação é 0 ou null","category":"PONTUACAO","context":{"rowNumber":10781,"points":0,"cnpj":"29325274000132","saleId":"3359766A","executiveName":"Cristiano Dafre"}}
{"timestamp":"2026-03-10T22:41:22.441Z","importId":1,"level":"WARN","message":"Linha 10784: Pontuação é 0 ou null","category":"PONTUACAO","context":{"rowNumber":10784,"points":0,"cnpj":"22418050000126","saleId":"3359763A","executiveName":"Cristiano Dafre"}}
{"timestamp":"2026-03-10T22:41:22.444Z","importId":1,"level":"WARN","message":"Linha 10785: Pontuação é 0 ou null","category":"PONTUACAO","context":{"rowNumber":10785,"points":0,"cnpj":"22151899000186","saleId":"3359762A","executiveName":"Gabriela Carvalho"}}
{"timestamp":"2026-03-10T22:41:22.613Z","importId":1,"level":"WARN","message":"Linha 10871: Pontuação é 0 ou null","category":"PONTUACAO","context":{"rowNumber":10871,"points":0,"cnpj":"42323806000160","saleId":"3359991A","executiveName":"Luana Fagundes"}}
{"timestamp":"2026-03-10T22:41:22.616Z","importId":1,"level":"WARN","message":"Linha 10872: Pontuação é 0 ou null","category":"PONTUACAO","context":{"rowNumber":10872,"points":0,"cnpj":"42323806000160","saleId":"3359990A","executiveName":"Luana Fagundes"}}
{"timestamp":"2026-03-10T22:41:22.631Z","importId":1,"level":"WARN","message":"Linha 10881: Pontuação é 0 ou null","category":"PONTUACAO","context":{"rowNumber":10881,"points":0,"cnpj":"68038637000100","saleId":"3359980A","executiveName":"Claudia Dias"}}
{"timestamp":"2026-03-10T22:41:22.634Z","importId":1,"level":"WARN","message":"Linha 10882: Pontuação é 0 ou null","category":"PONTUACAO","context":{"rowNumber":10882,"points":0,"cnpj":"68038637000100","saleId":"3359979A","executiveName":"Claudia Dias"}}
{"timestamp":"2026-03-10T22:41:22.648Z","importId":1,"level":"WARN","message":"Linha 10890: Pontuação é 0 ou null","category":"PONTUACAO","context":{"rowNumber":10890,"points":0,"cnpj":"07709889000120","saleId":"3359954A","executiveName":"Carlos Brito"}}
{"timestamp":"2026-03-10T22:41:23.028Z","importId":1,"level":"WARN","message":"Linha 11153: Pontuação é 0 ou null","category":"PONTUACAO","context":{"rowNumber":11153,"points":0,"cnpj":"24406079000113","saleId":"3363035A","executiveName":"Clarissa Cavalheiro"}}
{"timestamp":"2026-03-10T22:41:23.033Z","importId":1,"level":"WARN","message":"Linha 11155: Pontuação é 0 ou null","category":"PONTUACAO","context":{"rowNumber":11155,"points":0,"cnpj":"11653207000181","saleId":"3363706A","executiveName":"Karla Reis"}}
{"timestamp":"2026-03-10T22:41:23.035Z","importId":1,"level":"WARN","message":"Linha 11156: Pontuação é 0 ou null","category":"PONTUACAO","context":{"rowNumber":11156,"points":0,"cnpj":"11653207000181","saleId":"3363705A","executiveName":"Karla Reis"}}
{"timestamp":"2026-03-10T22:41:23.037Z","importId":1,"level":"WARN","message":"Linha 11157: Pontuação é 0 ou null","category":"PONTUACAO","context":{"rowNumber":11157,"points":0,"cnpj":"17817369000194","saleId":"3363615A","executiveName":"Karla Reis"}}
{"timestamp":"2026-03-10T22:41:23.039Z","importId":1,"level":"WARN","message":"Linha 11158: Pontuação é 0 ou null","category":"PONTUACAO","context":{"rowNumber":11158,"points":0,"cnpj":"08225995000109","saleId":"3363610A","executiveName":"Andrea Cordovil"}}
{"timestamp":"2026-03-10T22:41:23.042Z","importId":1,"level":"WARN","message":"Linha 11159: Pontuação é 0 ou null","category":"PONTUACAO","context":{"rowNumber":11159,"points":0,"cnpj":"08225995000109","saleId":"3363609A","executiveName":"Andrea Cordovil"}}
{"timestamp":"2026-03-10T22:41:23.051Z","importId":1,"level":"WARN","message":"Linha 11165: Pontuação é 0 ou null","category":"PONTUACAO","context":{"rowNumber":11165,"points":0,"cnpj":"43304326000115","saleId":"3363708A","executiveName":"Ricardo Bueno"}}
{"timestamp":"2026-03-10T22:41:23.055Z","importId":1,"level":"WARN","message":"Linha 11168: Pontuação é 0 ou null","category":"PONTUACAO","context":{"rowNumber":11168,"points":0,"cnpj":"44580085000108","saleId":"3363078A","executiveName":"Cristiano Dafre"}}
{"timestamp":"2026-03-10T22:41:23.057Z","importId":1,"level":"WARN","message":"Linha 11169: Pontuação é 0 ou null","category":"PONTUACAO","context":{"rowNumber":11169,"points":0,"cnpj":"24869123000121","saleId":"3363077A","executiveName":"Elza Lara"}}
{"timestamp":"2026-03-10T22:41:23.059Z","importId":1,"level":"WARN","message":"Linha 11170: Pontuação é 0 ou null","category":"PONTUACAO","context":{"rowNumber":11170,"points":0,"cnpj":"24869123000121","saleId":"3363075A","executiveName":"Elza Lara"}}
{"timestamp":"2026-03-10T22:41:23.066Z","importId":1,"level":"WARN","message":"Linha 11171: Pontuação é 0 ou null","category":"PONTUACAO","context":{"rowNumber":11171,"points":0,"cnpj":"24869123000121","saleId":"3363074A","executiveName":"Elza Lara"}}
{"timestamp":"2026-03-10T22:41:23.068Z","importId":1,"level":"WARN","message":"Linha 11172: Pontuação é 0 ou null","category":"PONTUACAO","context":{"rowNumber":11172,"points":0,"cnpj":"09401785000189","saleId":"3363042A","executiveName":"Luana Fagundes"}}
{"timestamp":"2026-03-10T22:41:23.070Z","importId":1,"level":"WARN","message":"Linha 11173: Pontuação é 0 ou null","category":"PONTUACAO","context":{"rowNumber":11173,"points":0,"cnpj":"09401785000189","saleId":"3363041A","executiveName":"Luana Fagundes"}}
{"timestamp":"2026-03-10T22:41:23.072Z","importId":1,"level":"WARN","message":"Linha 11174: Pontuação é 0 ou null","category":"PONTUACAO","context":{"rowNumber":11174,"points":0,"cnpj":"24406079000113","saleId":"3363036A","executiveName":"Clarissa Cavalheiro"}}
{"timestamp":"2026-03-10T22:41:23.076Z","importId":1,"level":"WARN","message":"Linha 11175: Pontuação é 0 ou null","category":"PONTUACAO","context":{"rowNumber":11175,"points":0,"cnpj":"24406079000113","saleId":"3363034A","executiveName":"Clarissa Cavalheiro"}}
{"timestamp":"2026-03-10T22:41:23.079Z","importId":1,"level":"WARN","message":"Linha 11176: Pontuação é 0 ou null","category":"PONTUACAO","context":{"rowNumber":11176,"points":0,"cnpj":"24406079000113","saleId":"3363033A","executiveName":"Clarissa Cavalheiro"}}
{"timestamp":"2026-03-10T22:41:23.082Z","importId":1,"level":"WARN","message":"Linha 11178: Pontuação é 0 ou null","category":"PONTUACAO","context":{"rowNumber":11178,"points":0,"cnpj":"43304326000115","saleId":"3363709A","executiveName":"Ricardo Bueno"}}
{"timestamp":"2026-03-10T22:41:23.085Z","importId":1,"level":"WARN","message":"Linha 11179: Pontuação é 0 ou null","category":"PONTUACAO","context":{"rowNumber":11179,"points":0,"cnpj":"43304326000115","saleId":"3363710A","executiveName":"Ricardo Bueno"}}
{"timestamp":"2026-03-10T22:41:23.087Z","importId":1,"level":"WARN","message":"Linha 11180: Pontuação é 0 ou null","category":"PONTUACAO","context":{"rowNumber":11180,"points":0,"cnpj":"43304326000115","saleId":"3363711A","executiveName":"Ricardo Bueno"}}
{"timestamp":"2026-03-10T22:41:23.118Z","importId":1,"level":"WARN","message":"Linha 11201: Pontuação é 0 ou null","category":"PONTUACAO","context":{"rowNumber":11201,"points":0,"cnpj":"72926298000176","saleId":"3365391A","executiveName":"Marlon Wander"}}
{"timestamp":"2026-03-10T22:41:23.121Z","importId":1,"level":"WARN","message":"Linha 11202: Pontuação é 0 ou null","category":"PONTUACAO","context":{"rowNumber":11202,"points":0,"cnpj":"48042300000160","saleId":"3365272A","executiveName":"Leonardo Ligabo"}}
{"timestamp":"2026-03-10T22:41:23.124Z","importId":1,"level":"WARN","message":"Linha 11203: Pontuação é 0 ou null","category":"PONTUACAO","context":{"rowNumber":11203,"points":0,"cnpj":"64641996000105","saleId":"3365219A","executiveName":"Ricardo Bueno"}}
{"timestamp":"2026-03-10T22:41:23.128Z","importId":1,"level":"WARN","message":"Linha 11206: Pontuação é 0 ou null","category":"PONTUACAO","context":{"rowNumber":11206,"points":0,"cnpj":"32351158000100","saleId":"3363009A","executiveName":"Roberto Garbin"}}
{"timestamp":"2026-03-10T22:41:23.129Z","importId":1,"level":"WARN","message":"Linha 11207: Pontuação é 0 ou null","category":"PONTUACAO","context":{"rowNumber":11207,"points":0,"cnpj":"32351158000100","saleId":"3363008A","executiveName":"Roberto Garbin"}}
{"timestamp":"2026-03-10T22:41:23.164Z","importId":1,"level":"WARN","message":"Linha 11235: Pontuação é 0 ou null","category":"PONTUACAO","context":{"rowNumber":11235,"points":0,"cnpj":"32351158000100","saleId":"3363007A","executiveName":"Roberto Garbin"}}
{"timestamp":"2026-03-10T22:41:23.166Z","importId":1,"level":"WARN","message":"Linha 11236: Pontuação é 0 ou null","category":"PONTUACAO","context":{"rowNumber":11236,"points":0,"cnpj":"32351158000100","saleId":"3363006A","executiveName":"Roberto Garbin"}}
{"timestamp":"2026-03-10T22:41:23.168Z","importId":1,"level":"WARN","message":"Linha 11237: Pontuação é 0 ou null","category":"PONTUACAO","context":{"rowNumber":11237,"points":0,"cnpj":"55378004000108","saleId":"3362985A","executiveName":"Maira Vallim"}}
{"timestamp":"2026-03-10T22:41:23.173Z","importId":1,"level":"WARN","message":"Linha 11240: Pontuação é 0 ou null","category":"PONTUACAO","context":{"rowNumber":11240,"points":0,"cnpj":"28551518000132","saleId":"3362943A","executiveName":"Karla Reis"}}
{"timestamp":"2026-03-10T22:41:23.175Z","importId":1,"level":"WARN","message":"Linha 11241: Pontuação é 0 ou null","category":"PONTUACAO","context":{"rowNumber":11241,"points":0,"cnpj":"28551518000132","saleId":"3362942A","executiveName":"Karla Reis"}}
{"timestamp":"2026-03-10T22:41:23.178Z","importId":1,"level":"WARN","message":"Linha 11242: Pontuação é 0 ou null","category":"PONTUACAO","context":{"rowNumber":11242,"points":0,"cnpj":"28551518000132","saleId":"3362941A","executiveName":"Karla Reis"}}
{"timestamp":"2026-03-10T22:41:23.180Z","importId":1,"level":"WARN","message":"Linha 11243: Pontuação é 0 ou null","category":"PONTUACAO","context":{"rowNumber":11243,"points":0,"cnpj":"28551518000132","saleId":"3362940A","executiveName":"Karla Reis"}}
{"timestamp":"2026-03-10T22:41:23.182Z","importId":1,"level":"WARN","message":"Linha 11244: Pontuação é 0 ou null","category":"PONTUACAO","context":{"rowNumber":11244,"points":0,"cnpj":"28551518000132","saleId":"3362939A","executiveName":"Karla Reis"}}
{"timestamp":"2026-03-10T22:41:23.186Z","importId":1,"level":"WARN","message":"Linha 11245: Pontuação é 0 ou null","category":"PONTUACAO","context":{"rowNumber":11245,"points":0,"cnpj":"28551518000132","saleId":"3362938A","executiveName":"Karla Reis"}}
{"timestamp":"2026-03-10T22:41:23.188Z","importId":1,"level":"WARN","message":"Linha 11246: Pontuação é 0 ou null","category":"PONTUACAO","context":{"rowNumber":11246,"points":0,"cnpj":"28551518000132","saleId":"3362937A","executiveName":"Karla Reis"}}
{"timestamp":"2026-03-10T22:41:23.190Z","importId":1,"level":"WARN","message":"Linha 11247: Pontuação é 0 ou null","category":"PONTUACAO","context":{"rowNumber":11247,"points":0,"cnpj":"28551518000132","saleId":"3362936A","executiveName":"Karla Reis"}}
{"timestamp":"2026-03-10T22:41:23.191Z","importId":1,"level":"WARN","message":"Linha 11248: Pontuação é 0 ou null","category":"PONTUACAO","context":{"rowNumber":11248,"points":0,"cnpj":"55915565000190","saleId":"3362932A","executiveName":"Pasquale Neto"}}
{"timestamp":"2026-03-10T22:41:23.322Z","importId":1,"level":"WARN","message":"Linha 11352: Pontuação é 0 ou null","category":"PONTUACAO","context":{"rowNumber":11352,"points":0,"cnpj":"31509010000180","saleId":"3361707A","executiveName":"Elza Lara"}}
{"timestamp":"2026-03-10T22:41:23.325Z","importId":1,"level":"WARN","message":"Linha 11353: Pontuação é 0 ou null","category":"PONTUACAO","context":{"rowNumber":11353,"points":0,"cnpj":"31509010000180","saleId":"3361706A","executiveName":"Elza Lara"}}
{"timestamp":"2026-03-10T22:41:23.552Z","importId":1,"level":"WARN","message":"Linha 11530: Pontuação é 0 ou null","category":"PONTUACAO","context":{"rowNumber":11530,"points":0,"cnpj":"18587179000190","saleId":"3363039A","executiveName":"Gabriela Carvalho"}}
{"timestamp":"2026-03-10T22:41:23.560Z","importId":1,"level":"WARN","message":"Linha 11535: Pontuação é 0 ou null","category":"PONTUACAO","context":{"rowNumber":11535,"points":0,"cnpj":"15117936000255","saleId":"3365318A","executiveName":"Ronaldo Coelho"}}
{"timestamp":"2026-03-10T22:41:23.562Z","importId":1,"level":"WARN","message":"Linha 11536: Pontuação é 0 ou null","category":"PONTUACAO","context":{"rowNumber":11536,"points":0,"cnpj":"15117936000255","saleId":"3365330A","executiveName":"Ronaldo Coelho"}}
{"timestamp":"2026-03-10T22:41:23.565Z","importId":1,"level":"WARN","message":"Linha 11537: Pontuação é 0 ou null","category":"PONTUACAO","context":{"rowNumber":11537,"points":0,"cnpj":"03637500000127","saleId":"3365661A","executiveName":"Carlos Brito"}}
{"timestamp":"2026-03-10T22:41:23.567Z","importId":1,"level":"WARN","message":"Linha 11538: Pontuação é 0 ou null","category":"PONTUACAO","context":{"rowNumber":11538,"points":0,"cnpj":"03637500000127","saleId":"3365662A","executiveName":"Carlos Brito"}}
{"timestamp":"2026-03-10T22:41:23.584Z","importId":1,"level":"WARN","message":"Linha 11549: Pontuação é 0 ou null","category":"PONTUACAO","context":{"rowNumber":11549,"points":0,"cnpj":"28551518000132","saleId":"3363002A","executiveName":"Karla Reis"}}
{"timestamp":"2026-03-10T22:41:23.587Z","importId":1,"level":"WARN","message":"Linha 11550: Pontuação é 0 ou null","category":"PONTUACAO","context":{"rowNumber":11550,"points":0,"cnpj":"28551518000132","saleId":"3363001A","executiveName":"Karla Reis"}}
{"timestamp":"2026-03-10T22:41:23.590Z","importId":1,"level":"WARN","message":"Linha 11551: Pontuação é 0 ou null","category":"PONTUACAO","context":{"rowNumber":11551,"points":0,"cnpj":"15875000000102","saleId":"3362990A","executiveName":"Elza Lara"}}
{"timestamp":"2026-03-10T22:41:23.611Z","importId":1,"level":"WARN","message":"Linha 11566: Pontuação é 0 ou null","category":"PONTUACAO","context":{"rowNumber":11566,"points":0,"cnpj":"24117034000129","saleId":"3362934A","executiveName":"Miguel Jenotti"}}
{"timestamp":"2026-03-10T22:41:23.613Z","importId":1,"level":"WARN","message":"Linha 11567: Pontuação é 0 ou null","category":"PONTUACAO","context":{"rowNumber":11567,"points":0,"cnpj":"15875000000102","saleId":"3362988A","executiveName":"Elza Lara"}}
{"timestamp":"2026-03-10T22:41:23.616Z","importId":1,"level":"WARN","message":"Linha 11568: Pontuação é 0 ou null","category":"PONTUACAO","context":{"rowNumber":11568,"points":0,"cnpj":"15875000000102","saleId":"3362989A","executiveName":"Elza Lara"}}
{"timestamp":"2026-03-10T22:41:23.775Z","importId":1,"level":"WARN","message":"Linha 11691: Registro pulado - CNPJ/CPF é obrigatório","category":"VALIDACAO","context":{"rowNumber":11691,"reason":"Erro de validação","error":"CNPJ/CPF é obrigatório","rowData":null}}
{"timestamp":"2026-03-10T22:41:23.777Z","importId":1,"level":"ERROR","message":"Erro na linha 11691: CNPJ/CPF é obrigatório","category":"OUTROS","context":{"rowNumber":11691,"reason":"CNPJ/CPF é obrigatório"}}
{"timestamp":"2026-03-10T22:41:23.841Z","importId":1,"level":"WARN","message":"Linha 11745: Pontuação é 0 ou null","category":"PONTUACAO","context":{"rowNumber":11745,"points":0,"cnpj":"08706864000135","saleId":"209451M1700475","executiveName":"THIAGO MARLUS DOS SANTOS"}}
{"timestamp":"2026-03-10T22:41:24.279Z","importId":1,"level":"WARN","message":"Linha 12058: Pontuação é 0 ou null","category":"PONTUACAO","context":{"rowNumber":12058,"points":0,"cnpj":"23943727000108","saleId":"3363252T","executiveName":"Ricardo Bueno"}}
{"timestamp":"2026-03-10T22:41:24.483Z","importId":1,"level":"WARN","message":"Linha 12203: Pontuação é 0 ou null","category":"PONTUACAO","context":{"rowNumber":12203,"points":0,"cnpj":"05488469000135","saleId":"3364358A","executiveName":"Claudia Dias"}}
{"timestamp":"2026-03-10T22:41:24.672Z","importId":1,"level":"WARN","message":"Linha 12346: Pontuação é 0 ou null","category":"PONTUACAO","context":{"rowNumber":12346,"points":0,"cnpj":"35293981870","saleId":"3364453A","executiveName":"Soraya Romano"}}
{"timestamp":"2026-03-10T22:41:24.713Z","importId":1,"level":"WARN","message":"Linha 12376: Pontuação é 0 ou null","category":"PONTUACAO","context":{"rowNumber":12376,"points":0,"cnpj":"07709889000120","saleId":"3364506A","executiveName":"Carlos Brito"}}
{"timestamp":"2026-03-10T22:41:24.720Z","importId":1,"level":"WARN","message":"Linha 12380: Pontuação é 0 ou null","category":"PONTUACAO","context":{"rowNumber":12380,"points":0,"cnpj":"41369871000164","saleId":"3365966A","executiveName":"Marlon Wander"}}
{"timestamp":"2026-03-10T22:41:24.721Z","importId":1,"level":"WARN","message":"Linha 12381: Pontuação é 0 ou null","category":"PONTUACAO","context":{"rowNumber":12381,"points":0,"cnpj":"41369871000164","saleId":"3365965A","executiveName":"Marlon Wander"}}
{"timestamp":"2026-03-10T22:41:24.724Z","importId":1,"level":"WARN","message":"Linha 12382: Pontuação é 0 ou null","category":"PONTUACAO","context":{"rowNumber":12382,"points":0,"cnpj":"41369871000164","saleId":"3365964A","executiveName":"Marlon Wander"}}
{"timestamp":"2026-03-10T22:41:24.726Z","importId":1,"level":"WARN","message":"Linha 12383: Pontuação é 0 ou null","category":"PONTUACAO","context":{"rowNumber":12383,"points":0,"cnpj":"41369871000164","saleId":"3365963A","executiveName":"Marlon Wander"}}
{"timestamp":"2026-03-10T22:41:24.728Z","importId":1,"level":"WARN","message":"Linha 12384: Pontuação é 0 ou null","category":"PONTUACAO","context":{"rowNumber":12384,"points":0,"cnpj":"41369871000164","saleId":"3365962A","executiveName":"Marlon Wander"}}
{"timestamp":"2026-03-10T22:41:24.732Z","importId":1,"level":"WARN","message":"Linha 12385: Pontuação é 0 ou null","category":"PONTUACAO","context":{"rowNumber":12385,"points":0,"cnpj":"08430249000149","saleId":"3365960A","executiveName":"Miguel Jenotti"}}
{"timestamp":"2026-03-10T22:41:24.733Z","importId":1,"level":"WARN","message":"Linha 12386: Pontuação é 0 ou null","category":"PONTUACAO","context":{"rowNumber":12386,"points":0,"cnpj":"27932042000117","saleId":"3365959A","executiveName":"William Silva"}}
{"timestamp":"2026-03-10T22:41:24.735Z","importId":1,"level":"WARN","message":"Linha 12387: Pontuação é 0 ou null","category":"PONTUACAO","context":{"rowNumber":12387,"points":0,"cnpj":"27932042000117","saleId":"3365958A","executiveName":"William Silva"}}
{"timestamp":"2026-03-10T22:41:24.738Z","importId":1,"level":"WARN","message":"Linha 12388: Pontuação é 0 ou null","category":"PONTUACAO","context":{"rowNumber":12388,"points":0,"cnpj":"18096686000121","saleId":"3365956A","executiveName":"Pasquale Neto"}}
{"timestamp":"2026-03-10T22:41:24.741Z","importId":1,"level":"WARN","message":"Linha 12389: Pontuação é 0 ou null","category":"PONTUACAO","context":{"rowNumber":12389,"points":0,"cnpj":"41369871000164","saleId":"3365967A","executiveName":"Marlon Wander"}}
{"timestamp":"2026-03-10T22:41:24.743Z","importId":1,"level":"WARN","message":"Linha 12390: Pontuação é 0 ou null","category":"PONTUACAO","context":{"rowNumber":12390,"points":0,"cnpj":"18096686000121","saleId":"3365955A","executiveName":"Pasquale Neto"}}
{"timestamp":"2026-03-10T22:41:24.746Z","importId":1,"level":"WARN","message":"Linha 12391: Pontuação é 0 ou null","category":"PONTUACAO","context":{"rowNumber":12391,"points":0,"cnpj":"32667621000110","saleId":"3365953A","executiveName":"Marlon Wander"}}
{"timestamp":"2026-03-10T22:41:24.748Z","importId":1,"level":"WARN","message":"Linha 12392: Pontuação é 0 ou null","category":"PONTUACAO","context":{"rowNumber":12392,"points":0,"cnpj":"32667621000110","saleId":"3365952A","executiveName":"Marlon Wander"}}
{"timestamp":"2026-03-10T22:41:24.750Z","importId":1,"level":"WARN","message":"Linha 12393: Pontuação é 0 ou null","category":"PONTUACAO","context":{"rowNumber":12393,"points":0,"cnpj":"32667621000110","saleId":"3365951A","executiveName":"Marlon Wander"}}
{"timestamp":"2026-03-10T22:41:24.753Z","importId":1,"level":"WARN","message":"Linha 12394: Pontuação é 0 ou null","category":"PONTUACAO","context":{"rowNumber":12394,"points":0,"cnpj":"32667621000110","saleId":"3365950A","executiveName":"Marlon Wander"}}
{"timestamp":"2026-03-10T22:41:24.758Z","importId":1,"level":"WARN","message":"Linha 12395: Pontuação é 0 ou null","category":"PONTUACAO","context":{"rowNumber":12395,"points":0,"cnpj":"32734735000135","saleId":"3365949A","executiveName":"Cristiano Dafre"}}
{"timestamp":"2026-03-10T22:41:24.761Z","importId":1,"level":"WARN","message":"Linha 12397: Pontuação é 0 ou null","category":"PONTUACAO","context":{"rowNumber":12397,"points":0,"cnpj":"26605232000167","saleId":"3365944A","executiveName":"Ricardo Bueno"}}
{"timestamp":"2026-03-10T22:41:24.763Z","importId":1,"level":"WARN","message":"Linha 12398: Pontuação é 0 ou null","category":"PONTUACAO","context":{"rowNumber":12398,"points":0,"cnpj":"26605232000167","saleId":"3365943A","executiveName":"Ricardo Bueno"}}
{"timestamp":"2026-03-10T22:41:24.765Z","importId":1,"level":"WARN","message":"Linha 12399: Pontuação é 0 ou null","category":"PONTUACAO","context":{"rowNumber":12399,"points":0,"cnpj":"24232538000190","saleId":"3365942A","executiveName":"Elza Lara"}}
{"timestamp":"2026-03-10T22:41:24.768Z","importId":1,"level":"WARN","message":"Linha 12400: Pontuação é 0 ou null","category":"PONTUACAO","context":{"rowNumber":12400,"points":0,"cnpj":"18096686000121","saleId":"3365954A","executiveName":"Pasquale Neto"}}
{"timestamp":"2026-03-10T22:41:24.771Z","importId":1,"level":"WARN","message":"Linha 12402: Pontuação é 0 ou null","category":"PONTUACAO","context":{"rowNumber":12402,"points":0,"cnpj":"41369871000164","saleId":"3365968A","executiveName":"Marlon Wander"}}
{"timestamp":"2026-03-10T22:41:24.773Z","importId":1,"level":"WARN","message":"Linha 12403: Pontuação é 0 ou null","category":"PONTUACAO","context":{"rowNumber":12403,"points":0,"cnpj":"41369871000164","saleId":"3365970A","executiveName":"Marlon Wander"}}
{"timestamp":"2026-03-10T22:41:24.774Z","importId":1,"level":"WARN","message":"Linha 12404: Pontuação é 0 ou null","category":"PONTUACAO","context":{"rowNumber":12404,"points":0,"cnpj":"00566155000190","saleId":"3366173A","executiveName":"Carlos Barbassa"}}
{"timestamp":"2026-03-10T22:41:24.779Z","importId":1,"level":"WARN","message":"Linha 12405: Pontuação é 0 ou null","category":"PONTUACAO","context":{"rowNumber":12405,"points":0,"cnpj":"00566155000190","saleId":"3366152A","executiveName":"Carlos Barbassa"}}
{"timestamp":"2026-03-10T22:41:24.781Z","importId":1,"level":"WARN","message":"Linha 12406: Pontuação é 0 ou null","category":"PONTUACAO","context":{"rowNumber":12406,"points":0,"cnpj":"00566155000190","saleId":"3366151A","executiveName":"Carlos Barbassa"}}
{"timestamp":"2026-03-10T22:41:24.786Z","importId":1,"level":"WARN","message":"Linha 12411: Pontuação é 0 ou null","category":"PONTUACAO","context":{"rowNumber":12411,"points":0,"cnpj":"54349602000188","saleId":"3365988A","executiveName":"Walter Junior"}}
{"timestamp":"2026-03-10T22:41:24.788Z","importId":1,"level":"WARN","message":"Linha 12412: Pontuação é 0 ou null","category":"PONTUACAO","context":{"rowNumber":12412,"points":0,"cnpj":"54349602000188","saleId":"3365987A","executiveName":"Walter Junior"}}
{"timestamp":"2026-03-10T22:41:24.791Z","importId":1,"level":"WARN","message":"Linha 12413: Pontuação é 0 ou null","category":"PONTUACAO","context":{"rowNumber":12413,"points":0,"cnpj":"41369871000164","saleId":"3365969A","executiveName":"Marlon Wander"}}
{"timestamp":"2026-03-10T22:41:24.793Z","importId":1,"level":"WARN","message":"Linha 12414: Pontuação é 0 ou null","category":"PONTUACAO","context":{"rowNumber":12414,"points":0,"cnpj":"75527804000142","saleId":"3365983A","executiveName":"Clarissa Cavalheiro"}}
{"timestamp":"2026-03-10T22:41:24.795Z","importId":1,"level":"WARN","message":"Linha 12415: Pontuação é 0 ou null","category":"PONTUACAO","context":{"rowNumber":12415,"points":0,"cnpj":"21860827000145","saleId":"3365979A","executiveName":"Ricardo Morais"}}
{"timestamp":"2026-03-10T22:41:24.798Z","importId":1,"level":"WARN","message":"Linha 12416: Pontuação é 0 ou null","category":"PONTUACAO","context":{"rowNumber":12416,"points":0,"cnpj":"21860827000145","saleId":"3365978A","executiveName":"Ricardo Morais"}}
{"timestamp":"2026-03-10T22:41:24.799Z","importId":1,"level":"WARN","message":"Linha 12417: Pontuação é 0 ou null","category":"PONTUACAO","context":{"rowNumber":12417,"points":0,"cnpj":"21860827000145","saleId":"3365977A","executiveName":"Ricardo Morais"}}
{"timestamp":"2026-03-10T22:41:24.803Z","importId":1,"level":"WARN","message":"Linha 12419: Pontuação é 0 ou null","category":"PONTUACAO","context":{"rowNumber":12419,"points":0,"cnpj":"41369871000164","saleId":"3365975A","executiveName":"Marlon Wander"}}
{"timestamp":"2026-03-10T22:41:24.805Z","importId":1,"level":"WARN","message":"Linha 12420: Pontuação é 0 ou null","category":"PONTUACAO","context":{"rowNumber":12420,"points":0,"cnpj":"41369871000164","saleId":"3365974A","executiveName":"Marlon Wander"}}
{"timestamp":"2026-03-10T22:41:24.807Z","importId":1,"level":"WARN","message":"Linha 12421: Pontuação é 0 ou null","category":"PONTUACAO","context":{"rowNumber":12421,"points":0,"cnpj":"41369871000164","saleId":"3365973A","executiveName":"Marlon Wander"}}
{"timestamp":"2026-03-10T22:41:24.808Z","importId":1,"level":"WARN","message":"Linha 12422: Pontuação é 0 ou null","category":"PONTUACAO","context":{"rowNumber":12422,"points":0,"cnpj":"41369871000164","saleId":"3365972A","executiveName":"Marlon Wander"}}
{"timestamp":"2026-03-10T22:41:24.811Z","importId":1,"level":"WARN","message":"Linha 12423: Pontuação é 0 ou null","category":"PONTUACAO","context":{"rowNumber":12423,"points":0,"cnpj":"41369871000164","saleId":"3365971A","executiveName":"Marlon Wander"}}
{"timestamp":"2026-03-10T22:41:24.812Z","importId":1,"level":"WARN","message":"Linha 12424: Pontuação é 0 ou null","category":"PONTUACAO","context":{"rowNumber":12424,"points":0,"cnpj":"75527804000142","saleId":"3365982A","executiveName":"Clarissa Cavalheiro"}}
{"timestamp":"2026-03-10T22:41:24.817Z","importId":1,"level":"WARN","message":"Linha 12425: Pontuação é 0 ou null","category":"PONTUACAO","context":{"rowNumber":12425,"points":0,"cnpj":"04033961000153","saleId":"3365940A","executiveName":"Elza Lara"}}
{"timestamp":"2026-03-10T22:41:24.818Z","importId":1,"level":"WARN","message":"Linha 12426: Pontuação é 0 ou null","category":"PONTUACAO","context":{"rowNumber":12426,"points":0,"cnpj":"04033961000153","saleId":"3365939A","executiveName":"Elza Lara"}}
{"timestamp":"2026-03-10T22:41:24.821Z","importId":1,"level":"WARN","message":"Linha 12428: Pontuação é 0 ou null","category":"PONTUACAO","context":{"rowNumber":12428,"points":0,"cnpj":"55915565000190","saleId":"3365897A","executiveName":"Pasquale Neto"}}
{"timestamp":"2026-03-10T22:41:24.827Z","importId":1,"level":"WARN","message":"Linha 12432: Pontuação é 0 ou null","category":"PONTUACAO","context":{"rowNumber":12432,"points":0,"cnpj":"50490622000113","saleId":"3365663A","executiveName":"Carlos Barbassa"}}
{"timestamp":"2026-03-10T22:41:24.829Z","importId":1,"level":"WARN","message":"Linha 12433: Pontuação é 0 ou null","category":"PONTUACAO","context":{"rowNumber":12433,"points":0,"cnpj":"27060935000110","saleId":"3365271A","executiveName":"Elza Lara"}}
{"timestamp":"2026-03-10T22:41:24.831Z","importId":1,"level":"WARN","message":"Linha 12434: Pontuação é 0 ou null","category":"PONTUACAO","context":{"rowNumber":12434,"points":0,"cnpj":"27060935000110","saleId":"3365270A","executiveName":"Elza Lara"}}
{"timestamp":"2026-03-10T22:41:24.851Z","importId":1,"level":"WARN","message":"Linha 12449: Pontuação é 0 ou null","category":"PONTUACAO","context":{"rowNumber":12449,"points":0,"cnpj":"07888535000190","saleId":"3365900A","executiveName":"Cristiano Dafre"}}
{"timestamp":"2026-03-10T22:41:24.853Z","importId":1,"level":"WARN","message":"Linha 12450: Pontuação é 0 ou null","category":"PONTUACAO","context":{"rowNumber":12450,"points":0,"cnpj":"40304172000173","saleId":"3365901A","executiveName":"Elza Lara"}}
{"timestamp":"2026-03-10T22:41:24.855Z","importId":1,"level":"WARN","message":"Linha 12451: Pontuação é 0 ou null","category":"PONTUACAO","context":{"rowNumber":12451,"points":0,"cnpj":"40304172000173","saleId":"3365902A","executiveName":"Elza Lara"}}
{"timestamp":"2026-03-10T22:41:24.864Z","importId":1,"level":"WARN","message":"Linha 12458: Pontuação é 0 ou null","category":"PONTUACAO","context":{"rowNumber":12458,"points":0,"cnpj":"00606729000106","saleId":"3365928A","executiveName":"Miguel Jenotti"}}
{"timestamp":"2026-03-10T22:41:24.866Z","importId":1,"level":"WARN","message":"Linha 12459: Pontuação é 0 ou null","category":"PONTUACAO","context":{"rowNumber":12459,"points":0,"cnpj":"08937466000120","saleId":"3365918A","executiveName":"Pasquale Neto"}}
{"timestamp":"2026-03-10T22:41:24.871Z","importId":1,"level":"WARN","message":"Linha 12462: Pontuação é 0 ou null","category":"PONTUACAO","context":{"rowNumber":12462,"points":0,"cnpj":"18483090000184","saleId":"3365913A","executiveName":"Ricardo Morais"}}
{"timestamp":"2026-03-10T22:41:24.879Z","importId":1,"level":"WARN","message":"Linha 12468: Pontuação é 0 ou null","category":"PONTUACAO","context":{"rowNumber":12468,"points":0,"cnpj":"00566155000190","saleId":"3365907A","executiveName":"Carlos Barbassa"}}
{"timestamp":"2026-03-10T22:41:24.881Z","importId":1,"level":"WARN","message":"Linha 12469: Pontuação é 0 ou null","category":"PONTUACAO","context":{"rowNumber":12469,"points":0,"cnpj":"00566155000190","saleId":"3365906A","executiveName":"Carlos Barbassa"}}
{"timestamp":"2026-03-10T22:41:24.883Z","importId":1,"level":"WARN","message":"Linha 12470: Pontuação é 0 ou null","category":"PONTUACAO","context":{"rowNumber":12470,"points":0,"cnpj":"00566155000190","saleId":"3365905A","executiveName":"Carlos Barbassa"}}
{"timestamp":"2026-03-10T22:41:24.886Z","importId":1,"level":"WARN","message":"Linha 12471: Pontuação é 0 ou null","category":"PONTUACAO","context":{"rowNumber":12471,"points":0,"cnpj":"00566155000190","saleId":"3365904A","executiveName":"Carlos Barbassa"}}
{"timestamp":"2026-03-10T22:41:24.889Z","importId":1,"level":"WARN","message":"Linha 12473: Pontuação é 0 ou null","category":"PONTUACAO","context":{"rowNumber":12473,"points":0,"cnpj":"00566155000190","saleId":"3366174A","executiveName":"Carlos Barbassa"}}
{"timestamp":"2026-03-10T22:41:24.896Z","importId":1,"level":"WARN","message":"Linha 12476: Pontuação é 0 ou null","category":"PONTUACAO","context":{"rowNumber":12476,"points":0,"cnpj":"79379491000183","saleId":"3366355A","executiveName":"Marlon Wander"}}
{"timestamp":"2026-03-10T22:41:24.898Z","importId":1,"level":"WARN","message":"Linha 12477: Pontuação é 0 ou null","category":"PONTUACAO","context":{"rowNumber":12477,"points":0,"cnpj":"43304326000115","saleId":"3368408A","executiveName":"Ricardo Bueno"}}
{"timestamp":"2026-03-10T22:41:24.900Z","importId":1,"level":"WARN","message":"Linha 12478: Pontuação é 0 ou null","category":"PONTUACAO","context":{"rowNumber":12478,"points":0,"cnpj":"43304326000115","saleId":"3368407A","executiveName":"Ricardo Bueno"}}
{"timestamp":"2026-03-10T22:41:24.902Z","importId":1,"level":"WARN","message":"Linha 12479: Pontuação é 0 ou null","category":"PONTUACAO","context":{"rowNumber":12479,"points":0,"cnpj":"43304326000115","saleId":"3368406A","executiveName":"Ricardo Bueno"}}
{"timestamp":"2026-03-10T22:41:24.905Z","importId":1,"level":"WARN","message":"Linha 12480: Pontuação é 0 ou null","category":"PONTUACAO","context":{"rowNumber":12480,"points":0,"cnpj":"43304326000115","saleId":"3368405A","executiveName":"Ricardo Bueno"}}
{"timestamp":"2026-03-10T22:41:24.906Z","importId":1,"level":"WARN","message":"Linha 12481: Pontuação é 0 ou null","category":"PONTUACAO","context":{"rowNumber":12481,"points":0,"cnpj":"43304326000115","saleId":"3368404A","executiveName":"Ricardo Bueno"}}
{"timestamp":"2026-03-10T22:41:24.908Z","importId":1,"level":"WARN","message":"Linha 12482: Pontuação é 0 ou null","category":"PONTUACAO","context":{"rowNumber":12482,"points":0,"cnpj":"43304326000115","saleId":"3368403A","executiveName":"Ricardo Bueno"}}
{"timestamp":"2026-03-10T22:41:24.911Z","importId":1,"level":"WARN","message":"Linha 12483: Pontuação é 0 ou null","category":"PONTUACAO","context":{"rowNumber":12483,"points":0,"cnpj":"43304326000115","saleId":"3368402A","executiveName":"Ricardo Bueno"}}
{"timestamp":"2026-03-10T22:41:24.912Z","importId":1,"level":"WARN","message":"Linha 12484: Pontuação é 0 ou null","category":"PONTUACAO","context":{"rowNumber":12484,"points":0,"cnpj":"43304326000115","saleId":"3368401A","executiveName":"Ricardo Bueno"}}
{"timestamp":"2026-03-10T22:41:24.916Z","importId":1,"level":"WARN","message":"Linha 12485: Pontuação é 0 ou null","category":"PONTUACAO","context":{"rowNumber":12485,"points":0,"cnpj":"43304326000115","saleId":"3368400A","executiveName":"Ricardo Bueno"}}
{"timestamp":"2026-03-10T22:41:24.917Z","importId":1,"level":"WARN","message":"Linha 12486: Pontuação é 0 ou null","category":"PONTUACAO","context":{"rowNumber":12486,"points":0,"cnpj":"43304326000115","saleId":"3368409A","executiveName":"Ricardo Bueno"}}
{"timestamp":"2026-03-10T22:41:24.919Z","importId":1,"level":"WARN","message":"Linha 12487: Pontuação é 0 ou null","category":"PONTUACAO","context":{"rowNumber":12487,"points":0,"cnpj":"43304326000115","saleId":"3368399A","executiveName":"Ricardo Bueno"}}
{"timestamp":"2026-03-10T22:41:24.921Z","importId":1,"level":"WARN","message":"Linha 12488: Pontuação é 0 ou null","category":"PONTUACAO","context":{"rowNumber":12488,"points":0,"cnpj":"43304326000115","saleId":"3368397A","executiveName":"Ricardo Bueno"}}
{"timestamp":"2026-03-10T22:41:24.923Z","importId":1,"level":"WARN","message":"Linha 12489: Pontuação é 0 ou null","category":"PONTUACAO","context":{"rowNumber":12489,"points":0,"cnpj":"43304326000115","saleId":"3368396A","executiveName":"Ricardo Bueno"}}
{"timestamp":"2026-03-10T22:41:24.925Z","importId":1,"level":"WARN","message":"Linha 12490: Pontuação é 0 ou null","category":"PONTUACAO","context":{"rowNumber":12490,"points":0,"cnpj":"04885442000113","saleId":"3368386A","executiveName":"Carlos Barbassa"}}
{"timestamp":"2026-03-10T22:41:24.928Z","importId":1,"level":"WARN","message":"Linha 12491: Pontuação é 0 ou null","category":"PONTUACAO","context":{"rowNumber":12491,"points":0,"cnpj":"04885442000113","saleId":"3368385A","executiveName":"Carlos Barbassa"}}
{"timestamp":"2026-03-10T22:41:24.930Z","importId":1,"level":"WARN","message":"Linha 12492: Pontuação é 0 ou null","category":"PONTUACAO","context":{"rowNumber":12492,"points":0,"cnpj":"36417780000117","saleId":"3368383A","executiveName":"Kelly Furno"}}
{"timestamp":"2026-03-10T22:41:24.931Z","importId":1,"level":"WARN","message":"Linha 12493: Pontuação é 0 ou null","category":"PONTUACAO","context":{"rowNumber":12493,"points":0,"cnpj":"36417780000117","saleId":"3368382A","executiveName":"Kelly Furno"}}
{"timestamp":"2026-03-10T22:41:24.933Z","importId":1,"level":"WARN","message":"Linha 12494: Pontuação é 0 ou null","category":"PONTUACAO","context":{"rowNumber":12494,"points":0,"cnpj":"10440332000140","saleId":"3368381A","executiveName":"Elza Lara"}}
{"timestamp":"2026-03-10T22:41:24.936Z","importId":1,"level":"WARN","message":"Linha 12495: Pontuação é 0 ou null","category":"PONTUACAO","context":{"rowNumber":12495,"points":0,"cnpj":"10440332000140","saleId":"3368380A","executiveName":"Elza Lara"}}
{"timestamp":"2026-03-10T22:41:24.938Z","importId":1,"level":"WARN","message":"Linha 12496: Pontuação é 0 ou null","category":"PONTUACAO","context":{"rowNumber":12496,"points":0,"cnpj":"10440332000140","saleId":"3368379A","executiveName":"Elza Lara"}}
{"timestamp":"2026-03-10T22:41:24.939Z","importId":1,"level":"WARN","message":"Linha 12497: Pontuação é 0 ou null","category":"PONTUACAO","context":{"rowNumber":12497,"points":0,"cnpj":"43304326000115","saleId":"3368398A","executiveName":"Ricardo Bueno"}}
{"timestamp":"2026-03-10T22:41:24.943Z","importId":1,"level":"WARN","message":"Linha 12498: Pontuação é 0 ou null","category":"PONTUACAO","context":{"rowNumber":12498,"points":0,"cnpj":"10440332000140","saleId":"3368378A","executiveName":"Elza Lara"}}
{"timestamp":"2026-03-10T22:41:24.945Z","importId":1,"level":"WARN","message":"Linha 12499: Pontuação é 0 ou null","category":"PONTUACAO","context":{"rowNumber":12499,"points":0,"cnpj":"43304326000115","saleId":"3368410A","executiveName":"Ricardo Bueno"}}
{"timestamp":"2026-03-10T22:41:24.946Z","importId":1,"level":"WARN","message":"Linha 12500: Pontuação é 0 ou null","category":"PONTUACAO","context":{"rowNumber":12500,"points":0,"cnpj":"48512908000100","saleId":"3368413A","executiveName":"Ricardo Bueno"}}
{"timestamp":"2026-03-10T22:41:24.948Z","importId":1,"level":"WARN","message":"Linha 12501: Pontuação é 0 ou null","category":"PONTUACAO","context":{"rowNumber":12501,"points":0,"cnpj":"52652039000197","saleId":"3364332A","executiveName":"Ricardo Morais"}}
{"timestamp":"2026-03-10T22:41:24.951Z","importId":1,"level":"WARN","message":"Linha 12503: Pontuação é 0 ou null","category":"PONTUACAO","context":{"rowNumber":12503,"points":0,"cnpj":"07389466000170","saleId":"3371472A","executiveName":"Armando Soares"}}
{"timestamp":"2026-03-10T22:41:24.954Z","importId":1,"level":"WARN","message":"Linha 12504: Pontuação é 0 ou null","category":"PONTUACAO","context":{"rowNumber":12504,"points":0,"cnpj":"00645801000104","saleId":"3371471A","executiveName":"Ricardo Morais"}}
{"timestamp":"2026-03-10T22:41:24.956Z","importId":1,"level":"WARN","message":"Linha 12505: Pontuação é 0 ou null","category":"PONTUACAO","context":{"rowNumber":12505,"points":0,"cnpj":"00645801000104","saleId":"3371470A","executiveName":"Ricardo Morais"}}
{"timestamp":"2026-03-10T22:41:24.958Z","importId":1,"level":"WARN","message":"Linha 12506: Pontuação é 0 ou null","category":"PONTUACAO","context":{"rowNumber":12506,"points":0,"cnpj":"00645801000104","saleId":"3371469A","executiveName":"Ricardo Morais"}}
{"timestamp":"2026-03-10T22:41:24.960Z","importId":1,"level":"WARN","message":"Linha 12507: Pontuação é 0 ou null","category":"PONTUACAO","context":{"rowNumber":12507,"points":0,"cnpj":"00645801000104","saleId":"3371468A","executiveName":"Ricardo Morais"}}
{"timestamp":"2026-03-10T22:41:24.962Z","importId":1,"level":"WARN","message":"Linha 12508: Pontuação é 0 ou null","category":"PONTUACAO","context":{"rowNumber":12508,"points":0,"cnpj":"24869123000121","saleId":"3371467A","executiveName":"Elza Lara"}}
{"timestamp":"2026-03-10T22:41:24.965Z","importId":1,"level":"WARN","message":"Linha 12509: Pontuação é 0 ou null","category":"PONTUACAO","context":{"rowNumber":12509,"points":0,"cnpj":"10931838000152","saleId":"3371466A","executiveName":"Carlos Barbassa"}}
{"timestamp":"2026-03-10T22:41:24.966Z","importId":1,"level":"WARN","message":"Linha 12510: Pontuação é 0 ou null","category":"PONTUACAO","context":{"rowNumber":12510,"points":0,"cnpj":"43304326000115","saleId":"3368411A","executiveName":"Ricardo Bueno"}}
{"timestamp":"2026-03-10T22:41:24.969Z","importId":1,"level":"WARN","message":"Linha 12511: Pontuação é 0 ou null","category":"PONTUACAO","context":{"rowNumber":12511,"points":0,"cnpj":"24869123000121","saleId":"3371465A","executiveName":"Elza Lara"}}
{"timestamp":"2026-03-10T22:41:24.971Z","importId":1,"level":"WARN","message":"Linha 12512: Pontuação é 0 ou null","category":"PONTUACAO","context":{"rowNumber":12512,"points":0,"cnpj":"24869123000121","saleId":"3370723A","executiveName":"Elza Lara"}}
{"timestamp":"2026-03-10T22:41:24.973Z","importId":1,"level":"WARN","message":"Linha 12513: Pontuação é 0 ou null","category":"PONTUACAO","context":{"rowNumber":12513,"points":0,"cnpj":"24869123000121","saleId":"3370722A","executiveName":"Elza Lara"}}
{"timestamp":"2026-03-10T22:41:24.980Z","importId":1,"level":"WARN","message":"Linha 12517: Pontuação é 0 ou null","category":"PONTUACAO","context":{"rowNumber":12517,"points":0,"cnpj":"35293981870","saleId":"3368417A","executiveName":"Soraya Romano"}}
{"timestamp":"2026-03-10T22:41:24.982Z","importId":1,"level":"WARN","message":"Linha 12518: Pontuação é 0 ou null","category":"PONTUACAO","context":{"rowNumber":12518,"points":0,"cnpj":"48512908000100","saleId":"3368416A","executiveName":"Ricardo Bueno"}}
{"timestamp":"2026-03-10T22:41:24.984Z","importId":1,"level":"WARN","message":"Linha 12519: Pontuação é 0 ou null","category":"PONTUACAO","context":{"rowNumber":12519,"points":0,"cnpj":"48512908000100","saleId":"3368415A","executiveName":"Ricardo Bueno"}}
{"timestamp":"2026-03-10T22:41:24.985Z","importId":1,"level":"WARN","message":"Linha 12520: Pontuação é 0 ou null","category":"PONTUACAO","context":{"rowNumber":12520,"points":0,"cnpj":"48512908000100","saleId":"3368414A","executiveName":"Ricardo Bueno"}}
{"timestamp":"2026-03-10T22:41:24.991Z","importId":1,"level":"WARN","message":"Linha 12522: Pontuação é 0 ou null","category":"PONTUACAO","context":{"rowNumber":12522,"points":0,"cnpj":"00824865000172","saleId":"3368377A","executiveName":"Carlos Brito"}}
{"timestamp":"2026-03-10T22:41:24.993Z","importId":1,"level":"WARN","message":"Linha 12523: Pontuação é 0 ou null","category":"PONTUACAO","context":{"rowNumber":12523,"points":0,"cnpj":"00824865000172","saleId":"3368376A","executiveName":"Carlos Brito"}}
{"timestamp":"2026-03-10T22:41:24.995Z","importId":1,"level":"WARN","message":"Linha 12524: Pontuação é 0 ou null","category":"PONTUACAO","context":{"rowNumber":12524,"points":0,"cnpj":"00824865000172","saleId":"3368375A","executiveName":"Carlos Brito"}}
{"timestamp":"2026-03-10T22:41:24.998Z","importId":1,"level":"WARN","message":"Linha 12525: Pontuação é 0 ou null","category":"PONTUACAO","context":{"rowNumber":12525,"points":0,"cnpj":"32351158000100","saleId":"3367858A","executiveName":"Roberto Garbin"}}
{"timestamp":"2026-03-10T22:41:25.008Z","importId":1,"level":"WARN","message":"Linha 12534: Pontuação é 0 ou null","category":"PONTUACAO","context":{"rowNumber":12534,"points":0,"cnpj":"32351158000100","saleId":"3367859A","executiveName":"Roberto Garbin"}}
{"timestamp":"2026-03-10T22:41:25.013Z","importId":1,"level":"WARN","message":"Linha 12538: Pontuação é 0 ou null","category":"PONTUACAO","context":{"rowNumber":12538,"points":0,"cnpj":"29429279000105","saleId":"3366815A","executiveName":"Elza Lara"}}
{"timestamp":"2026-03-10T22:41:25.026Z","importId":1,"level":"WARN","message":"Linha 12546: Pontuação é 0 ou null","category":"PONTUACAO","context":{"rowNumber":12546,"points":0,"cnpj":"32351158000100","saleId":"3367860A","executiveName":"Roberto Garbin"}}
{"timestamp":"2026-03-10T22:41:25.028Z","importId":1,"level":"WARN","message":"Linha 12547: Pontuação é 0 ou null","category":"PONTUACAO","context":{"rowNumber":12547,"points":0,"cnpj":"32351158000100","saleId":"3367861A","executiveName":"Roberto Garbin"}}
{"timestamp":"2026-03-10T22:41:25.030Z","importId":1,"level":"WARN","message":"Linha 12548: Pontuação é 0 ou null","category":"PONTUACAO","context":{"rowNumber":12548,"points":0,"cnpj":"32351158000100","saleId":"3367862A","executiveName":"Roberto Garbin"}}
{"timestamp":"2026-03-10T22:41:25.031Z","importId":1,"level":"WARN","message":"Linha 12549: Pontuação é 0 ou null","category":"PONTUACAO","context":{"rowNumber":12549,"points":0,"cnpj":"00824865000172","saleId":"3368374A","executiveName":"Carlos Brito"}}
{"timestamp":"2026-03-10T22:41:25.034Z","importId":1,"level":"WARN","message":"Linha 12550: Pontuação é 0 ou null","category":"PONTUACAO","context":{"rowNumber":12550,"points":0,"cnpj":"00681849000178","saleId":"3368373A","executiveName":"Claudia Dias"}}
{"timestamp":"2026-03-10T22:41:25.036Z","importId":1,"level":"WARN","message":"Linha 12551: Pontuação é 0 ou null","category":"PONTUACAO","context":{"rowNumber":12551,"points":0,"cnpj":"00681849000178","saleId":"3368372A","executiveName":"Claudia Dias"}}
{"timestamp":"2026-03-10T22:41:25.038Z","importId":1,"level":"WARN","message":"Linha 12552: Pontuação é 0 ou null","category":"PONTUACAO","context":{"rowNumber":12552,"points":0,"cnpj":"52652039000197","saleId":"3368356A","executiveName":"Ricardo Morais"}}
{"timestamp":"2026-03-10T22:41:25.040Z","importId":1,"level":"WARN","message":"Linha 12553: Pontuação é 0 ou null","category":"PONTUACAO","context":{"rowNumber":12553,"points":0,"cnpj":"52652039000197","saleId":"3368355A","executiveName":"Ricardo Morais"}}
{"timestamp":"2026-03-10T22:41:25.042Z","importId":1,"level":"WARN","message":"Linha 12554: Pontuação é 0 ou null","category":"PONTUACAO","context":{"rowNumber":12554,"points":0,"cnpj":"52652039000197","saleId":"3368354A","executiveName":"Ricardo Morais"}}
{"timestamp":"2026-03-10T22:41:25.045Z","importId":1,"level":"WARN","message":"Linha 12555: Pontuação é 0 ou null","category":"PONTUACAO","context":{"rowNumber":12555,"points":0,"cnpj":"67565887000136","saleId":"3368349A","executiveName":"Pasquale Neto"}}
{"timestamp":"2026-03-10T22:41:25.047Z","importId":1,"level":"WARN","message":"Linha 12556: Pontuação é 0 ou null","category":"PONTUACAO","context":{"rowNumber":12556,"points":0,"cnpj":"55915565000190","saleId":"3368347A","executiveName":"Pasquale Neto"}}
{"timestamp":"2026-03-10T22:41:25.049Z","importId":1,"level":"WARN","message":"Linha 12557: Pontuação é 0 ou null","category":"PONTUACAO","context":{"rowNumber":12557,"points":0,"cnpj":"55915565000190","saleId":"3368346A","executiveName":"Pasquale Neto"}}
{"timestamp":"2026-03-10T22:41:25.051Z","importId":1,"level":"WARN","message":"Linha 12558: Pontuação é 0 ou null","category":"PONTUACAO","context":{"rowNumber":12558,"points":0,"cnpj":"55915565000190","saleId":"3368345A","executiveName":"Pasquale Neto"}}
{"timestamp":"2026-03-10T22:41:25.052Z","importId":1,"level":"WARN","message":"Linha 12559: Pontuação é 0 ou null","category":"PONTUACAO","context":{"rowNumber":12559,"points":0,"cnpj":"55915565000190","saleId":"3368344A","executiveName":"Pasquale Neto"}}
{"timestamp":"2026-03-10T22:41:25.056Z","importId":1,"level":"WARN","message":"Linha 12560: Pontuação é 0 ou null","category":"PONTUACAO","context":{"rowNumber":12560,"points":0,"cnpj":"07709889000120","saleId":"3368343A","executiveName":"Carlos Brito"}}
{"timestamp":"2026-03-10T22:41:25.057Z","importId":1,"level":"WARN","message":"Linha 12561: Pontuação é 0 ou null","category":"PONTUACAO","context":{"rowNumber":12561,"points":0,"cnpj":"07709889000120","saleId":"3368342A","executiveName":"Carlos Brito"}}
{"timestamp":"2026-03-10T22:41:25.059Z","importId":1,"level":"WARN","message":"Linha 12562: Pontuação é 0 ou null","category":"PONTUACAO","context":{"rowNumber":12562,"points":0,"cnpj":"07709889000120","saleId":"3368341A","executiveName":"Carlos Brito"}}
{"timestamp":"2026-03-10T22:41:25.062Z","importId":1,"level":"WARN","message":"Linha 12563: Pontuação é 0 ou null","category":"PONTUACAO","context":{"rowNumber":12563,"points":0,"cnpj":"07709889000120","saleId":"3368340A","executiveName":"Carlos Brito"}}
{"timestamp":"2026-03-10T22:41:25.071Z","importId":1,"level":"WARN","message":"Linha 12569: Pontuação é 0 ou null","category":"PONTUACAO","context":{"rowNumber":12569,"points":0,"cnpj":"32351158000100","saleId":"3367863A","executiveName":"Roberto Garbin"}}
{"timestamp":"2026-03-10T22:41:25.074Z","importId":1,"level":"WARN","message":"Linha 12570: Pontuação é 0 ou null","category":"PONTUACAO","context":{"rowNumber":12570,"points":0,"cnpj":"15875000000102","saleId":"3366196A","executiveName":"Elza Lara"}}
{"timestamp":"2026-03-10T22:41:25.330Z","importId":1,"level":"WARN","message":"Linha 12778: Pontuação é 0 ou null","category":"PONTUACAO","context":{"rowNumber":12778,"points":0,"cnpj":"57594053000367","saleId":"3363627A","executiveName":"Armando Soares"}}
{"timestamp":"2026-03-10T22:41:25.351Z","importId":1,"level":"WARN","message":"Linha 12791: Pontuação é 0 ou null","category":"PONTUACAO","context":{"rowNumber":12791,"points":0,"cnpj":"00566155000190","saleId":"3363628A","executiveName":"Carlos Barbassa"}}
{"timestamp":"2026-03-10T22:41:25.360Z","importId":1,"level":"WARN","message":"Linha 12796: Pontuação é 0 ou null","category":"PONTUACAO","context":{"rowNumber":12796,"points":0,"cnpj":"17470982000188","saleId":"3363652A","executiveName":"Claudia Dias"}}
{"timestamp":"2026-03-10T22:41:25.364Z","importId":1,"level":"WARN","message":"Linha 12797: Pontuação é 0 ou null","category":"PONTUACAO","context":{"rowNumber":12797,"points":0,"cnpj":"17470982000188","saleId":"3363651A","executiveName":"Claudia Dias"}}
{"timestamp":"2026-03-10T22:41:25.376Z","importId":1,"level":"WARN","message":"Linha 12801: Pontuação é 0 ou null","category":"PONTUACAO","context":{"rowNumber":12801,"points":0,"cnpj":"03677175000126","saleId":"3363647A","executiveName":"Rafaela Soares"}}
{"timestamp":"2026-03-10T22:41:25.386Z","importId":1,"level":"WARN","message":"Linha 12804: Pontuação é 0 ou null","category":"PONTUACAO","context":{"rowNumber":12804,"points":0,"cnpj":"00146619000109","saleId":"3363644A","executiveName":"Elza Lara"}}
{"timestamp":"2026-03-10T22:41:25.390Z","importId":1,"level":"WARN","message":"Linha 12805: Pontuação é 0 ou null","category":"PONTUACAO","context":{"rowNumber":12805,"points":0,"cnpj":"00824865000172","saleId":"3363643A","executiveName":"Carlos Brito"}}
{"timestamp":"2026-03-10T22:41:25.393Z","importId":1,"level":"WARN","message":"Linha 12806: Pontuação é 0 ou null","category":"PONTUACAO","context":{"rowNumber":12806,"points":0,"cnpj":"00824865000172","saleId":"3363642A","executiveName":"Carlos Brito"}}
{"timestamp":"2026-03-10T22:41:25.395Z","importId":1,"level":"WARN","message":"Linha 12807: Pontuação é 0 ou null","category":"PONTUACAO","context":{"rowNumber":12807,"points":0,"cnpj":"06990616000133","saleId":"3363636A","executiveName":"Ricardo Morais"}}
{"timestamp":"2026-03-10T22:41:25.396Z","importId":1,"level":"WARN","message":"Linha 12808: Pontuação é 0 ou null","category":"PONTUACAO","context":{"rowNumber":12808,"points":0,"cnpj":"06990616000133","saleId":"3363635A","executiveName":"Ricardo Morais"}}
{"timestamp":"2026-03-10T22:41:25.399Z","importId":1,"level":"WARN","message":"Linha 12809: Pontuação é 0 ou null","category":"PONTUACAO","context":{"rowNumber":12809,"points":0,"cnpj":"06990616000133","saleId":"3363634A","executiveName":"Ricardo Morais"}}
{"timestamp":"2026-03-10T22:41:25.401Z","importId":1,"level":"WARN","message":"Linha 12810: Pontuação é 0 ou null","category":"PONTUACAO","context":{"rowNumber":12810,"points":0,"cnpj":"06990616000133","saleId":"3363633A","executiveName":"Ricardo Morais"}}
{"timestamp":"2026-03-10T22:41:25.403Z","importId":1,"level":"WARN","message":"Linha 12811: Pontuação é 0 ou null","category":"PONTUACAO","context":{"rowNumber":12811,"points":0,"cnpj":"06990616000133","saleId":"3363632A","executiveName":"Ricardo Morais"}}
{"timestamp":"2026-03-10T22:41:25.405Z","importId":1,"level":"WARN","message":"Linha 12812: Pontuação é 0 ou null","category":"PONTUACAO","context":{"rowNumber":12812,"points":0,"cnpj":"06990616000133","saleId":"3363631A","executiveName":"Ricardo Morais"}}
{"timestamp":"2026-03-10T22:41:25.473Z","importId":1,"level":"WARN","message":"Linha 12867: Pontuação é 0 ou null","category":"PONTUACAO","context":{"rowNumber":12867,"points":0,"cnpj":"54071283000191","saleId":"3363740A","executiveName":"Karla Reis"}}
{"timestamp":"2026-03-10T22:41:25.475Z","importId":1,"level":"WARN","message":"Linha 12868: Pontuação é 0 ou null","category":"PONTUACAO","context":{"rowNumber":12868,"points":0,"cnpj":"21211391000163","saleId":"3363739A","executiveName":"Maira Vallim"}}
{"timestamp":"2026-03-10T22:41:25.478Z","importId":1,"level":"WARN","message":"Linha 12869: Pontuação é 0 ou null","category":"PONTUACAO","context":{"rowNumber":12869,"points":0,"cnpj":"55343181000140","saleId":"3363738A","executiveName":"Elza Lara"}}
{"timestamp":"2026-03-10T22:41:25.481Z","importId":1,"level":"WARN","message":"Linha 12870: Pontuação é 0 ou null","category":"PONTUACAO","context":{"rowNumber":12870,"points":0,"cnpj":"55343181000140","saleId":"3363737A","executiveName":"Elza Lara"}}
{"timestamp":"2026-03-10T22:41:25.482Z","importId":1,"level":"WARN","message":"Linha 12871: Pontuação é 0 ou null","category":"PONTUACAO","context":{"rowNumber":12871,"points":0,"cnpj":"55343181000140","saleId":"3363736A","executiveName":"Elza Lara"}}
{"timestamp":"2026-03-10T22:41:25.484Z","importId":1,"level":"WARN","message":"Linha 12872: Pontuação é 0 ou null","category":"PONTUACAO","context":{"rowNumber":12872,"points":0,"cnpj":"55343181000140","saleId":"3363735A","executiveName":"Elza Lara"}}
{"timestamp":"2026-03-10T22:41:25.486Z","importId":1,"level":"WARN","message":"Linha 12873: Pontuação é 0 ou null","category":"PONTUACAO","context":{"rowNumber":12873,"points":0,"cnpj":"55343181000140","saleId":"3363734A","executiveName":"Elza Lara"}}
{"timestamp":"2026-03-10T22:41:25.489Z","importId":1,"level":"WARN","message":"Linha 12874: Pontuação é 0 ou null","category":"PONTUACAO","context":{"rowNumber":12874,"points":0,"cnpj":"55343181000140","saleId":"3363733A","executiveName":"Elza Lara"}}
{"timestamp":"2026-03-10T22:41:25.493Z","importId":1,"level":"WARN","message":"Linha 12876: Pontuação é 0 ou null","category":"PONTUACAO","context":{"rowNumber":12876,"points":0,"cnpj":"55343181000140","saleId":"3363732A","executiveName":"Elza Lara"}}
{"timestamp":"2026-03-10T22:41:25.494Z","importId":1,"level":"WARN","message":"Linha 12877: Pontuação é 0 ou null","category":"PONTUACAO","context":{"rowNumber":12877,"points":0,"cnpj":"09645389000105","saleId":"3363730A","executiveName":"Leonardo Ligabo"}}
{"timestamp":"2026-03-10T22:41:25.496Z","importId":1,"level":"WARN","message":"Linha 12878: Pontuação é 0 ou null","category":"PONTUACAO","context":{"rowNumber":12878,"points":0,"cnpj":"09645389000105","saleId":"3363729A","executiveName":"Leonardo Ligabo"}}
{"timestamp":"2026-03-10T22:41:25.498Z","importId":1,"level":"WARN","message":"Linha 12879: Pontuação é 0 ou null","category":"PONTUACAO","context":{"rowNumber":12879,"points":0,"cnpj":"09645389000105","saleId":"3363728A","executiveName":"Leonardo Ligabo"}}
{"timestamp":"2026-03-10T22:41:25.500Z","importId":1,"level":"WARN","message":"Linha 12880: Pontuação é 0 ou null","category":"PONTUACAO","context":{"rowNumber":12880,"points":0,"cnpj":"55519087000108","saleId":"3363727A","executiveName":"Kelly Furno"}}
{"timestamp":"2026-03-10T22:41:25.502Z","importId":1,"level":"WARN","message":"Linha 12881: Pontuação é 0 ou null","category":"PONTUACAO","context":{"rowNumber":12881,"points":0,"cnpj":"55519087000108","saleId":"3363726A","executiveName":"Kelly Furno"}}
{"timestamp":"2026-03-10T22:41:25.504Z","importId":1,"level":"WARN","message":"Linha 12882: Pontuação é 0 ou null","category":"PONTUACAO","context":{"rowNumber":12882,"points":0,"cnpj":"55519087000108","saleId":"3363725A","executiveName":"Kelly Furno"}}
{"timestamp":"2026-03-10T22:41:25.506Z","importId":1,"level":"WARN","message":"Linha 12883: Pontuação é 0 ou null","category":"PONTUACAO","context":{"rowNumber":12883,"points":0,"cnpj":"55519087000108","saleId":"3363724A","executiveName":"Kelly Furno"}}
{"timestamp":"2026-03-10T22:41:25.512Z","importId":1,"level":"WARN","message":"Linha 12886: Pontuação é 0 ou null","category":"PONTUACAO","context":{"rowNumber":12886,"points":0,"cnpj":"09645389000105","saleId":"3363731A","executiveName":"Leonardo Ligabo"}}
{"timestamp":"2026-03-10T22:41:25.514Z","importId":1,"level":"WARN","message":"Linha 12887: Pontuação é 0 ou null","category":"PONTUACAO","context":{"rowNumber":12887,"points":0,"cnpj":"19201148747","saleId":"3363721A","executiveName":"Elza Lara"}}
{"timestamp":"2026-03-10T22:41:25.547Z","importId":1,"level":"WARN","message":"Linha 12911: Pontuação é 0 ou null","category":"PONTUACAO","context":{"rowNumber":12911,"points":0,"cnpj":"19201148747","saleId":"3363720A","executiveName":"Elza Lara"}}
{"timestamp":"2026-03-10T22:41:25.550Z","importId":1,"level":"WARN","message":"Linha 12912: Pontuação é 0 ou null","category":"PONTUACAO","context":{"rowNumber":12912,"points":0,"cnpj":"75527804000142","saleId":"3363719A","executiveName":"Clarissa Cavalheiro"}}
{"timestamp":"2026-03-10T22:41:25.555Z","importId":1,"level":"WARN","message":"Linha 12914: Pontuação é 0 ou null","category":"PONTUACAO","context":{"rowNumber":12914,"points":0,"cnpj":"26203213000104","saleId":"3363682A","executiveName":"Roberto Garbin"}}
{"timestamp":"2026-03-10T22:41:25.559Z","importId":1,"level":"WARN","message":"Linha 12917: Pontuação é 0 ou null","category":"PONTUACAO","context":{"rowNumber":12917,"points":0,"cnpj":"03627804000103","saleId":"3363679A","executiveName":"Elzo Nogueira"}}
{"timestamp":"2026-03-10T22:41:25.562Z","importId":1,"level":"WARN","message":"Linha 12918: Pontuação é 0 ou null","category":"PONTUACAO","context":{"rowNumber":12918,"points":0,"cnpj":"03627804000103","saleId":"3363678A","executiveName":"Elzo Nogueira"}}
{"timestamp":"2026-03-10T22:41:25.565Z","importId":1,"level":"WARN","message":"Linha 12919: Pontuação é 0 ou null","category":"PONTUACAO","context":{"rowNumber":12919,"points":0,"cnpj":"21624092000150","saleId":"3363674A","executiveName":"Carlos Barbassa"}}
{"timestamp":"2026-03-10T22:41:25.567Z","importId":1,"level":"WARN","message":"Linha 12920: Pontuação é 0 ou null","category":"PONTUACAO","context":{"rowNumber":12920,"points":0,"cnpj":"21624092000150","saleId":"3363673A","executiveName":"Carlos Barbassa"}}
{"timestamp":"2026-03-10T22:41:25.569Z","importId":1,"level":"WARN","message":"Linha 12921: Pontuação é 0 ou null","category":"PONTUACAO","context":{"rowNumber":12921,"points":0,"cnpj":"21624092000150","saleId":"3363672A","executiveName":"Carlos Barbassa"}}
{"timestamp":"2026-03-10T22:41:25.571Z","importId":1,"level":"WARN","message":"Linha 12922: Pontuação é 0 ou null","category":"PONTUACAO","context":{"rowNumber":12922,"points":0,"cnpj":"21624092000150","saleId":"3363671A","executiveName":"Carlos Barbassa"}}
{"timestamp":"2026-03-10T22:41:25.573Z","importId":1,"level":"WARN","message":"Linha 12923: Pontuação é 0 ou null","category":"PONTUACAO","context":{"rowNumber":12923,"points":0,"cnpj":"26203213000104","saleId":"3363683A","executiveName":"Roberto Garbin"}}
{"timestamp":"2026-03-10T22:41:25.575Z","importId":1,"level":"WARN","message":"Linha 12924: Pontuação é 0 ou null","category":"PONTUACAO","context":{"rowNumber":12924,"points":0,"cnpj":"21624092000150","saleId":"3363670A","executiveName":"Carlos Barbassa"}}
{"timestamp":"2026-03-10T22:41:25.589Z","importId":1,"level":"WARN","message":"Linha 12934: Pontuação é 0 ou null","category":"PONTUACAO","context":{"rowNumber":12934,"points":0,"cnpj":"21624092000150","saleId":"3363669A","executiveName":"Carlos Barbassa"}}
{"timestamp":"2026-03-10T22:41:25.600Z","importId":1,"level":"WARN","message":"Linha 12940: Pontuação é 0 ou null","category":"PONTUACAO","context":{"rowNumber":12940,"points":0,"cnpj":"43398083000121","saleId":"3363714A","executiveName":"Karla Reis"}}
{"timestamp":"2026-03-10T22:41:25.604Z","importId":1,"level":"WARN","message":"Linha 12944: Pontuação é 0 ou null","category":"PONTUACAO","context":{"rowNumber":12944,"points":0,"cnpj":"24839282000183","saleId":"3363704A","executiveName":"Karla Reis"}}
{"timestamp":"2026-03-10T22:41:25.607Z","importId":1,"level":"WARN","message":"Linha 12945: Pontuação é 0 ou null","category":"PONTUACAO","context":{"rowNumber":12945,"points":0,"cnpj":"24839282000183","saleId":"3363703A","executiveName":"Karla Reis"}}
{"timestamp":"2026-03-10T22:41:25.609Z","importId":1,"level":"WARN","message":"Linha 12946: Pontuação é 0 ou null","category":"PONTUACAO","context":{"rowNumber":12946,"points":0,"cnpj":"24839282000183","saleId":"3363702A","executiveName":"Karla Reis"}}
{"timestamp":"2026-03-10T22:41:25.611Z","importId":1,"level":"WARN","message":"Linha 12947: Pontuação é 0 ou null","category":"PONTUACAO","context":{"rowNumber":12947,"points":0,"cnpj":"24839282000183","saleId":"3363701A","executiveName":"Karla Reis"}}
{"timestamp":"2026-03-10T22:41:25.613Z","importId":1,"level":"WARN","message":"Linha 12948: Pontuação é 0 ou null","category":"PONTUACAO","context":{"rowNumber":12948,"points":0,"cnpj":"24839282000183","saleId":"3363700A","executiveName":"Karla Reis"}}
{"timestamp":"2026-03-10T22:41:25.615Z","importId":1,"level":"WARN","message":"Linha 12949: Pontuação é 0 ou null","category":"PONTUACAO","context":{"rowNumber":12949,"points":0,"cnpj":"24839282000183","saleId":"3363699A","executiveName":"Karla Reis"}}
{"timestamp":"2026-03-10T22:41:25.619Z","importId":1,"level":"WARN","message":"Linha 12951: Pontuação é 0 ou null","category":"PONTUACAO","context":{"rowNumber":12951,"points":0,"cnpj":"33760501000125","saleId":"3363697A","executiveName":"Miguel Jenotti"}}
{"timestamp":"2026-03-10T22:41:25.622Z","importId":1,"level":"WARN","message":"Linha 12953: Pontuação é 0 ou null","category":"PONTUACAO","context":{"rowNumber":12953,"points":0,"cnpj":"22372456000115","saleId":"3363694A","executiveName":"Andrea Cordovil"}}
{"timestamp":"2026-03-10T22:41:25.623Z","importId":1,"level":"WARN","message":"Linha 12954: Pontuação é 0 ou null","category":"PONTUACAO","context":{"rowNumber":12954,"points":0,"cnpj":"22372456000115","saleId":"3363693A","executiveName":"Andrea Cordovil"}}
{"timestamp":"2026-03-10T22:41:25.639Z","importId":1,"level":"WARN","message":"Linha 12965: Pontuação é 0 ou null","category":"PONTUACAO","context":{"rowNumber":12965,"points":0,"cnpj":"22225061000190","saleId":"3363231A","executiveName":"Miguel Jenotti"}}
{"timestamp":"2026-03-10T22:41:25.644Z","importId":1,"level":"WARN","message":"Linha 12968: Pontuação é 0 ou null","category":"PONTUACAO","context":{"rowNumber":12968,"points":0,"cnpj":"00003058000199","saleId":"3363226A","executiveName":"Pasquale Neto"}}
{"timestamp":"2026-03-10T22:41:25.646Z","importId":1,"level":"WARN","message":"Linha 12969: Pontuação é 0 ou null","category":"PONTUACAO","context":{"rowNumber":12969,"points":0,"cnpj":"00003058000199","saleId":"3363225A","executiveName":"Pasquale Neto"}}
{"timestamp":"2026-03-10T22:41:25.667Z","importId":1,"level":"WARN","message":"Linha 12985: Pontuação é 0 ou null","category":"PONTUACAO","context":{"rowNumber":12985,"points":0,"cnpj":"11058447000138","saleId":"3363245A","executiveName":"Miguel Jenotti"}}
{"timestamp":"2026-03-10T22:41:25.712Z","importId":1,"level":"WARN","message":"Linha 13018: Pontuação é 0 ou null","category":"PONTUACAO","context":{"rowNumber":13018,"points":0,"cnpj":"20606282000182","saleId":"3362987A","executiveName":"Armando Soares"}}
{"timestamp":"2026-03-10T22:41:26.034Z","importId":1,"level":"WARN","message":"Linha 13285: Pontuação é 0 ou null","category":"PONTUACAO","context":{"rowNumber":13285,"points":0,"cnpj":"30537376000109","saleId":"3364319A","executiveName":"Pasquale Neto"}}
{"timestamp":"2026-03-10T22:41:26.037Z","importId":1,"level":"WARN","message":"Linha 13286: Pontuação é 0 ou null","category":"PONTUACAO","context":{"rowNumber":13286,"points":0,"cnpj":"18768404000195","saleId":"3364318A","executiveName":"Gabriela Carvalho"}}
{"timestamp":"2026-03-10T22:41:26.039Z","importId":1,"level":"WARN","message":"Linha 13287: Pontuação é 0 ou null","category":"PONTUACAO","context":{"rowNumber":13287,"points":0,"cnpj":"18768404000195","saleId":"3364317A","executiveName":"Gabriela Carvalho"}}
{"timestamp":"2026-03-10T22:41:26.043Z","importId":1,"level":"WARN","message":"Linha 13289: Pontuação é 0 ou null","category":"PONTUACAO","context":{"rowNumber":13289,"points":0,"cnpj":"52652039000197","saleId":"3364309A","executiveName":"Ricardo Morais"}}
{"timestamp":"2026-03-10T22:41:26.045Z","importId":1,"level":"WARN","message":"Linha 13290: Pontuação é 0 ou null","category":"PONTUACAO","context":{"rowNumber":13290,"points":0,"cnpj":"10741459000108","saleId":"3364307A","executiveName":"Karla Reis"}}
{"timestamp":"2026-03-10T22:41:26.047Z","importId":1,"level":"WARN","message":"Linha 13291: Pontuação é 0 ou null","category":"PONTUACAO","context":{"rowNumber":13291,"points":0,"cnpj":"10741459000108","saleId":"3364306A","executiveName":"Karla Reis"}}
{"timestamp":"2026-03-10T22:41:26.048Z","importId":1,"level":"WARN","message":"Linha 13292: Pontuação é 0 ou null","category":"PONTUACAO","context":{"rowNumber":13292,"points":0,"cnpj":"10741459000108","saleId":"3364305A","executiveName":"Karla Reis"}}
{"timestamp":"2026-03-10T22:41:26.050Z","importId":1,"level":"WARN","message":"Linha 13293: Pontuação é 0 ou null","category":"PONTUACAO","context":{"rowNumber":13293,"points":0,"cnpj":"10741459000108","saleId":"3364304A","executiveName":"Karla Reis"}}
{"timestamp":"2026-03-10T22:41:26.052Z","importId":1,"level":"WARN","message":"Linha 13294: Pontuação é 0 ou null","category":"PONTUACAO","context":{"rowNumber":13294,"points":0,"cnpj":"60963550000138","saleId":"3364303A","executiveName":"Marlon Wander"}}
{"timestamp":"2026-03-10T22:41:26.055Z","importId":1,"level":"WARN","message":"Linha 13295: Pontuação é 0 ou null","category":"PONTUACAO","context":{"rowNumber":13295,"points":0,"cnpj":"60963550000138","saleId":"3364302A","executiveName":"Marlon Wander"}}
{"timestamp":"2026-03-10T22:41:26.058Z","importId":1,"level":"WARN","message":"Linha 13296: Pontuação é 0 ou null","category":"PONTUACAO","context":{"rowNumber":13296,"points":0,"cnpj":"60963550000138","saleId":"3364301A","executiveName":"Marlon Wander"}}
{"timestamp":"2026-03-10T22:41:26.059Z","importId":1,"level":"WARN","message":"Linha 13297: Pontuação é 0 ou null","category":"PONTUACAO","context":{"rowNumber":13297,"points":0,"cnpj":"60963550000138","saleId":"3364300A","executiveName":"Marlon Wander"}}
{"timestamp":"2026-03-10T22:41:26.063Z","importId":1,"level":"WARN","message":"Linha 13299: Pontuação é 0 ou null","category":"PONTUACAO","context":{"rowNumber":13299,"points":0,"cnpj":"10741459000108","saleId":"3364308A","executiveName":"Karla Reis"}}
{"timestamp":"2026-03-10T22:41:26.074Z","importId":1,"level":"WARN","message":"Linha 13306: Pontuação é 0 ou null","category":"PONTUACAO","context":{"rowNumber":13306,"points":0,"cnpj":"50592007000118","saleId":"3364221A","executiveName":"Marlon Wander"}}
{"timestamp":"2026-03-10T22:41:26.077Z","importId":1,"level":"WARN","message":"Linha 13308: Pontuação é 0 ou null","category":"PONTUACAO","context":{"rowNumber":13308,"points":0,"cnpj":"43391670000199","saleId":"3364219A","executiveName":"Gabriela Carvalho"}}
{"timestamp":"2026-03-10T22:41:26.079Z","importId":1,"level":"WARN","message":"Linha 13309: Pontuação é 0 ou null","category":"PONTUACAO","context":{"rowNumber":13309,"points":0,"cnpj":"30537376000109","saleId":"3364218A","executiveName":"Pasquale Neto"}}
{"timestamp":"2026-03-10T22:41:26.092Z","importId":1,"level":"WARN","message":"Linha 13318: Pontuação é 0 ou null","category":"PONTUACAO","context":{"rowNumber":13318,"points":0,"cnpj":"00141852000107","saleId":"3364207A","executiveName":"Pasquale Neto"}}
{"timestamp":"2026-03-10T22:41:26.094Z","importId":1,"level":"WARN","message":"Linha 13319: Pontuação é 0 ou null","category":"PONTUACAO","context":{"rowNumber":13319,"points":0,"cnpj":"00141852000107","saleId":"3364206A","executiveName":"Pasquale Neto"}}
{"timestamp":"2026-03-10T22:41:26.107Z","importId":1,"level":"WARN","message":"Linha 13328: Pontuação é 0 ou null","category":"PONTUACAO","context":{"rowNumber":13328,"points":0,"cnpj":"41369871000164","saleId":"3364254A","executiveName":"Marlon Wander"}}
{"timestamp":"2026-03-10T22:41:26.109Z","importId":1,"level":"WARN","message":"Linha 13329: Pontuação é 0 ou null","category":"PONTUACAO","context":{"rowNumber":13329,"points":0,"cnpj":"41369871000164","saleId":"3364253A","executiveName":"Marlon Wander"}}
{"timestamp":"2026-03-10T22:41:26.111Z","importId":1,"level":"WARN","message":"Linha 13330: Pontuação é 0 ou null","category":"PONTUACAO","context":{"rowNumber":13330,"points":0,"cnpj":"10741459000108","saleId":"3364252A","executiveName":"Karla Reis"}}
{"timestamp":"2026-03-10T22:41:26.113Z","importId":1,"level":"WARN","message":"Linha 13331: Pontuação é 0 ou null","category":"PONTUACAO","context":{"rowNumber":13331,"points":0,"cnpj":"10741459000108","saleId":"3364251A","executiveName":"Karla Reis"}}
{"timestamp":"2026-03-10T22:41:26.115Z","importId":1,"level":"WARN","message":"Linha 13332: Pontuação é 0 ou null","category":"PONTUACAO","context":{"rowNumber":13332,"points":0,"cnpj":"10741459000108","saleId":"3364250A","executiveName":"Karla Reis"}}
{"timestamp":"2026-03-10T22:41:26.117Z","importId":1,"level":"WARN","message":"Linha 13333: Pontuação é 0 ou null","category":"PONTUACAO","context":{"rowNumber":13333,"points":0,"cnpj":"10741459000108","saleId":"3364249A","executiveName":"Karla Reis"}}
{"timestamp":"2026-03-10T22:41:26.129Z","importId":1,"level":"WARN","message":"Linha 13341: Pontuação é 0 ou null","category":"PONTUACAO","context":{"rowNumber":13341,"points":0,"cnpj":"32157521000143","saleId":"3364240A","executiveName":"Elza Lara"}}
{"timestamp":"2026-03-10T22:41:26.141Z","importId":1,"level":"WARN","message":"Linha 13350: Pontuação é 0 ou null","category":"PONTUACAO","context":{"rowNumber":13350,"points":0,"cnpj":"07697910000114","saleId":"3364210A","executiveName":"Miguel Jenotti"}}
{"timestamp":"2026-03-10T22:41:26.223Z","importId":1,"level":"WARN","message":"Linha 13419: Pontuação é 0 ou null","category":"PONTUACAO","context":{"rowNumber":13419,"points":0,"cnpj":"71923965000102","saleId":"3363783A","executiveName":"Andreza Lubatsch"}}
{"timestamp":"2026-03-10T22:41:26.238Z","importId":1,"level":"WARN","message":"Linha 13429: Pontuação é 0 ou null","category":"PONTUACAO","context":{"rowNumber":13429,"points":0,"cnpj":"21027348000142","saleId":"3363845A","executiveName":"Ricardo Bueno"}}
{"timestamp":"2026-03-10T22:41:26.240Z","importId":1,"level":"WARN","message":"Linha 13430: Pontuação é 0 ou null","category":"PONTUACAO","context":{"rowNumber":13430,"points":0,"cnpj":"21027348000142","saleId":"3363844A","executiveName":"Ricardo Bueno"}}
{"timestamp":"2026-03-10T22:41:26.242Z","importId":1,"level":"WARN","message":"Linha 13431: Pontuação é 0 ou null","category":"PONTUACAO","context":{"rowNumber":13431,"points":0,"cnpj":"30446683000176","saleId":"3363843A","executiveName":"Karla Reis"}}
{"timestamp":"2026-03-10T22:41:26.243Z","importId":1,"level":"WARN","message":"Linha 13432: Pontuação é 0 ou null","category":"PONTUACAO","context":{"rowNumber":13432,"points":0,"cnpj":"30446683000176","saleId":"3363842A","executiveName":"Karla Reis"}}
{"timestamp":"2026-03-10T22:41:26.283Z","importId":1,"level":"WARN","message":"Linha 13463: Pontuação é 0 ou null","category":"PONTUACAO","context":{"rowNumber":13463,"points":0,"cnpj":"47229908000135","saleId":"3364029A","executiveName":"Maira Vallim"}}
{"timestamp":"2026-03-10T22:41:26.285Z","importId":1,"level":"WARN","message":"Linha 13464: Pontuação é 0 ou null","category":"PONTUACAO","context":{"rowNumber":13464,"points":0,"cnpj":"47229908000135","saleId":"3364028A","executiveName":"Maira Vallim"}}
{"timestamp":"2026-03-10T22:41:26.290Z","importId":1,"level":"WARN","message":"Linha 13465: Pontuação é 0 ou null","category":"PONTUACAO","context":{"rowNumber":13465,"points":0,"cnpj":"29944382000193","saleId":"3364027A","executiveName":"Clarissa Cavalheiro"}}
{"timestamp":"2026-03-10T22:41:26.295Z","importId":1,"level":"WARN","message":"Linha 13467: Pontuação é 0 ou null","category":"PONTUACAO","context":{"rowNumber":13467,"points":0,"cnpj":"15726456000100","saleId":"3364025A","executiveName":"Karla Reis"}}
{"timestamp":"2026-03-10T22:41:26.297Z","importId":1,"level":"WARN","message":"Linha 13468: Pontuação é 0 ou null","category":"PONTUACAO","context":{"rowNumber":13468,"points":0,"cnpj":"15726456000100","saleId":"3364024A","executiveName":"Karla Reis"}}
{"timestamp":"2026-03-10T22:41:26.379Z","importId":1,"level":"WARN","message":"Linha 13527: Pontuação é 0 ou null","category":"PONTUACAO","context":{"rowNumber":13527,"points":0,"cnpj":"10440332000140","saleId":"3364015A","executiveName":"Elza Lara"}}
{"timestamp":"2026-03-10T22:41:26.383Z","importId":1,"level":"WARN","message":"Linha 13528: Pontuação é 0 ou null","category":"PONTUACAO","context":{"rowNumber":13528,"points":0,"cnpj":"10440332000140","saleId":"3364014A","executiveName":"Elza Lara"}}
{"timestamp":"2026-03-10T22:41:26.491Z","importId":1,"level":"WARN","message":"Linha 13608: Pontuação é 0 ou null","category":"PONTUACAO","context":{"rowNumber":13608,"points":0,"cnpj":"61327565000172","saleId":"3371871A","executiveName":"Carlos Barbassa"}}
{"timestamp":"2026-03-10T22:41:26.506Z","importId":1,"level":"WARN","message":"Linha 13616: Pontuação é 0 ou null","category":"PONTUACAO","context":{"rowNumber":13616,"points":0,"cnpj":"57559445000123","saleId":"209387M1700604","executiveName":"JUNIA CLEMENTE"}}
{"timestamp":"2026-03-10T22:41:26.558Z","importId":1,"level":"WARN","message":"Linha 13655: Pontuação é 0 ou null","category":"PONTUACAO","context":{"rowNumber":13655,"points":0,"cnpj":"08305650000157","saleId":"209202M1700592","executiveName":"VALDIR ULMER MOELLER"}}
{"timestamp":"2026-03-10T22:41:27.579Z","importId":1,"level":"WARN","message":"Linha 14382: Pontuação é 0 ou null","category":"PONTUACAO","context":{"rowNumber":14382,"points":0,"cnpj":"19851484000100","saleId":"3371014A","executiveName":"Carlos Brito"}}
{"timestamp":"2026-03-10T22:41:27.584Z","importId":1,"level":"WARN","message":"Linha 14385: Pontuação é 0 ou null","category":"PONTUACAO","context":{"rowNumber":14385,"points":0,"cnpj":"09645389000105","saleId":"3368031A","executiveName":"Leonardo Ligabo"}}
{"timestamp":"2026-03-10T22:41:27.588Z","importId":1,"level":"WARN","message":"Linha 14386: Pontuação é 0 ou null","category":"PONTUACAO","context":{"rowNumber":14386,"points":0,"cnpj":"09645389000105","saleId":"3368030A","executiveName":"Leonardo Ligabo"}}
{"timestamp":"2026-03-10T22:41:27.589Z","importId":1,"level":"WARN","message":"Linha 14387: Pontuação é 0 ou null","category":"PONTUACAO","context":{"rowNumber":14387,"points":0,"cnpj":"09645389000105","saleId":"3368029A","executiveName":"Leonardo Ligabo"}}
{"timestamp":"2026-03-10T22:41:27.592Z","importId":1,"level":"WARN","message":"Linha 14388: Pontuação é 0 ou null","category":"PONTUACAO","context":{"rowNumber":14388,"points":0,"cnpj":"09645389000105","saleId":"3368028A","executiveName":"Leonardo Ligabo"}}
{"timestamp":"2026-03-10T22:41:27.594Z","importId":1,"level":"WARN","message":"Linha 14389: Pontuação é 0 ou null","category":"PONTUACAO","context":{"rowNumber":14389,"points":0,"cnpj":"09645389000105","saleId":"3368027A","executiveName":"Leonardo Ligabo"}}
{"timestamp":"2026-03-10T22:41:27.598Z","importId":1,"level":"WARN","message":"Linha 14391: Pontuação é 0 ou null","category":"PONTUACAO","context":{"rowNumber":14391,"points":0,"cnpj":"24869123000121","saleId":"3368025A","executiveName":"Elza Lara"}}
{"timestamp":"2026-03-10T22:41:27.600Z","importId":1,"level":"WARN","message":"Linha 14392: Pontuação é 0 ou null","category":"PONTUACAO","context":{"rowNumber":14392,"points":0,"cnpj":"24869123000121","saleId":"3368024A","executiveName":"Elza Lara"}}
{"timestamp":"2026-03-10T22:41:27.602Z","importId":1,"level":"WARN","message":"Linha 14393: Pontuação é 0 ou null","category":"PONTUACAO","context":{"rowNumber":14393,"points":0,"cnpj":"03589709000162","saleId":"3368021A","executiveName":"Carlos Barbassa"}}
{"timestamp":"2026-03-10T22:41:27.603Z","importId":1,"level":"WARN","message":"Linha 14394: Pontuação é 0 ou null","category":"PONTUACAO","context":{"rowNumber":14394,"points":0,"cnpj":"03589709000162","saleId":"3368020A","executiveName":"Carlos Barbassa"}}
{"timestamp":"2026-03-10T22:41:27.607Z","importId":1,"level":"WARN","message":"Linha 14396: Pontuação é 0 ou null","category":"PONTUACAO","context":{"rowNumber":14396,"points":0,"cnpj":"51976900000100","saleId":"3368017A","executiveName":"Cristiano Dafre"}}
{"timestamp":"2026-03-10T22:41:27.610Z","importId":1,"level":"WARN","message":"Linha 14398: Pontuação é 0 ou null","category":"PONTUACAO","context":{"rowNumber":14398,"points":0,"cnpj":"32351158000100","saleId":"3368015A","executiveName":"Roberto Garbin"}}
{"timestamp":"2026-03-10T22:41:27.612Z","importId":1,"level":"WARN","message":"Linha 14399: Pontuação é 0 ou null","category":"PONTUACAO","context":{"rowNumber":14399,"points":0,"cnpj":"32351158000100","saleId":"3368014A","executiveName":"Roberto Garbin"}}
{"timestamp":"2026-03-10T22:41:27.614Z","importId":1,"level":"WARN","message":"Linha 14400: Pontuação é 0 ou null","category":"PONTUACAO","context":{"rowNumber":14400,"points":0,"cnpj":"32351158000100","saleId":"3368013A","executiveName":"Roberto Garbin"}}
{"timestamp":"2026-03-10T22:41:27.616Z","importId":1,"level":"WARN","message":"Linha 14401: Pontuação é 0 ou null","category":"PONTUACAO","context":{"rowNumber":14401,"points":0,"cnpj":"32351158000100","saleId":"3368012A","executiveName":"Roberto Garbin"}}
{"timestamp":"2026-03-10T22:41:27.619Z","importId":1,"level":"WARN","message":"Linha 14402: Pontuação é 0 ou null","category":"PONTUACAO","context":{"rowNumber":14402,"points":0,"cnpj":"11043363000120","saleId":"3368010A","executiveName":"Elza Lara"}}
{"timestamp":"2026-03-10T22:41:27.622Z","importId":1,"level":"WARN","message":"Linha 14403: Pontuação é 0 ou null","category":"PONTUACAO","context":{"rowNumber":14403,"points":0,"cnpj":"11043363000120","saleId":"3368009A","executiveName":"Elza Lara"}}
{"timestamp":"2026-03-10T22:41:27.623Z","importId":1,"level":"WARN","message":"Linha 14404: Pontuação é 0 ou null","category":"PONTUACAO","context":{"rowNumber":14404,"points":0,"cnpj":"11043363000120","saleId":"3368008A","executiveName":"Elza Lara"}}
{"timestamp":"2026-03-10T22:41:27.626Z","importId":1,"level":"WARN","message":"Linha 14405: Pontuação é 0 ou null","category":"PONTUACAO","context":{"rowNumber":14405,"points":0,"cnpj":"11043363000120","saleId":"3368007A","executiveName":"Elza Lara"}}
{"timestamp":"2026-03-10T22:41:27.634Z","importId":1,"level":"WARN","message":"Linha 14411: Pontuação é 0 ou null","category":"PONTUACAO","context":{"rowNumber":14411,"points":0,"cnpj":"03483939000142","saleId":"3368363A","executiveName":"Marlon Wander"}}
{"timestamp":"2026-03-10T22:41:27.636Z","importId":1,"level":"WARN","message":"Linha 14412: Pontuação é 0 ou null","category":"PONTUACAO","context":{"rowNumber":14412,"points":0,"cnpj":"18714974000100","saleId":"3368353A","executiveName":"Elza Lara"}}
{"timestamp":"2026-03-10T22:41:27.638Z","importId":1,"level":"WARN","message":"Linha 14413: Pontuação é 0 ou null","category":"PONTUACAO","context":{"rowNumber":14413,"points":0,"cnpj":"18714974000100","saleId":"3368352A","executiveName":"Elza Lara"}}
{"timestamp":"2026-03-10T22:41:27.641Z","importId":1,"level":"WARN","message":"Linha 14414: Pontuação é 0 ou null","category":"PONTUACAO","context":{"rowNumber":14414,"points":0,"cnpj":"15210932000136","saleId":"3368244A","executiveName":"Claudia Dias"}}
{"timestamp":"2026-03-10T22:41:27.644Z","importId":1,"level":"WARN","message":"Linha 14415: Pontuação é 0 ou null","category":"PONTUACAO","context":{"rowNumber":14415,"points":0,"cnpj":"15210932000136","saleId":"3368243A","executiveName":"Claudia Dias"}}
{"timestamp":"2026-03-10T22:41:27.646Z","importId":1,"level":"WARN","message":"Linha 14416: Pontuação é 0 ou null","category":"PONTUACAO","context":{"rowNumber":14416,"points":0,"cnpj":"19848764000160","saleId":"3368212A","executiveName":"Andrea Cordovil"}}
{"timestamp":"2026-03-10T22:41:27.648Z","importId":1,"level":"WARN","message":"Linha 14417: Pontuação é 0 ou null","category":"PONTUACAO","context":{"rowNumber":14417,"points":0,"cnpj":"19848764000160","saleId":"3368211A","executiveName":"Andrea Cordovil"}}
{"timestamp":"2026-03-10T22:41:27.663Z","importId":1,"level":"WARN","message":"Linha 14428: Pontuação é 0 ou null","category":"PONTUACAO","context":{"rowNumber":14428,"points":0,"cnpj":"07068285000141","saleId":"3368160A","executiveName":"Ricardo Bueno"}}
{"timestamp":"2026-03-10T22:41:27.665Z","importId":1,"level":"WARN","message":"Linha 14429: Pontuação é 0 ou null","category":"PONTUACAO","context":{"rowNumber":14429,"points":0,"cnpj":"07068285000141","saleId":"3368159A","executiveName":"Ricardo Bueno"}}
{"timestamp":"2026-03-10T22:41:27.667Z","importId":1,"level":"WARN","message":"Linha 14430: Pontuação é 0 ou null","category":"PONTUACAO","context":{"rowNumber":14430,"points":0,"cnpj":"07068285000141","saleId":"3368158A","executiveName":"Ricardo Bueno"}}
{"timestamp":"2026-03-10T22:41:27.670Z","importId":1,"level":"WARN","message":"Linha 14431: Pontuação é 0 ou null","category":"PONTUACAO","context":{"rowNumber":14431,"points":0,"cnpj":"07068285000141","saleId":"3368157A","executiveName":"Ricardo Bueno"}}
{"timestamp":"2026-03-10T22:41:27.677Z","importId":1,"level":"WARN","message":"Linha 14435: Pontuação é 0 ou null","category":"PONTUACAO","context":{"rowNumber":14435,"points":0,"cnpj":"02216485000180","saleId":"3368004A","executiveName":"Ricardo Morais"}}
{"timestamp":"2026-03-10T22:41:27.679Z","importId":1,"level":"WARN","message":"Linha 14436: Pontuação é 0 ou null","category":"PONTUACAO","context":{"rowNumber":14436,"points":0,"cnpj":"31546005000148","saleId":"3368002A","executiveName":"Elza Lara"}}
{"timestamp":"2026-03-10T22:41:27.681Z","importId":1,"level":"WARN","message":"Linha 14437: Pontuação é 0 ou null","category":"PONTUACAO","context":{"rowNumber":14437,"points":0,"cnpj":"02727156000102","saleId":"3368000A","executiveName":"Elza Lara"}}
{"timestamp":"2026-03-10T22:41:27.683Z","importId":1,"level":"WARN","message":"Linha 14438: Pontuação é 0 ou null","category":"PONTUACAO","context":{"rowNumber":14438,"points":0,"cnpj":"00253135000169","saleId":"3367848A","executiveName":"Marlon Wander"}}
{"timestamp":"2026-03-10T22:41:27.686Z","importId":1,"level":"WARN","message":"Linha 14439: Pontuação é 0 ou null","category":"PONTUACAO","context":{"rowNumber":14439,"points":0,"cnpj":"00253135000169","saleId":"3367847A","executiveName":"Marlon Wander"}}
{"timestamp":"2026-03-10T22:41:27.688Z","importId":1,"level":"WARN","message":"Linha 14440: Pontuação é 0 ou null","category":"PONTUACAO","context":{"rowNumber":14440,"points":0,"cnpj":"00253135000169","saleId":"3367846A","executiveName":"Marlon Wander"}}
{"timestamp":"2026-03-10T22:41:27.691Z","importId":1,"level":"WARN","message":"Linha 14441: Pontuação é 0 ou null","category":"PONTUACAO","context":{"rowNumber":14441,"points":0,"cnpj":"57608093000159","saleId":"3367844A","executiveName":"Cristiano Dafre"}}
{"timestamp":"2026-03-10T22:41:27.693Z","importId":1,"level":"WARN","message":"Linha 14442: Pontuação é 0 ou null","category":"PONTUACAO","context":{"rowNumber":14442,"points":0,"cnpj":"57608093000159","saleId":"3367843A","executiveName":"Cristiano Dafre"}}
{"timestamp":"2026-03-10T22:41:27.696Z","importId":1,"level":"WARN","message":"Linha 14443: Pontuação é 0 ou null","category":"PONTUACAO","context":{"rowNumber":14443,"points":0,"cnpj":"07709889000120","saleId":"3367841A","executiveName":"Carlos Brito"}}
{"timestamp":"2026-03-10T22:41:27.698Z","importId":1,"level":"WARN","message":"Linha 14444: Pontuação é 0 ou null","category":"PONTUACAO","context":{"rowNumber":14444,"points":0,"cnpj":"07709889000120","saleId":"3367840A","executiveName":"Carlos Brito"}}
{"timestamp":"2026-03-10T22:41:27.701Z","importId":1,"level":"WARN","message":"Linha 14445: Pontuação é 0 ou null","category":"PONTUACAO","context":{"rowNumber":14445,"points":0,"cnpj":"07709889000120","saleId":"3367839A","executiveName":"Carlos Brito"}}
{"timestamp":"2026-03-10T22:41:27.703Z","importId":1,"level":"WARN","message":"Linha 14446: Pontuação é 0 ou null","category":"PONTUACAO","context":{"rowNumber":14446,"points":0,"cnpj":"07709889000120","saleId":"3367838A","executiveName":"Carlos Brito"}}
{"timestamp":"2026-03-10T22:41:27.721Z","importId":1,"level":"WARN","message":"Linha 14461: Pontuação é 0 ou null","category":"PONTUACAO","context":{"rowNumber":14461,"points":0,"cnpj":"00253135000169","saleId":"3367849A","executiveName":"Marlon Wander"}}
{"timestamp":"2026-03-10T22:41:27.724Z","importId":1,"level":"WARN","message":"Linha 14462: Pontuação é 0 ou null","category":"PONTUACAO","context":{"rowNumber":14462,"points":0,"cnpj":"13685751000130","saleId":"3367855A","executiveName":"Cassia Shimabukuro"}}
{"timestamp":"2026-03-10T22:41:27.726Z","importId":1,"level":"WARN","message":"Linha 14463: Pontuação é 0 ou null","category":"PONTUACAO","context":{"rowNumber":14463,"points":0,"cnpj":"13685751000130","saleId":"3367856A","executiveName":"Cassia Shimabukuro"}}
{"timestamp":"2026-03-10T22:41:27.729Z","importId":1,"level":"WARN","message":"Linha 14464: Pontuação é 0 ou null","category":"PONTUACAO","context":{"rowNumber":14464,"points":0,"cnpj":"32351158000100","saleId":"3367864A","executiveName":"Roberto Garbin"}}
{"timestamp":"2026-03-10T22:41:27.732Z","importId":1,"level":"WARN","message":"Linha 14465: Pontuação é 0 ou null","category":"PONTUACAO","context":{"rowNumber":14465,"points":0,"cnpj":"02727156000102","saleId":"3367999A","executiveName":"Elza Lara"}}
{"timestamp":"2026-03-10T22:41:27.734Z","importId":1,"level":"WARN","message":"Linha 14466: Pontuação é 0 ou null","category":"PONTUACAO","context":{"rowNumber":14466,"points":0,"cnpj":"02207606000128","saleId":"3367998A","executiveName":"Carlos Barbassa"}}
{"timestamp":"2026-03-10T22:41:27.736Z","importId":1,"level":"WARN","message":"Linha 14467: Pontuação é 0 ou null","category":"PONTUACAO","context":{"rowNumber":14467,"points":0,"cnpj":"02207606000128","saleId":"3367997A","executiveName":"Carlos Barbassa"}}
{"timestamp":"2026-03-10T22:41:27.741Z","importId":1,"level":"WARN","message":"Linha 14470: Pontuação é 0 ou null","category":"PONTUACAO","context":{"rowNumber":14470,"points":0,"cnpj":"57594053000367","saleId":"3367987A","executiveName":"Armando Soares"}}
{"timestamp":"2026-03-10T22:41:27.743Z","importId":1,"level":"WARN","message":"Linha 14472: Pontuação é 0 ou null","category":"PONTUACAO","context":{"rowNumber":14472,"points":0,"cnpj":"01131672000107","saleId":"3367985A","executiveName":"Ricardo Bueno"}}
{"timestamp":"2026-03-10T22:41:27.745Z","importId":1,"level":"WARN","message":"Linha 14473: Pontuação é 0 ou null","category":"PONTUACAO","context":{"rowNumber":14473,"points":0,"cnpj":"00141852000107","saleId":"3367984A","executiveName":"Pasquale Neto"}}
{"timestamp":"2026-03-10T22:41:27.747Z","importId":1,"level":"WARN","message":"Linha 14474: Pontuação é 0 ou null","category":"PONTUACAO","context":{"rowNumber":14474,"points":0,"cnpj":"00141852000107","saleId":"3367983A","executiveName":"Pasquale Neto"}}
{"timestamp":"2026-03-10T22:41:27.750Z","importId":1,"level":"WARN","message":"Linha 14475: Pontuação é 0 ou null","category":"PONTUACAO","context":{"rowNumber":14475,"points":0,"cnpj":"00141852000107","saleId":"3367982A","executiveName":"Pasquale Neto"}}
{"timestamp":"2026-03-10T22:41:27.754Z","importId":1,"level":"WARN","message":"Linha 14476: Pontuação é 0 ou null","category":"PONTUACAO","context":{"rowNumber":14476,"points":0,"cnpj":"03483939000142","saleId":"3368364A","executiveName":"Marlon Wander"}}
{"timestamp":"2026-03-10T22:41:27.756Z","importId":1,"level":"WARN","message":"Linha 14477: Pontuação é 0 ou null","category":"PONTUACAO","context":{"rowNumber":14477,"points":0,"cnpj":"00141852000107","saleId":"3367981A","executiveName":"Pasquale Neto"}}
{"timestamp":"2026-03-10T22:41:27.760Z","importId":1,"level":"WARN","message":"Linha 14478: Pontuação é 0 ou null","category":"PONTUACAO","context":{"rowNumber":14478,"points":0,"cnpj":"00141852000107","saleId":"3367979A","executiveName":"Pasquale Neto"}}
{"timestamp":"2026-03-10T22:41:27.771Z","importId":1,"level":"WARN","message":"Linha 14486: Pontuação é 0 ou null","category":"PONTUACAO","context":{"rowNumber":14486,"points":0,"cnpj":"58451394001075","saleId":"3367895A","executiveName":"Sem Promotor"}}
{"timestamp":"2026-03-10T22:41:27.776Z","importId":1,"level":"WARN","message":"Linha 14488: Pontuação é 0 ou null","category":"PONTUACAO","context":{"rowNumber":14488,"points":0,"cnpj":"32351158000100","saleId":"3367865A","executiveName":"Roberto Garbin"}}
{"timestamp":"2026-03-10T22:41:27.779Z","importId":1,"level":"WARN","message":"Linha 14489: Pontuação é 0 ou null","category":"PONTUACAO","context":{"rowNumber":14489,"points":0,"cnpj":"00141852000107","saleId":"3367980A","executiveName":"Pasquale Neto"}}
{"timestamp":"2026-03-10T22:41:27.781Z","importId":1,"level":"WARN","message":"Linha 14490: Pontuação é 0 ou null","category":"PONTUACAO","context":{"rowNumber":14490,"points":0,"cnpj":"03483939000142","saleId":"3368365A","executiveName":"Marlon Wander"}}
{"timestamp":"2026-03-10T22:41:27.783Z","importId":1,"level":"WARN","message":"Linha 14491: Pontuação é 0 ou null","category":"PONTUACAO","context":{"rowNumber":14491,"points":0,"cnpj":"03483939000142","saleId":"3368366A","executiveName":"Marlon Wander"}}
{"timestamp":"2026-03-10T22:41:27.785Z","importId":1,"level":"WARN","message":"Linha 14492: Pontuação é 0 ou null","category":"PONTUACAO","context":{"rowNumber":14492,"points":0,"cnpj":"03483939000142","saleId":"3368367A","executiveName":"Marlon Wander"}}
{"timestamp":"2026-03-10T22:41:27.787Z","importId":1,"level":"WARN","message":"Linha 14493: Pontuação é 0 ou null","category":"PONTUACAO","context":{"rowNumber":14493,"points":0,"cnpj":"48512908000100","saleId":"3371041A","executiveName":"Ricardo Bueno"}}
{"timestamp":"2026-03-10T22:41:27.788Z","importId":1,"level":"WARN","message":"Linha 14494: Pontuação é 0 ou null","category":"PONTUACAO","context":{"rowNumber":14494,"points":0,"cnpj":"48512908000100","saleId":"3371040A","executiveName":"Ricardo Bueno"}}
{"timestamp":"2026-03-10T22:41:27.792Z","importId":1,"level":"WARN","message":"Linha 14495: Pontuação é 0 ou null","category":"PONTUACAO","context":{"rowNumber":14495,"points":0,"cnpj":"48512908000100","saleId":"3371039A","executiveName":"Ricardo Bueno"}}
{"timestamp":"2026-03-10T22:41:27.794Z","importId":1,"level":"WARN","message":"Linha 14496: Pontuação é 0 ou null","category":"PONTUACAO","context":{"rowNumber":14496,"points":0,"cnpj":"43398083000121","saleId":"3371038A","executiveName":"Karla Reis"}}
{"timestamp":"2026-03-10T22:41:27.797Z","importId":1,"level":"WARN","message":"Linha 14497: Pontuação é 0 ou null","category":"PONTUACAO","context":{"rowNumber":14497,"points":0,"cnpj":"43398083000121","saleId":"3371037A","executiveName":"Karla Reis"}}
{"timestamp":"2026-03-10T22:41:27.800Z","importId":1,"level":"WARN","message":"Linha 14498: Pontuação é 0 ou null","category":"PONTUACAO","context":{"rowNumber":14498,"points":0,"cnpj":"11653207000181","saleId":"3371036A","executiveName":"Karla Reis"}}
{"timestamp":"2026-03-10T22:41:27.802Z","importId":1,"level":"WARN","message":"Linha 14499: Pontuação é 0 ou null","category":"PONTUACAO","context":{"rowNumber":14499,"points":0,"cnpj":"11653207000181","saleId":"3371035A","executiveName":"Karla Reis"}}
{"timestamp":"2026-03-10T22:41:27.804Z","importId":1,"level":"WARN","message":"Linha 14500: Pontuação é 0 ou null","category":"PONTUACAO","context":{"rowNumber":14500,"points":0,"cnpj":"11653207000181","saleId":"3371034A","executiveName":"Karla Reis"}}
{"timestamp":"2026-03-10T22:41:27.807Z","importId":1,"level":"WARN","message":"Linha 14501: Pontuação é 0 ou null","category":"PONTUACAO","context":{"rowNumber":14501,"points":0,"cnpj":"11653207000181","saleId":"3371033A","executiveName":"Karla Reis"}}
{"timestamp":"2026-03-10T22:41:27.808Z","importId":1,"level":"WARN","message":"Linha 14502: Pontuação é 0 ou null","category":"PONTUACAO","context":{"rowNumber":14502,"points":0,"cnpj":"11653207000181","saleId":"3371032A","executiveName":"Karla Reis"}}
{"timestamp":"2026-03-10T22:41:27.811Z","importId":1,"level":"WARN","message":"Linha 14503: Pontuação é 0 ou null","category":"PONTUACAO","context":{"rowNumber":14503,"points":0,"cnpj":"11653207000181","saleId":"3371031A","executiveName":"Karla Reis"}}
{"timestamp":"2026-03-10T22:41:27.814Z","importId":1,"level":"WARN","message":"Linha 14504: Pontuação é 0 ou null","category":"PONTUACAO","context":{"rowNumber":14504,"points":0,"cnpj":"18134620000189","saleId":"3371030A","executiveName":"Karla Reis"}}
{"timestamp":"2026-03-10T22:41:27.818Z","importId":1,"level":"WARN","message":"Linha 14505: Pontuação é 0 ou null","category":"PONTUACAO","context":{"rowNumber":14505,"points":0,"cnpj":"18134620000189","saleId":"3371029A","executiveName":"Karla Reis"}}
{"timestamp":"2026-03-10T22:41:27.820Z","importId":1,"level":"WARN","message":"Linha 14506: Pontuação é 0 ou null","category":"PONTUACAO","context":{"rowNumber":14506,"points":0,"cnpj":"23943727000108","saleId":"3371026A","executiveName":"Ricardo Bueno"}}
{"timestamp":"2026-03-10T22:41:27.822Z","importId":1,"level":"WARN","message":"Linha 14507: Pontuação é 0 ou null","category":"PONTUACAO","context":{"rowNumber":14507,"points":0,"cnpj":"08984895806","saleId":"3371025A","executiveName":"Carlos Barbassa"}}
{"timestamp":"2026-03-10T22:41:27.823Z","importId":1,"level":"WARN","message":"Linha 14508: Pontuação é 0 ou null","category":"PONTUACAO","context":{"rowNumber":14508,"points":0,"cnpj":"08984895806","saleId":"3371024A","executiveName":"Carlos Barbassa"}}
{"timestamp":"2026-03-10T22:41:27.828Z","importId":1,"level":"WARN","message":"Linha 14509: Pontuação é 0 ou null","category":"PONTUACAO","context":{"rowNumber":14509,"points":0,"cnpj":"08984895806","saleId":"3371023A","executiveName":"Carlos Barbassa"}}
{"timestamp":"2026-03-10T22:41:27.831Z","importId":1,"level":"WARN","message":"Linha 14510: Pontuação é 0 ou null","category":"PONTUACAO","context":{"rowNumber":14510,"points":0,"cnpj":"08984895806","saleId":"3371022A","executiveName":"Carlos Barbassa"}}
{"timestamp":"2026-03-10T22:41:27.833Z","importId":1,"level":"WARN","message":"Linha 14511: Pontuação é 0 ou null","category":"PONTUACAO","context":{"rowNumber":14511,"points":0,"cnpj":"08984895806","saleId":"3371021A","executiveName":"Carlos Barbassa"}}
{"timestamp":"2026-03-10T22:41:27.835Z","importId":1,"level":"WARN","message":"Linha 14512: Pontuação é 0 ou null","category":"PONTUACAO","context":{"rowNumber":14512,"points":0,"cnpj":"08984895806","saleId":"3371020A","executiveName":"Carlos Barbassa"}}
{"timestamp":"2026-03-10T22:41:27.840Z","importId":1,"level":"WARN","message":"Linha 14513: Pontuação é 0 ou null","category":"PONTUACAO","context":{"rowNumber":14513,"points":0,"cnpj":"28551518000132","saleId":"3371019A","executiveName":"Karla Reis"}}
{"timestamp":"2026-03-10T22:41:27.842Z","importId":1,"level":"WARN","message":"Linha 14514: Pontuação é 0 ou null","category":"PONTUACAO","context":{"rowNumber":14514,"points":0,"cnpj":"01453971000150","saleId":"3371018A","executiveName":"Claudia Dias"}}
{"timestamp":"2026-03-10T22:41:27.848Z","importId":1,"level":"WARN","message":"Linha 14515: Pontuação é 0 ou null","category":"PONTUACAO","context":{"rowNumber":14515,"points":0,"cnpj":"04759886000102","saleId":"3371013A","executiveName":"Andrea Cordovil"}}
{"timestamp":"2026-03-10T22:41:27.850Z","importId":1,"level":"WARN","message":"Linha 14516: Pontuação é 0 ou null","category":"PONTUACAO","context":{"rowNumber":14516,"points":0,"cnpj":"48652489000293","saleId":"3371042A","executiveName":"Ricardo Morais"}}
{"timestamp":"2026-03-10T22:41:27.852Z","importId":1,"level":"WARN","message":"Linha 14517: Pontuação é 0 ou null","category":"PONTUACAO","context":{"rowNumber":14517,"points":0,"cnpj":"48652489000293","saleId":"3371043A","executiveName":"Ricardo Morais"}}
{"timestamp":"2026-03-10T22:41:27.856Z","importId":1,"level":"WARN","message":"Linha 14518: Pontuação é 0 ou null","category":"PONTUACAO","context":{"rowNumber":14518,"points":0,"cnpj":"48652489000293","saleId":"3371044A","executiveName":"Ricardo Morais"}}
{"timestamp":"2026-03-10T22:41:27.857Z","importId":1,"level":"WARN","message":"Linha 14519: Pontuação é 0 ou null","category":"PONTUACAO","context":{"rowNumber":14519,"points":0,"cnpj":"48652489000293","saleId":"3371045A","executiveName":"Ricardo Morais"}}
{"timestamp":"2026-03-10T22:41:27.862Z","importId":1,"level":"WARN","message":"Linha 14521: Pontuação é 0 ou null","category":"PONTUACAO","context":{"rowNumber":14521,"points":0,"cnpj":"61327565000172","saleId":"3371870A","executiveName":"Carlos Barbassa"}}
{"timestamp":"2026-03-10T22:41:27.865Z","importId":1,"level":"WARN","message":"Linha 14523: Pontuação é 0 ou null","category":"PONTUACAO","context":{"rowNumber":14523,"points":0,"cnpj":"29871389000122","saleId":"3371518A","executiveName":"Kelly Furno"}}
{"timestamp":"2026-03-10T22:41:27.868Z","importId":1,"level":"WARN","message":"Linha 14524: Pontuação é 0 ou null","category":"PONTUACAO","context":{"rowNumber":14524,"points":0,"cnpj":"29871389000122","saleId":"3371517A","executiveName":"Kelly Furno"}}
{"timestamp":"2026-03-10T22:41:27.870Z","importId":1,"level":"WARN","message":"Linha 14525: Pontuação é 0 ou null","category":"PONTUACAO","context":{"rowNumber":14525,"points":0,"cnpj":"29871389000122","saleId":"3371516A","executiveName":"Kelly Furno"}}
{"timestamp":"2026-03-10T22:41:27.874Z","importId":1,"level":"WARN","message":"Linha 14526: Pontuação é 0 ou null","category":"PONTUACAO","context":{"rowNumber":14526,"points":0,"cnpj":"29871389000122","saleId":"3371513A","executiveName":"Kelly Furno"}}
{"timestamp":"2026-03-10T22:41:27.875Z","importId":1,"level":"WARN","message":"Linha 14527: Pontuação é 0 ou null","category":"PONTUACAO","context":{"rowNumber":14527,"points":0,"cnpj":"29871389000122","saleId":"3371512A","executiveName":"Kelly Furno"}}
{"timestamp":"2026-03-10T22:41:27.877Z","importId":1,"level":"WARN","message":"Linha 14528: Pontuação é 0 ou null","category":"PONTUACAO","context":{"rowNumber":14528,"points":0,"cnpj":"29871389000122","saleId":"3371496A","executiveName":"Kelly Furno"}}
{"timestamp":"2026-03-10T22:41:27.879Z","importId":1,"level":"WARN","message":"Linha 14529: Pontuação é 0 ou null","category":"PONTUACAO","context":{"rowNumber":14529,"points":0,"cnpj":"48512908000100","saleId":"3371495A","executiveName":"Ricardo Bueno"}}
{"timestamp":"2026-03-10T22:41:27.883Z","importId":1,"level":"WARN","message":"Linha 14530: Pontuação é 0 ou null","category":"PONTUACAO","context":{"rowNumber":14530,"points":0,"cnpj":"23943727000108","saleId":"3371494A","executiveName":"Ricardo Bueno"}}
{"timestamp":"2026-03-10T22:41:27.884Z","importId":1,"level":"WARN","message":"Linha 14531: Pontuação é 0 ou null","category":"PONTUACAO","context":{"rowNumber":14531,"points":0,"cnpj":"03683159000146","saleId":"3371012A","executiveName":"Rafaela Soares"}}
{"timestamp":"2026-03-10T22:41:27.886Z","importId":1,"level":"WARN","message":"Linha 14532: Pontuação é 0 ou null","category":"PONTUACAO","context":{"rowNumber":14532,"points":0,"cnpj":"74538836000180","saleId":"3371493A","executiveName":"Rafaela Soares"}}
{"timestamp":"2026-03-10T22:41:27.887Z","importId":1,"level":"WARN","message":"Linha 14533: Pontuação é 0 ou null","category":"PONTUACAO","context":{"rowNumber":14533,"points":0,"cnpj":"74538836000180","saleId":"3371491A","executiveName":"Rafaela Soares"}}
{"timestamp":"2026-03-10T22:41:27.890Z","importId":1,"level":"WARN","message":"Linha 14534: Pontuação é 0 ou null","category":"PONTUACAO","context":{"rowNumber":14534,"points":0,"cnpj":"27738323000133","saleId":"3371490A","executiveName":"Elza Lara"}}
{"timestamp":"2026-03-10T22:41:27.893Z","importId":1,"level":"WARN","message":"Linha 14535: Pontuação é 0 ou null","category":"PONTUACAO","context":{"rowNumber":14535,"points":0,"cnpj":"27738323000133","saleId":"3371489A","executiveName":"Elza Lara"}}
{"timestamp":"2026-03-10T22:41:27.895Z","importId":1,"level":"WARN","message":"Linha 14536: Pontuação é 0 ou null","category":"PONTUACAO","context":{"rowNumber":14536,"points":0,"cnpj":"17519446000120","saleId":"3371488A","executiveName":"Ricardo Morais"}}
{"timestamp":"2026-03-10T22:41:27.897Z","importId":1,"level":"WARN","message":"Linha 14537: Pontuação é 0 ou null","category":"PONTUACAO","context":{"rowNumber":14537,"points":0,"cnpj":"26222963000123","saleId":"3371487A","executiveName":"Miguel Jenotti"}}
{"timestamp":"2026-03-10T22:41:27.903Z","importId":1,"level":"WARN","message":"Linha 14540: Pontuação é 0 ou null","category":"PONTUACAO","context":{"rowNumber":14540,"points":0,"cnpj":"29479499000143","saleId":"3371051A","executiveName":"Cassia Shimabukuro"}}
{"timestamp":"2026-03-10T22:41:27.905Z","importId":1,"level":"WARN","message":"Linha 14541: Pontuação é 0 ou null","category":"PONTUACAO","context":{"rowNumber":14541,"points":0,"cnpj":"29479499000143","saleId":"3371050A","executiveName":"Cassia Shimabukuro"}}
{"timestamp":"2026-03-10T22:41:27.906Z","importId":1,"level":"WARN","message":"Linha 14542: Pontuação é 0 ou null","category":"PONTUACAO","context":{"rowNumber":14542,"points":0,"cnpj":"29479499000143","saleId":"3371049A","executiveName":"Cassia Shimabukuro"}}
{"timestamp":"2026-03-10T22:41:27.909Z","importId":1,"level":"WARN","message":"Linha 14543: Pontuação é 0 ou null","category":"PONTUACAO","context":{"rowNumber":14543,"points":0,"cnpj":"29479499000143","saleId":"3371048A","executiveName":"Cassia Shimabukuro"}}
{"timestamp":"2026-03-10T22:41:27.910Z","importId":1,"level":"WARN","message":"Linha 14544: Pontuação é 0 ou null","category":"PONTUACAO","context":{"rowNumber":14544,"points":0,"cnpj":"74538836000180","saleId":"3371492A","executiveName":"Rafaela Soares"}}
{"timestamp":"2026-03-10T22:41:27.914Z","importId":1,"level":"WARN","message":"Linha 14546: Pontuação é 0 ou null","category":"PONTUACAO","context":{"rowNumber":14546,"points":0,"cnpj":"03683159000146","saleId":"3371011A","executiveName":"Rafaela Soares"}}
{"timestamp":"2026-03-10T22:41:27.917Z","importId":1,"level":"WARN","message":"Linha 14547: Pontuação é 0 ou null","category":"PONTUACAO","context":{"rowNumber":14547,"points":0,"cnpj":"04457219000175","saleId":"3371009A","executiveName":"William Silva"}}
{"timestamp":"2026-03-10T22:41:27.919Z","importId":1,"level":"WARN","message":"Linha 14549: Pontuação é 0 ou null","category":"PONTUACAO","context":{"rowNumber":14549,"points":0,"cnpj":"03483939000142","saleId":"3368550A","executiveName":"Marlon Wander"}}
{"timestamp":"2026-03-10T22:41:27.922Z","importId":1,"level":"WARN","message":"Linha 14550: Pontuação é 0 ou null","category":"PONTUACAO","context":{"rowNumber":14550,"points":0,"cnpj":"03483939000142","saleId":"3368549A","executiveName":"Marlon Wander"}}
{"timestamp":"2026-03-10T22:41:27.924Z","importId":1,"level":"WARN","message":"Linha 14551: Pontuação é 0 ou null","category":"PONTUACAO","context":{"rowNumber":14551,"points":0,"cnpj":"03483939000142","saleId":"3368548A","executiveName":"Marlon Wander"}}
{"timestamp":"2026-03-10T22:41:27.927Z","importId":1,"level":"WARN","message":"Linha 14552: Pontuação é 0 ou null","category":"PONTUACAO","context":{"rowNumber":14552,"points":0,"cnpj":"10218043000100","saleId":"3368538A","executiveName":"Andrea Cordovil"}}
{"timestamp":"2026-03-10T22:41:27.929Z","importId":1,"level":"WARN","message":"Linha 14553: Pontuação é 0 ou null","category":"PONTUACAO","context":{"rowNumber":14553,"points":0,"cnpj":"10218043000100","saleId":"3368537A","executiveName":"Andrea Cordovil"}}
{"timestamp":"2026-03-10T22:41:27.933Z","importId":1,"level":"WARN","message":"Linha 14554: Pontuação é 0 ou null","category":"PONTUACAO","context":{"rowNumber":14554,"points":0,"cnpj":"01156427000146","saleId":"3368517A","executiveName":"Karla Reis"}}
{"timestamp":"2026-03-10T22:41:27.935Z","importId":1,"level":"WARN","message":"Linha 14555: Pontuação é 0 ou null","category":"PONTUACAO","context":{"rowNumber":14555,"points":0,"cnpj":"65549586000193","saleId":"3368506A","executiveName":"Cristiano Dafre"}}
{"timestamp":"2026-03-10T22:41:27.937Z","importId":1,"level":"WARN","message":"Linha 14556: Pontuação é 0 ou null","category":"PONTUACAO","context":{"rowNumber":14556,"points":0,"cnpj":"24227243000125","saleId":"3368420A","executiveName":"Ricardo Morais"}}
{"timestamp":"2026-03-10T22:41:27.941Z","importId":1,"level":"WARN","message":"Linha 14557: Pontuação é 0 ou null","category":"PONTUACAO","context":{"rowNumber":14557,"points":0,"cnpj":"24227243000125","saleId":"3368419A","executiveName":"Ricardo Morais"}}
{"timestamp":"2026-03-10T22:41:27.943Z","importId":1,"level":"WARN","message":"Linha 14558: Pontuação é 0 ou null","category":"PONTUACAO","context":{"rowNumber":14558,"points":0,"cnpj":"10218043000100","saleId":"3368395A","executiveName":"Andrea Cordovil"}}
{"timestamp":"2026-03-10T22:41:27.946Z","importId":1,"level":"WARN","message":"Linha 14559: Pontuação é 0 ou null","category":"PONTUACAO","context":{"rowNumber":14559,"points":0,"cnpj":"10218043000100","saleId":"3368394A","executiveName":"Andrea Cordovil"}}
{"timestamp":"2026-03-10T22:41:27.948Z","importId":1,"level":"WARN","message":"Linha 14560: Pontuação é 0 ou null","category":"PONTUACAO","context":{"rowNumber":14560,"points":0,"cnpj":"10218043000100","saleId":"3368393A","executiveName":"Andrea Cordovil"}}
{"timestamp":"2026-03-10T22:41:27.949Z","importId":1,"level":"WARN","message":"Linha 14561: Pontuação é 0 ou null","category":"PONTUACAO","context":{"rowNumber":14561,"points":0,"cnpj":"10218043000100","saleId":"3368392A","executiveName":"Andrea Cordovil"}}
{"timestamp":"2026-03-10T22:41:27.953Z","importId":1,"level":"WARN","message":"Linha 14562: Pontuação é 0 ou null","category":"PONTUACAO","context":{"rowNumber":14562,"points":0,"cnpj":"10218043000100","saleId":"3368391A","executiveName":"Andrea Cordovil"}}
{"timestamp":"2026-03-10T22:41:27.955Z","importId":1,"level":"WARN","message":"Linha 14563: Pontuação é 0 ou null","category":"PONTUACAO","context":{"rowNumber":14563,"points":0,"cnpj":"10218043000100","saleId":"3368390A","executiveName":"Andrea Cordovil"}}
{"timestamp":"2026-03-10T22:41:27.956Z","importId":1,"level":"WARN","message":"Linha 14564: Pontuação é 0 ou null","category":"PONTUACAO","context":{"rowNumber":14564,"points":0,"cnpj":"29716371000156","saleId":"3368389A","executiveName":"Ricardo Morais"}}
{"timestamp":"2026-03-10T22:41:27.960Z","importId":1,"level":"WARN","message":"Linha 14565: Pontuação é 0 ou null","category":"PONTUACAO","context":{"rowNumber":14565,"points":0,"cnpj":"29716371000156","saleId":"3368388A","executiveName":"Ricardo Morais"}}
{"timestamp":"2026-03-10T22:41:27.962Z","importId":1,"level":"WARN","message":"Linha 14566: Pontuação é 0 ou null","category":"PONTUACAO","context":{"rowNumber":14566,"points":0,"cnpj":"01453971000150","saleId":"3368384A","executiveName":"Claudia Dias"}}
{"timestamp":"2026-03-10T22:41:27.964Z","importId":1,"level":"WARN","message":"Linha 14567: Pontuação é 0 ou null","category":"PONTUACAO","context":{"rowNumber":14567,"points":0,"cnpj":"03483939000142","saleId":"3368371A","executiveName":"Marlon Wander"}}
{"timestamp":"2026-03-10T22:41:27.965Z","importId":1,"level":"WARN","message":"Linha 14568: Pontuação é 0 ou null","category":"PONTUACAO","context":{"rowNumber":14568,"points":0,"cnpj":"03483939000142","saleId":"3368370A","executiveName":"Marlon Wander"}}
{"timestamp":"2026-03-10T22:41:27.968Z","importId":1,"level":"WARN","message":"Linha 14569: Pontuação é 0 ou null","category":"PONTUACAO","context":{"rowNumber":14569,"points":0,"cnpj":"03483939000142","saleId":"3368369A","executiveName":"Marlon Wander"}}
{"timestamp":"2026-03-10T22:41:27.970Z","importId":1,"level":"WARN","message":"Linha 14570: Pontuação é 0 ou null","category":"PONTUACAO","context":{"rowNumber":14570,"points":0,"cnpj":"03483939000142","saleId":"3368368A","executiveName":"Marlon Wander"}}
{"timestamp":"2026-03-10T22:41:27.975Z","importId":1,"level":"WARN","message":"Linha 14572: Pontuação é 0 ou null","category":"PONTUACAO","context":{"rowNumber":14572,"points":0,"cnpj":"26203213000104","saleId":"3368554A","executiveName":"Roberto Garbin"}}
{"timestamp":"2026-03-10T22:41:27.976Z","importId":1,"level":"WARN","message":"Linha 14573: Pontuação é 0 ou null","category":"PONTUACAO","context":{"rowNumber":14573,"points":0,"cnpj":"26203213000104","saleId":"3368555A","executiveName":"Roberto Garbin"}}
{"timestamp":"2026-03-10T22:41:27.978Z","importId":1,"level":"WARN","message":"Linha 14574: Pontuação é 0 ou null","category":"PONTUACAO","context":{"rowNumber":14574,"points":0,"cnpj":"26203213000104","saleId":"3368556A","executiveName":"Roberto Garbin"}}
{"timestamp":"2026-03-10T22:41:27.983Z","importId":1,"level":"WARN","message":"Linha 14575: Pontuação é 0 ou null","category":"PONTUACAO","context":{"rowNumber":14575,"points":0,"cnpj":"04457219000175","saleId":"3371008A","executiveName":"William Silva"}}
{"timestamp":"2026-03-10T22:41:27.984Z","importId":1,"level":"WARN","message":"Linha 14576: Pontuação é 0 ou null","category":"PONTUACAO","context":{"rowNumber":14576,"points":0,"cnpj":"07058538000104","saleId":"3371001A","executiveName":"Cristiano Dafre"}}
{"timestamp":"2026-03-10T22:41:27.986Z","importId":1,"level":"WARN","message":"Linha 14577: Pontuação é 0 ou null","category":"PONTUACAO","context":{"rowNumber":14577,"points":0,"cnpj":"07058538000104","saleId":"3371000A","executiveName":"Cristiano Dafre"}}
{"timestamp":"2026-03-10T22:41:27.988Z","importId":1,"level":"WARN","message":"Linha 14578: Pontuação é 0 ou null","category":"PONTUACAO","context":{"rowNumber":14578,"points":0,"cnpj":"07058538000104","saleId":"3370999A","executiveName":"Cristiano Dafre"}}
{"timestamp":"2026-03-10T22:41:27.991Z","importId":1,"level":"WARN","message":"Linha 14579: Pontuação é 0 ou null","category":"PONTUACAO","context":{"rowNumber":14579,"points":0,"cnpj":"07058538000104","saleId":"3370998A","executiveName":"Cristiano Dafre"}}
{"timestamp":"2026-03-10T22:41:27.992Z","importId":1,"level":"WARN","message":"Linha 14580: Pontuação é 0 ou null","category":"PONTUACAO","context":{"rowNumber":14580,"points":0,"cnpj":"57340580000183","saleId":"3370997A","executiveName":"Marlon Wander"}}
{"timestamp":"2026-03-10T22:41:27.994Z","importId":1,"level":"WARN","message":"Linha 14581: Pontuação é 0 ou null","category":"PONTUACAO","context":{"rowNumber":14581,"points":0,"cnpj":"57340580000183","saleId":"3370996A","executiveName":"Marlon Wander"}}
{"timestamp":"2026-03-10T22:41:27.995Z","importId":1,"level":"WARN","message":"Linha 14582: Pontuação é 0 ou null","category":"PONTUACAO","context":{"rowNumber":14582,"points":0,"cnpj":"57340580000183","saleId":"3370995A","executiveName":"Marlon Wander"}}
{"timestamp":"2026-03-10T22:41:27.999Z","importId":1,"level":"WARN","message":"Linha 14583: Pontuação é 0 ou null","category":"PONTUACAO","context":{"rowNumber":14583,"points":0,"cnpj":"57340580000183","saleId":"3370994A","executiveName":"Marlon Wander"}}
{"timestamp":"2026-03-10T22:41:28.001Z","importId":1,"level":"WARN","message":"Linha 14584: Pontuação é 0 ou null","category":"PONTUACAO","context":{"rowNumber":14584,"points":0,"cnpj":"09178878000196","saleId":"3370993A","executiveName":"Ricardo Morais"}}
{"timestamp":"2026-03-10T22:41:28.006Z","importId":1,"level":"WARN","message":"Linha 14585: Pontuação é 0 ou null","category":"PONTUACAO","context":{"rowNumber":14585,"points":0,"cnpj":"01131672000107","saleId":"3370992A","executiveName":"Ricardo Bueno"}}
{"timestamp":"2026-03-10T22:41:28.008Z","importId":1,"level":"WARN","message":"Linha 14586: Pontuação é 0 ou null","category":"PONTUACAO","context":{"rowNumber":14586,"points":0,"cnpj":"58215971000139","saleId":"3371010A","executiveName":"Rafaela Soares"}}
{"timestamp":"2026-03-10T22:41:28.013Z","importId":1,"level":"WARN","message":"Linha 14587: Pontuação é 0 ou null","category":"PONTUACAO","context":{"rowNumber":14587,"points":0,"cnpj":"57608093000159","saleId":"3370991A","executiveName":"Cristiano Dafre"}}
{"timestamp":"2026-03-10T22:41:28.015Z","importId":1,"level":"WARN","message":"Linha 14588: Pontuação é 0 ou null","category":"PONTUACAO","context":{"rowNumber":14588,"points":0,"cnpj":"00003058000199","saleId":"3370988A","executiveName":"Pasquale Neto"}}
{"timestamp":"2026-03-10T22:41:28.022Z","importId":1,"level":"WARN","message":"Linha 14592: Pontuação é 0 ou null","category":"PONTUACAO","context":{"rowNumber":14592,"points":0,"cnpj":"22730853000111","saleId":"3369503A","executiveName":"Elza Lara"}}
{"timestamp":"2026-03-10T22:41:28.024Z","importId":1,"level":"WARN","message":"Linha 14593: Pontuação é 0 ou null","category":"PONTUACAO","context":{"rowNumber":14593,"points":0,"cnpj":"24227243000125","saleId":"3368567A","executiveName":"Ricardo Morais"}}
{"timestamp":"2026-03-10T22:41:28.026Z","importId":1,"level":"WARN","message":"Linha 14594: Pontuação é 0 ou null","category":"PONTUACAO","context":{"rowNumber":14594,"points":0,"cnpj":"24227243000125","saleId":"3368566A","executiveName":"Ricardo Morais"}}
{"timestamp":"2026-03-10T22:41:28.030Z","importId":1,"level":"WARN","message":"Linha 14595: Pontuação é 0 ou null","category":"PONTUACAO","context":{"rowNumber":14595,"points":0,"cnpj":"29716371000156","saleId":"3368561A","executiveName":"Ricardo Morais"}}
{"timestamp":"2026-03-10T22:41:28.031Z","importId":1,"level":"WARN","message":"Linha 14596: Pontuação é 0 ou null","category":"PONTUACAO","context":{"rowNumber":14596,"points":0,"cnpj":"29716371000156","saleId":"3368560A","executiveName":"Ricardo Morais"}}
{"timestamp":"2026-03-10T22:41:28.036Z","importId":1,"level":"WARN","message":"Linha 14597: Pontuação é 0 ou null","category":"PONTUACAO","context":{"rowNumber":14597,"points":0,"cnpj":"01156427000146","saleId":"3368559A","executiveName":"Karla Reis"}}
{"timestamp":"2026-03-10T22:41:28.038Z","importId":1,"level":"WARN","message":"Linha 14598: Pontuação é 0 ou null","category":"PONTUACAO","context":{"rowNumber":14598,"points":0,"cnpj":"26203213000104","saleId":"3368557A","executiveName":"Roberto Garbin"}}
{"timestamp":"2026-03-10T22:41:28.040Z","importId":1,"level":"WARN","message":"Linha 14599: Pontuação é 0 ou null","category":"PONTUACAO","context":{"rowNumber":14599,"points":0,"cnpj":"00003058000199","saleId":"3370990A","executiveName":"Pasquale Neto"}}
{"timestamp":"2026-03-10T22:41:28.534Z","importId":1,"level":"WARN","message":"Linha 14930: Pontuação é 0 ou null","category":"PONTUACAO","context":{"rowNumber":14930,"points":0,"cnpj":"19040387000138","saleId":"3365917A","executiveName":"Pasquale Neto"}}
{"timestamp":"2026-03-10T22:41:28.544Z","importId":1,"level":"WARN","message":"Linha 14934: Pontuação é 0 ou null","category":"PONTUACAO","context":{"rowNumber":14934,"points":0,"cnpj":"32351158000100","saleId":"3366094A","executiveName":"Roberto Garbin"}}
{"timestamp":"2026-03-10T22:41:28.547Z","importId":1,"level":"WARN","message":"Linha 14935: Pontuação é 0 ou null","category":"PONTUACAO","context":{"rowNumber":14935,"points":0,"cnpj":"32351158000100","saleId":"3366093A","executiveName":"Roberto Garbin"}}
{"timestamp":"2026-03-10T22:41:28.548Z","importId":1,"level":"WARN","message":"Linha 14936: Pontuação é 0 ou null","category":"PONTUACAO","context":{"rowNumber":14936,"points":0,"cnpj":"32351158000100","saleId":"3366092A","executiveName":"Roberto Garbin"}}
{"timestamp":"2026-03-10T22:41:28.552Z","importId":1,"level":"WARN","message":"Linha 14937: Pontuação é 0 ou null","category":"PONTUACAO","context":{"rowNumber":14937,"points":0,"cnpj":"32351158000100","saleId":"3366091A","executiveName":"Roberto Garbin"}}
{"timestamp":"2026-03-10T22:41:28.555Z","importId":1,"level":"WARN","message":"Linha 14939: Pontuação é 0 ou null","category":"PONTUACAO","context":{"rowNumber":14939,"points":0,"cnpj":"04457219000175","saleId":"3366089A","executiveName":"William Silva"}}
{"timestamp":"2026-03-10T22:41:28.558Z","importId":1,"level":"WARN","message":"Linha 14940: Pontuação é 0 ou null","category":"PONTUACAO","context":{"rowNumber":14940,"points":0,"cnpj":"57594053000367","saleId":"3366088A","executiveName":"Armando Soares"}}
{"timestamp":"2026-03-10T22:41:28.607Z","importId":1,"level":"WARN","message":"Linha 14973: Pontuação é 0 ou null","category":"PONTUACAO","context":{"rowNumber":14973,"points":0,"cnpj":"79379491000183","saleId":"3366127A","executiveName":"Marlon Wander"}}
{"timestamp":"2026-03-10T22:41:28.637Z","importId":1,"level":"WARN","message":"Linha 14993: Pontuação é 0 ou null","category":"PONTUACAO","context":{"rowNumber":14993,"points":0,"cnpj":"17583537000124","saleId":"3365992A","executiveName":"Maira Vallim"}}
{"timestamp":"2026-03-10T22:41:28.643Z","importId":1,"level":"WARN","message":"Linha 14995: Pontuação é 0 ou null","category":"PONTUACAO","context":{"rowNumber":14995,"points":0,"cnpj":"52521346000139","saleId":"3365986A","executiveName":"Claudia Dias"}}
{"timestamp":"2026-03-10T22:41:28.645Z","importId":1,"level":"WARN","message":"Linha 14996: Pontuação é 0 ou null","category":"PONTUACAO","context":{"rowNumber":14996,"points":0,"cnpj":"10876798000193","saleId":"3365985A","executiveName":"Gabriela Carvalho"}}
{"timestamp":"2026-03-10T22:41:28.653Z","importId":1,"level":"WARN","message":"Linha 15001: Pontuação é 0 ou null","category":"PONTUACAO","context":{"rowNumber":15001,"points":0,"cnpj":"15505790000487","saleId":"3365948A","executiveName":"Carlos Brito"}}
{"timestamp":"2026-03-10T22:41:28.655Z","importId":1,"level":"WARN","message":"Linha 15002: Pontuação é 0 ou null","category":"PONTUACAO","context":{"rowNumber":15002,"points":0,"cnpj":"31300477000116","saleId":"3365947A","executiveName":"Kelly Furno"}}
{"timestamp":"2026-03-10T22:41:28.658Z","importId":1,"level":"WARN","message":"Linha 15003: Pontuação é 0 ou null","category":"PONTUACAO","context":{"rowNumber":15003,"points":0,"cnpj":"31300477000116","saleId":"3365946A","executiveName":"Kelly Furno"}}
{"timestamp":"2026-03-10T22:41:28.691Z","importId":1,"level":"WARN","message":"Linha 15023: Pontuação é 0 ou null","category":"PONTUACAO","context":{"rowNumber":15023,"points":0,"cnpj":"16849620000130","saleId":"3365916A","executiveName":"Rafaela Soares"}}
{"timestamp":"2026-03-10T22:41:29.082Z","importId":1,"level":"WARN","message":"Linha 15286: Pontuação é 0 ou null","category":"PONTUACAO","context":{"rowNumber":15286,"points":0,"cnpj":"26203213000104","saleId":"3366680A","executiveName":"Roberto Garbin"}}
{"timestamp":"2026-03-10T22:41:29.084Z","importId":1,"level":"WARN","message":"Linha 15287: Pontuação é 0 ou null","category":"PONTUACAO","context":{"rowNumber":15287,"points":0,"cnpj":"26203213000104","saleId":"3366679A","executiveName":"Roberto Garbin"}}
{"timestamp":"2026-03-10T22:41:29.088Z","importId":1,"level":"WARN","message":"Linha 15288: Pontuação é 0 ou null","category":"PONTUACAO","context":{"rowNumber":15288,"points":0,"cnpj":"26203213000104","saleId":"3366678A","executiveName":"Roberto Garbin"}}
{"timestamp":"2026-03-10T22:41:29.090Z","importId":1,"level":"WARN","message":"Linha 15289: Pontuação é 0 ou null","category":"PONTUACAO","context":{"rowNumber":15289,"points":0,"cnpj":"26203213000104","saleId":"3366677A","executiveName":"Roberto Garbin"}}
{"timestamp":"2026-03-10T22:41:29.096Z","importId":1,"level":"WARN","message":"Linha 15292: Pontuação é 0 ou null","category":"PONTUACAO","context":{"rowNumber":15292,"points":0,"cnpj":"01567102000156","saleId":"3366667A","executiveName":"Cristiano Dafre"}}
{"timestamp":"2026-03-10T22:41:29.098Z","importId":1,"level":"WARN","message":"Linha 15293: Pontuação é 0 ou null","category":"PONTUACAO","context":{"rowNumber":15293,"points":0,"cnpj":"01567102000156","saleId":"3366666A","executiveName":"Cristiano Dafre"}}
{"timestamp":"2026-03-10T22:41:29.186Z","importId":1,"level":"WARN","message":"Linha 15351: Pontuação é 0 ou null","category":"PONTUACAO","context":{"rowNumber":15351,"points":0,"cnpj":"20496582000156","saleId":"3366681A","executiveName":"Miguel Jenotti"}}
{"timestamp":"2026-03-10T22:41:29.209Z","importId":1,"level":"WARN","message":"Linha 15365: Pontuação é 0 ou null","category":"PONTUACAO","context":{"rowNumber":15365,"points":0,"cnpj":"18096686000121","saleId":"3366682A","executiveName":"Pasquale Neto"}}
{"timestamp":"2026-03-10T22:41:29.213Z","importId":1,"level":"WARN","message":"Linha 15366: Pontuação é 0 ou null","category":"PONTUACAO","context":{"rowNumber":15366,"points":0,"cnpj":"18096686000121","saleId":"3366683A","executiveName":"Pasquale Neto"}}
{"timestamp":"2026-03-10T22:41:29.215Z","importId":1,"level":"WARN","message":"Linha 15367: Pontuação é 0 ou null","category":"PONTUACAO","context":{"rowNumber":15367,"points":0,"cnpj":"18096686000121","saleId":"3366684A","executiveName":"Pasquale Neto"}}
{"timestamp":"2026-03-10T22:41:29.340Z","importId":1,"level":"WARN","message":"Linha 15445: Pontuação é 0 ou null","category":"PONTUACAO","context":{"rowNumber":15445,"points":0,"cnpj":"18096686000121","saleId":"3366685A","executiveName":"Pasquale Neto"}}
{"timestamp":"2026-03-10T22:41:29.441Z","importId":1,"level":"WARN","message":"Linha 15505: Pontuação é 0 ou null","category":"PONTUACAO","context":{"rowNumber":15505,"points":0,"cnpj":"33183773000100","saleId":"3366358A","executiveName":"Elza Lara"}}
{"timestamp":"2026-03-10T22:41:29.446Z","importId":1,"level":"WARN","message":"Linha 15506: Pontuação é 0 ou null","category":"PONTUACAO","context":{"rowNumber":15506,"points":0,"cnpj":"02708513000187","saleId":"3366357A","executiveName":"Pasquale Neto"}}
{"timestamp":"2026-03-10T22:41:29.448Z","importId":1,"level":"WARN","message":"Linha 15507: Pontuação é 0 ou null","category":"PONTUACAO","context":{"rowNumber":15507,"points":0,"cnpj":"57594053000367","saleId":"3366356A","executiveName":"Armando Soares"}}
{"timestamp":"2026-03-10T22:41:29.540Z","importId":1,"level":"WARN","message":"Linha 15570: Pontuação é 0 ou null","category":"PONTUACAO","context":{"rowNumber":15570,"points":0,"cnpj":"06156503000137","saleId":"3366359A","executiveName":"Ricardo Bueno"}}
{"timestamp":"2026-03-10T22:41:29.560Z","importId":1,"level":"WARN","message":"Linha 15584: Pontuação é 0 ou null","category":"PONTUACAO","context":{"rowNumber":15584,"points":0,"cnpj":"06156503000137","saleId":"3366360A","executiveName":"Ricardo Bueno"}}
{"timestamp":"2026-03-10T22:41:29.608Z","importId":1,"level":"WARN","message":"Linha 15615: Pontuação é 0 ou null","category":"PONTUACAO","context":{"rowNumber":15615,"points":0,"cnpj":"15875000000102","saleId":"3366361A","executiveName":"Elza Lara"}}
{"timestamp":"2026-03-10T22:41:29.651Z","importId":1,"level":"WARN","message":"Linha 15642: Pontuação é 0 ou null","category":"PONTUACAO","context":{"rowNumber":15642,"points":0,"cnpj":"41369871000164","saleId":"3366387A","executiveName":"Marlon Wander"}}
{"timestamp":"2026-03-10T22:41:29.654Z","importId":1,"level":"WARN","message":"Linha 15643: Pontuação é 0 ou null","category":"PONTUACAO","context":{"rowNumber":15643,"points":0,"cnpj":"41369871000164","saleId":"3366386A","executiveName":"Marlon Wander"}}
{"timestamp":"2026-03-10T22:41:29.656Z","importId":1,"level":"WARN","message":"Linha 15644: Pontuação é 0 ou null","category":"PONTUACAO","context":{"rowNumber":15644,"points":0,"cnpj":"41369871000164","saleId":"3366385A","executiveName":"Marlon Wander"}}
{"timestamp":"2026-03-10T22:41:29.661Z","importId":1,"level":"WARN","message":"Linha 15645: Pontuação é 0 ou null","category":"PONTUACAO","context":{"rowNumber":15645,"points":0,"cnpj":"41369871000164","saleId":"3366384A","executiveName":"Marlon Wander"}}
{"timestamp":"2026-03-10T22:41:29.663Z","importId":1,"level":"WARN","message":"Linha 15646: Pontuação é 0 ou null","category":"PONTUACAO","context":{"rowNumber":15646,"points":0,"cnpj":"41369871000164","saleId":"3366383A","executiveName":"Marlon Wander"}}
{"timestamp":"2026-03-10T22:41:29.667Z","importId":1,"level":"WARN","message":"Linha 15647: Pontuação é 0 ou null","category":"PONTUACAO","context":{"rowNumber":15647,"points":0,"cnpj":"41369871000164","saleId":"3366382A","executiveName":"Marlon Wander"}}
{"timestamp":"2026-03-10T22:41:29.669Z","importId":1,"level":"WARN","message":"Linha 15648: Pontuação é 0 ou null","category":"PONTUACAO","context":{"rowNumber":15648,"points":0,"cnpj":"41369871000164","saleId":"3366381A","executiveName":"Marlon Wander"}}
{"timestamp":"2026-03-10T22:41:29.671Z","importId":1,"level":"WARN","message":"Linha 15649: Pontuação é 0 ou null","category":"PONTUACAO","context":{"rowNumber":15649,"points":0,"cnpj":"41369871000164","saleId":"3366380A","executiveName":"Marlon Wander"}}
{"timestamp":"2026-03-10T22:41:29.676Z","importId":1,"level":"WARN","message":"Linha 15651: Pontuação é 0 ou null","category":"PONTUACAO","context":{"rowNumber":15651,"points":0,"cnpj":"10218043000100","saleId":"3366377A","executiveName":"Andrea Cordovil"}}
{"timestamp":"2026-03-10T22:41:29.679Z","importId":1,"level":"WARN","message":"Linha 15653: Pontuação é 0 ou null","category":"PONTUACAO","context":{"rowNumber":15653,"points":0,"cnpj":"04033961000153","saleId":"3366363A","executiveName":"Elza Lara"}}
{"timestamp":"2026-03-10T22:41:29.692Z","importId":1,"level":"WARN","message":"Linha 15659: Pontuação é 0 ou null","category":"PONTUACAO","context":{"rowNumber":15659,"points":0,"cnpj":"32918570000151","saleId":"3366370A","executiveName":"Leonardo Ligabo"}}
{"timestamp":"2026-03-10T22:41:29.694Z","importId":1,"level":"WARN","message":"Linha 15660: Pontuação é 0 ou null","category":"PONTUACAO","context":{"rowNumber":15660,"points":0,"cnpj":"31534047000169","saleId":"3366369A","executiveName":"Elza Lara"}}
{"timestamp":"2026-03-10T22:41:29.696Z","importId":1,"level":"WARN","message":"Linha 15661: Pontuação é 0 ou null","category":"PONTUACAO","context":{"rowNumber":15661,"points":0,"cnpj":"26643347000146","saleId":"3366367A","executiveName":"Miguel Jenotti"}}
{"timestamp":"2026-03-10T22:41:29.698Z","importId":1,"level":"WARN","message":"Linha 15662: Pontuação é 0 ou null","category":"PONTUACAO","context":{"rowNumber":15662,"points":0,"cnpj":"22905992000139","saleId":"3366366A","executiveName":"Leonardo Ligabo"}}
{"timestamp":"2026-03-10T22:41:29.703Z","importId":1,"level":"WARN","message":"Linha 15665: Pontuação é 0 ou null","category":"PONTUACAO","context":{"rowNumber":15665,"points":0,"cnpj":"41369871000164","saleId":"3366388A","executiveName":"Marlon Wander"}}
{"timestamp":"2026-03-10T22:41:29.706Z","importId":1,"level":"WARN","message":"Linha 15666: Pontuação é 0 ou null","category":"PONTUACAO","context":{"rowNumber":15666,"points":0,"cnpj":"41369871000164","saleId":"3366389A","executiveName":"Marlon Wander"}}
{"timestamp":"2026-03-10T22:41:29.710Z","importId":1,"level":"WARN","message":"Linha 15668: Pontuação é 0 ou null","category":"PONTUACAO","context":{"rowNumber":15668,"points":0,"cnpj":"41369871000164","saleId":"3366391A","executiveName":"Marlon Wander"}}
{"timestamp":"2026-03-10T22:41:29.713Z","importId":1,"level":"WARN","message":"Linha 15670: Pontuação é 0 ou null","category":"PONTUACAO","context":{"rowNumber":15670,"points":0,"cnpj":"41369871000164","saleId":"3366390A","executiveName":"Marlon Wander"}}
{"timestamp":"2026-03-10T22:41:29.733Z","importId":1,"level":"WARN","message":"Linha 15682: Pontuação é 0 ou null","category":"PONTUACAO","context":{"rowNumber":15682,"points":0,"cnpj":"20736025000165","saleId":"3366402A","executiveName":"Maira Vallim"}}
{"timestamp":"2026-03-10T22:41:29.736Z","importId":1,"level":"WARN","message":"Linha 15683: Pontuação é 0 ou null","category":"PONTUACAO","context":{"rowNumber":15683,"points":0,"cnpj":"20736025000165","saleId":"3366403A","executiveName":"Maira Vallim"}}
{"timestamp":"2026-03-10T22:41:29.740Z","importId":1,"level":"WARN","message":"Linha 15684: Pontuação é 0 ou null","category":"PONTUACAO","context":{"rowNumber":15684,"points":0,"cnpj":"41369871000164","saleId":"3366394A","executiveName":"Marlon Wander"}}
{"timestamp":"2026-03-10T22:41:29.743Z","importId":1,"level":"WARN","message":"Linha 15685: Pontuação é 0 ou null","category":"PONTUACAO","context":{"rowNumber":15685,"points":0,"cnpj":"41369871000164","saleId":"3366395A","executiveName":"Marlon Wander"}}
{"timestamp":"2026-03-10T22:41:29.746Z","importId":1,"level":"WARN","message":"Linha 15686: Pontuação é 0 ou null","category":"PONTUACAO","context":{"rowNumber":15686,"points":0,"cnpj":"30537376000109","saleId":"3366396A","executiveName":"Pasquale Neto"}}
{"timestamp":"2026-03-10T22:41:29.748Z","importId":1,"level":"WARN","message":"Linha 15687: Pontuação é 0 ou null","category":"PONTUACAO","context":{"rowNumber":15687,"points":0,"cnpj":"43992872000196","saleId":"3366397A","executiveName":"Walter Junior"}}
{"timestamp":"2026-03-10T22:41:29.751Z","importId":1,"level":"WARN","message":"Linha 15688: Pontuação é 0 ou null","category":"PONTUACAO","context":{"rowNumber":15688,"points":0,"cnpj":"41369871000164","saleId":"3366393A","executiveName":"Marlon Wander"}}
{"timestamp":"2026-03-10T22:41:29.753Z","importId":1,"level":"WARN","message":"Linha 15689: Pontuação é 0 ou null","category":"PONTUACAO","context":{"rowNumber":15689,"points":0,"cnpj":"41369871000164","saleId":"3366392A","executiveName":"Marlon Wander"}}
{"timestamp":"2026-03-10T22:41:29.756Z","importId":1,"level":"WARN","message":"Linha 15690: Pontuação é 0 ou null","category":"PONTUACAO","context":{"rowNumber":15690,"points":0,"cnpj":"48512908000100","saleId":"3366398A","executiveName":"Ricardo Bueno"}}
{"timestamp":"2026-03-10T22:41:29.758Z","importId":1,"level":"WARN","message":"Linha 15691: Pontuação é 0 ou null","category":"PONTUACAO","context":{"rowNumber":15691,"points":0,"cnpj":"48512908000100","saleId":"3366399A","executiveName":"Ricardo Bueno"}}
{"timestamp":"2026-03-10T22:41:29.760Z","importId":1,"level":"WARN","message":"Linha 15692: Pontuação é 0 ou null","category":"PONTUACAO","context":{"rowNumber":15692,"points":0,"cnpj":"48512908000100","saleId":"3366400A","executiveName":"Ricardo Bueno"}}
{"timestamp":"2026-03-10T22:41:29.763Z","importId":1,"level":"WARN","message":"Linha 15693: Pontuação é 0 ou null","category":"PONTUACAO","context":{"rowNumber":15693,"points":0,"cnpj":"08808140000100","saleId":"3366401A","executiveName":"Leonardo Ligabo"}}
{"timestamp":"2026-03-10T22:41:30.062Z","importId":1,"level":"WARN","message":"Linha 15885: Pontuação é 0 ou null","category":"PONTUACAO","context":{"rowNumber":15885,"points":0,"cnpj":"10141007000187","saleId":"3369424T","executiveName":"Elza Lara"}}
{"timestamp":"2026-03-10T22:41:30.542Z","importId":1,"level":"WARN","message":"Linha 16222: Pontuação é 0 ou null","category":"PONTUACAO","context":{"rowNumber":16222,"points":0,"cnpj":"18587179000190","saleId":"3369685A","executiveName":"Gabriela Carvalho"}}
{"timestamp":"2026-03-10T22:41:30.545Z","importId":1,"level":"WARN","message":"Linha 16224: Pontuação é 0 ou null","category":"PONTUACAO","context":{"rowNumber":16224,"points":0,"cnpj":"18587179000190","saleId":"3369684A","executiveName":"Gabriela Carvalho"}}
{"timestamp":"2026-03-10T22:41:30.624Z","importId":1,"level":"WARN","message":"Linha 16279: Pontuação é 0 ou null","category":"PONTUACAO","context":{"rowNumber":16279,"points":0,"cnpj":"82524232000103","saleId":"3369573A","executiveName":"Cassia Shimabukuro"}}
{"timestamp":"2026-03-10T22:41:30.637Z","importId":1,"level":"WARN","message":"Linha 16287: Pontuação é 0 ou null","category":"PONTUACAO","context":{"rowNumber":16287,"points":0,"cnpj":"32143132000169","saleId":"3369563A","executiveName":"Pasquale Neto"}}
{"timestamp":"2026-03-10T22:41:30.640Z","importId":1,"level":"WARN","message":"Linha 16289: Pontuação é 0 ou null","category":"PONTUACAO","context":{"rowNumber":16289,"points":0,"cnpj":"11619894000119","saleId":"3369560A","executiveName":"Armando Soares"}}
{"timestamp":"2026-03-10T22:41:30.644Z","importId":1,"level":"WARN","message":"Linha 16290: Pontuação é 0 ou null","category":"PONTUACAO","context":{"rowNumber":16290,"points":0,"cnpj":"11619894000119","saleId":"3369559A","executiveName":"Armando Soares"}}
{"timestamp":"2026-03-10T22:41:30.646Z","importId":1,"level":"WARN","message":"Linha 16291: Pontuação é 0 ou null","category":"PONTUACAO","context":{"rowNumber":16291,"points":0,"cnpj":"31482185000141","saleId":"3369558A","executiveName":"Kelly Furno"}}
{"timestamp":"2026-03-10T22:41:30.647Z","importId":1,"level":"WARN","message":"Linha 16292: Pontuação é 0 ou null","category":"PONTUACAO","context":{"rowNumber":16292,"points":0,"cnpj":"31482185000141","saleId":"3369557A","executiveName":"Kelly Furno"}}
{"timestamp":"2026-03-10T22:41:30.651Z","importId":1,"level":"WARN","message":"Linha 16293: Pontuação é 0 ou null","category":"PONTUACAO","context":{"rowNumber":16293,"points":0,"cnpj":"31482185000141","saleId":"3369555A","executiveName":"Kelly Furno"}}
{"timestamp":"2026-03-10T22:41:30.654Z","importId":1,"level":"WARN","message":"Linha 16295: Pontuação é 0 ou null","category":"PONTUACAO","context":{"rowNumber":16295,"points":0,"cnpj":"31482185000141","saleId":"3369554A","executiveName":"Kelly Furno"}}
{"timestamp":"2026-03-10T22:41:30.939Z","importId":1,"level":"WARN","message":"Linha 16430: Pontuação é 0 ou null","category":"PONTUACAO","context":{"rowNumber":16430,"points":0,"cnpj":"64787883000104","saleId":"3370580A","executiveName":"Andrea Cordovil"}}
{"timestamp":"2026-03-10T22:41:30.942Z","importId":1,"level":"WARN","message":"Linha 16431: Pontuação é 0 ou null","category":"PONTUACAO","context":{"rowNumber":16431,"points":0,"cnpj":"50597337000104","saleId":"3370579A","executiveName":"Marlon Wander"}}
{"timestamp":"2026-03-10T22:41:30.944Z","importId":1,"level":"WARN","message":"Linha 16432: Pontuação é 0 ou null","category":"PONTUACAO","context":{"rowNumber":16432,"points":0,"cnpj":"50597337000104","saleId":"3370578A","executiveName":"Marlon Wander"}}
{"timestamp":"2026-03-10T22:41:30.947Z","importId":1,"level":"WARN","message":"Linha 16433: Pontuação é 0 ou null","category":"PONTUACAO","context":{"rowNumber":16433,"points":0,"cnpj":"50597337000104","saleId":"3370577A","executiveName":"Marlon Wander"}}
{"timestamp":"2026-03-10T22:41:30.949Z","importId":1,"level":"WARN","message":"Linha 16434: Pontuação é 0 ou null","category":"PONTUACAO","context":{"rowNumber":16434,"points":0,"cnpj":"47253271000112","saleId":"3370576A","executiveName":"Clarissa Cavalheiro"}}
{"timestamp":"2026-03-10T22:41:30.952Z","importId":1,"level":"WARN","message":"Linha 16435: Pontuação é 0 ou null","category":"PONTUACAO","context":{"rowNumber":16435,"points":0,"cnpj":"11653207000181","saleId":"3370570A","executiveName":"Karla Reis"}}
{"timestamp":"2026-03-10T22:41:30.958Z","importId":1,"level":"WARN","message":"Linha 16438: Pontuação é 0 ou null","category":"PONTUACAO","context":{"rowNumber":16438,"points":0,"cnpj":"30607677000153","saleId":"3370567A","executiveName":"Rafaela Soares"}}
{"timestamp":"2026-03-10T22:41:30.960Z","importId":1,"level":"WARN","message":"Linha 16439: Pontuação é 0 ou null","category":"PONTUACAO","context":{"rowNumber":16439,"points":0,"cnpj":"26384999000103","saleId":"3370566A","executiveName":"Ricardo Morais"}}
{"timestamp":"2026-03-10T22:41:30.962Z","importId":1,"level":"WARN","message":"Linha 16440: Pontuação é 0 ou null","category":"PONTUACAO","context":{"rowNumber":16440,"points":0,"cnpj":"26384999000103","saleId":"3370565A","executiveName":"Ricardo Morais"}}
{"timestamp":"2026-03-10T22:41:30.964Z","importId":1,"level":"WARN","message":"Linha 16441: Pontuação é 0 ou null","category":"PONTUACAO","context":{"rowNumber":16441,"points":0,"cnpj":"26384999000103","saleId":"3370564A","executiveName":"Ricardo Morais"}}
{"timestamp":"2026-03-10T22:41:30.967Z","importId":1,"level":"WARN","message":"Linha 16442: Pontuação é 0 ou null","category":"PONTUACAO","context":{"rowNumber":16442,"points":0,"cnpj":"26384999000103","saleId":"3370563A","executiveName":"Ricardo Morais"}}
{"timestamp":"2026-03-10T22:41:30.969Z","importId":1,"level":"WARN","message":"Linha 16443: Pontuação é 0 ou null","category":"PONTUACAO","context":{"rowNumber":16443,"points":0,"cnpj":"26384999000103","saleId":"3370562A","executiveName":"Ricardo Morais"}}
{"timestamp":"2026-03-10T22:41:30.971Z","importId":1,"level":"WARN","message":"Linha 16444: Pontuação é 0 ou null","category":"PONTUACAO","context":{"rowNumber":16444,"points":0,"cnpj":"26384999000103","saleId":"3370561A","executiveName":"Ricardo Morais"}}
{"timestamp":"2026-03-10T22:41:30.976Z","importId":1,"level":"WARN","message":"Linha 16445: Pontuação é 0 ou null","category":"PONTUACAO","context":{"rowNumber":16445,"points":0,"cnpj":"03627804000103","saleId":"3370560A","executiveName":"Elzo Nogueira"}}
{"timestamp":"2026-03-10T22:41:30.978Z","importId":1,"level":"WARN","message":"Linha 16446: Pontuação é 0 ou null","category":"PONTUACAO","context":{"rowNumber":16446,"points":0,"cnpj":"03627804000103","saleId":"3370559A","executiveName":"Elzo Nogueira"}}
{"timestamp":"2026-03-10T22:41:30.983Z","importId":1,"level":"WARN","message":"Linha 16447: Pontuação é 0 ou null","category":"PONTUACAO","context":{"rowNumber":16447,"points":0,"cnpj":"01004367000146","saleId":"3370556A","executiveName":"Marlon Wander"}}
{"timestamp":"2026-03-10T22:41:30.985Z","importId":1,"level":"WARN","message":"Linha 16448: Pontuação é 0 ou null","category":"PONTUACAO","context":{"rowNumber":16448,"points":0,"cnpj":"07709889000120","saleId":"3370555A","executiveName":"Carlos Brito"}}
{"timestamp":"2026-03-10T22:41:30.987Z","importId":1,"level":"WARN","message":"Linha 16449: Pontuação é 0 ou null","category":"PONTUACAO","context":{"rowNumber":16449,"points":0,"cnpj":"07709889000120","saleId":"3370554A","executiveName":"Carlos Brito"}}
{"timestamp":"2026-03-10T22:41:30.989Z","importId":1,"level":"WARN","message":"Linha 16450: Pontuação é 0 ou null","category":"PONTUACAO","context":{"rowNumber":16450,"points":0,"cnpj":"07709889000120","saleId":"3370553A","executiveName":"Carlos Brito"}}
{"timestamp":"2026-03-10T22:41:30.993Z","importId":1,"level":"WARN","message":"Linha 16451: Pontuação é 0 ou null","category":"PONTUACAO","context":{"rowNumber":16451,"points":0,"cnpj":"64787883000104","saleId":"3370581A","executiveName":"Andrea Cordovil"}}
{"timestamp":"2026-03-10T22:41:30.995Z","importId":1,"level":"WARN","message":"Linha 16452: Pontuação é 0 ou null","category":"PONTUACAO","context":{"rowNumber":16452,"points":0,"cnpj":"32734735000135","saleId":"3370582A","executiveName":"Cristiano Dafre"}}
{"timestamp":"2026-03-10T22:41:30.996Z","importId":1,"level":"WARN","message":"Linha 16453: Pontuação é 0 ou null","category":"PONTUACAO","context":{"rowNumber":16453,"points":0,"cnpj":"32734735000135","saleId":"3370583A","executiveName":"Cristiano Dafre"}}
{"timestamp":"2026-03-10T22:41:31.000Z","importId":1,"level":"WARN","message":"Linha 16454: Pontuação é 0 ou null","category":"PONTUACAO","context":{"rowNumber":16454,"points":0,"cnpj":"32734735000135","saleId":"3370584A","executiveName":"Cristiano Dafre"}}
{"timestamp":"2026-03-10T22:41:31.005Z","importId":1,"level":"WARN","message":"Linha 16455: Pontuação é 0 ou null","category":"PONTUACAO","context":{"rowNumber":16455,"points":0,"cnpj":"26203213000104","saleId":"3370608A","executiveName":"Roberto Garbin"}}
{"timestamp":"2026-03-10T22:41:31.007Z","importId":1,"level":"WARN","message":"Linha 16456: Pontuação é 0 ou null","category":"PONTUACAO","context":{"rowNumber":16456,"points":0,"cnpj":"26203213000104","saleId":"3370607A","executiveName":"Roberto Garbin"}}
{"timestamp":"2026-03-10T22:41:31.009Z","importId":1,"level":"WARN","message":"Linha 16457: Pontuação é 0 ou null","category":"PONTUACAO","context":{"rowNumber":16457,"points":0,"cnpj":"19879239000101","saleId":"3370604A","executiveName":"Grasiele Nascimento"}}
{"timestamp":"2026-03-10T22:41:31.015Z","importId":1,"level":"WARN","message":"Linha 16460: Pontuação é 0 ou null","category":"PONTUACAO","context":{"rowNumber":16460,"points":0,"cnpj":"74557760000130","saleId":"3370601A","executiveName":"Claudia Dias"}}
{"timestamp":"2026-03-10T22:41:31.018Z","importId":1,"level":"WARN","message":"Linha 16461: Pontuação é 0 ou null","category":"PONTUACAO","context":{"rowNumber":16461,"points":0,"cnpj":"74557760000130","saleId":"3370600A","executiveName":"Claudia Dias"}}
{"timestamp":"2026-03-10T22:41:31.022Z","importId":1,"level":"WARN","message":"Linha 16463: Pontuação é 0 ou null","category":"PONTUACAO","context":{"rowNumber":16463,"points":0,"cnpj":"03531680000168","saleId":"3370598A","executiveName":"Rafaela Soares"}}
{"timestamp":"2026-03-10T22:41:31.025Z","importId":1,"level":"WARN","message":"Linha 16464: Pontuação é 0 ou null","category":"PONTUACAO","context":{"rowNumber":16464,"points":0,"cnpj":"00606729000106","saleId":"3370597A","executiveName":"Miguel Jenotti"}}
{"timestamp":"2026-03-10T22:41:31.029Z","importId":1,"level":"WARN","message":"Linha 16465: Pontuação é 0 ou null","category":"PONTUACAO","context":{"rowNumber":16465,"points":0,"cnpj":"07709889000120","saleId":"3370552A","executiveName":"Carlos Brito"}}
{"timestamp":"2026-03-10T22:41:31.031Z","importId":1,"level":"WARN","message":"Linha 16466: Pontuação é 0 ou null","category":"PONTUACAO","context":{"rowNumber":16466,"points":0,"cnpj":"58451394000184","saleId":"3370596A","executiveName":"Promotor Interno"}}
{"timestamp":"2026-03-10T22:41:31.034Z","importId":1,"level":"WARN","message":"Linha 16467: Pontuação é 0 ou null","category":"PONTUACAO","context":{"rowNumber":16467,"points":0,"cnpj":"03022734000160","saleId":"3370594A","executiveName":"Ricardo Morais"}}
{"timestamp":"2026-03-10T22:41:31.036Z","importId":1,"level":"WARN","message":"Linha 16468: Pontuação é 0 ou null","category":"PONTUACAO","context":{"rowNumber":16468,"points":0,"cnpj":"03022734000160","saleId":"3370593A","executiveName":"Ricardo Morais"}}
{"timestamp":"2026-03-10T22:41:31.041Z","importId":1,"level":"WARN","message":"Linha 16470: Pontuação é 0 ou null","category":"PONTUACAO","context":{"rowNumber":16470,"points":0,"cnpj":"57954299000130","saleId":"3370591A","executiveName":"Ricardo Bueno"}}
{"timestamp":"2026-03-10T22:41:31.042Z","importId":1,"level":"WARN","message":"Linha 16471: Pontuação é 0 ou null","category":"PONTUACAO","context":{"rowNumber":16471,"points":0,"cnpj":"57954299000130","saleId":"3370590A","executiveName":"Ricardo Bueno"}}
{"timestamp":"2026-03-10T22:41:31.044Z","importId":1,"level":"WARN","message":"Linha 16472: Pontuação é 0 ou null","category":"PONTUACAO","context":{"rowNumber":16472,"points":0,"cnpj":"57954299000130","saleId":"3370589A","executiveName":"Ricardo Bueno"}}
{"timestamp":"2026-03-10T22:41:31.048Z","importId":1,"level":"WARN","message":"Linha 16474: Pontuação é 0 ou null","category":"PONTUACAO","context":{"rowNumber":16474,"points":0,"cnpj":"79379491000183","saleId":"3370587A","executiveName":"Marlon Wander"}}
{"timestamp":"2026-03-10T22:41:31.053Z","importId":1,"level":"WARN","message":"Linha 16476: Pontuação é 0 ou null","category":"PONTUACAO","context":{"rowNumber":16476,"points":0,"cnpj":"32734735000135","saleId":"3370585A","executiveName":"Cristiano Dafre"}}
{"timestamp":"2026-03-10T22:41:31.056Z","importId":1,"level":"WARN","message":"Linha 16478: Pontuação é 0 ou null","category":"PONTUACAO","context":{"rowNumber":16478,"points":0,"cnpj":"07709889000120","saleId":"3370551A","executiveName":"Carlos Brito"}}
{"timestamp":"2026-03-10T22:41:31.058Z","importId":1,"level":"WARN","message":"Linha 16479: Pontuação é 0 ou null","category":"PONTUACAO","context":{"rowNumber":16479,"points":0,"cnpj":"07709889000120","saleId":"3370550A","executiveName":"Carlos Brito"}}
{"timestamp":"2026-03-10T22:41:31.062Z","importId":1,"level":"WARN","message":"Linha 16480: Pontuação é 0 ou null","category":"PONTUACAO","context":{"rowNumber":16480,"points":0,"cnpj":"07709889000120","saleId":"3370549A","executiveName":"Carlos Brito"}}
{"timestamp":"2026-03-10T22:41:31.099Z","importId":1,"level":"WARN","message":"Linha 16504: Pontuação é 0 ou null","category":"PONTUACAO","context":{"rowNumber":16504,"points":0,"cnpj":"26203213000104","saleId":"3370609A","executiveName":"Roberto Garbin"}}
{"timestamp":"2026-03-10T22:41:31.108Z","importId":1,"level":"WARN","message":"Linha 16507: Pontuação é 0 ou null","category":"PONTUACAO","context":{"rowNumber":16507,"points":0,"cnpj":"53699400000101","saleId":"3370544A","executiveName":"Ricardo Morais"}}
{"timestamp":"2026-03-10T22:41:31.143Z","importId":1,"level":"WARN","message":"Linha 16530: Pontuação é 0 ou null","category":"PONTUACAO","context":{"rowNumber":16530,"points":0,"cnpj":"27588973000140","saleId":"3370610A","executiveName":"Marlon Wander"}}
{"timestamp":"2026-03-10T22:41:31.145Z","importId":1,"level":"WARN","message":"Linha 16531: Pontuação é 0 ou null","category":"PONTUACAO","context":{"rowNumber":16531,"points":0,"cnpj":"27588973000140","saleId":"3370611A","executiveName":"Marlon Wander"}}
{"timestamp":"2026-03-10T22:41:31.155Z","importId":1,"level":"WARN","message":"Linha 16536: Pontuação é 0 ou null","category":"PONTUACAO","context":{"rowNumber":16536,"points":0,"cnpj":"18587179000190","saleId":"3371047A","executiveName":"Gabriela Carvalho"}}
{"timestamp":"2026-03-10T22:41:31.156Z","importId":1,"level":"WARN","message":"Linha 16537: Pontuação é 0 ou null","category":"PONTUACAO","context":{"rowNumber":16537,"points":0,"cnpj":"18587179000190","saleId":"3371046A","executiveName":"Gabriela Carvalho"}}
{"timestamp":"2026-03-10T22:41:31.159Z","importId":1,"level":"WARN","message":"Linha 16538: Pontuação é 0 ou null","category":"PONTUACAO","context":{"rowNumber":16538,"points":0,"cnpj":"39540487000130","saleId":"3371028A","executiveName":"Claudia Dias"}}
{"timestamp":"2026-03-10T22:41:31.161Z","importId":1,"level":"WARN","message":"Linha 16539: Pontuação é 0 ou null","category":"PONTUACAO","context":{"rowNumber":16539,"points":0,"cnpj":"39540487000130","saleId":"3371027A","executiveName":"Claudia Dias"}}
{"timestamp":"2026-03-10T22:41:31.164Z","importId":1,"level":"WARN","message":"Linha 16540: Pontuação é 0 ou null","category":"PONTUACAO","context":{"rowNumber":16540,"points":0,"cnpj":"50490622000113","saleId":"3371017A","executiveName":"Carlos Barbassa"}}
{"timestamp":"2026-03-10T22:41:31.166Z","importId":1,"level":"WARN","message":"Linha 16541: Pontuação é 0 ou null","category":"PONTUACAO","context":{"rowNumber":16541,"points":0,"cnpj":"50490622000113","saleId":"3371016A","executiveName":"Carlos Barbassa"}}
{"timestamp":"2026-03-10T22:41:31.168Z","importId":1,"level":"WARN","message":"Linha 16542: Pontuação é 0 ou null","category":"PONTUACAO","context":{"rowNumber":16542,"points":0,"cnpj":"50490622000113","saleId":"3371015A","executiveName":"Carlos Barbassa"}}
{"timestamp":"2026-03-10T22:41:31.171Z","importId":1,"level":"WARN","message":"Linha 16544: Pontuação é 0 ou null","category":"PONTUACAO","context":{"rowNumber":16544,"points":0,"cnpj":"05434739000125","saleId":"3371007A","executiveName":"Cristiano Dafre"}}
{"timestamp":"2026-03-10T22:41:31.173Z","importId":1,"level":"WARN","message":"Linha 16545: Pontuação é 0 ou null","category":"PONTUACAO","context":{"rowNumber":16545,"points":0,"cnpj":"05434739000125","saleId":"3371005A","executiveName":"Cristiano Dafre"}}
{"timestamp":"2026-03-10T22:41:31.189Z","importId":1,"level":"WARN","message":"Linha 16555: Pontuação é 0 ou null","category":"PONTUACAO","context":{"rowNumber":16555,"points":0,"cnpj":"05434739000125","saleId":"3371006A","executiveName":"Cristiano Dafre"}}
{"timestamp":"2026-03-10T22:41:31.196Z","importId":1,"level":"WARN","message":"Linha 16559: Pontuação é 0 ou null","category":"PONTUACAO","context":{"rowNumber":16559,"points":0,"cnpj":"31482185000141","saleId":"3369553A","executiveName":"Kelly Furno"}}
{"timestamp":"2026-03-10T22:41:31.197Z","importId":1,"level":"WARN","message":"Linha 16560: Pontuação é 0 ou null","category":"PONTUACAO","context":{"rowNumber":16560,"points":0,"cnpj":"13354215000152","saleId":"3371875A","executiveName":"Cristiano Dafre"}}
{"timestamp":"2026-03-10T22:41:31.199Z","importId":1,"level":"WARN","message":"Linha 16561: Pontuação é 0 ou null","category":"PONTUACAO","context":{"rowNumber":16561,"points":0,"cnpj":"50490622000113","saleId":"3371874A","executiveName":"Carlos Barbassa"}}
{"timestamp":"2026-03-10T22:41:31.202Z","importId":1,"level":"WARN","message":"Linha 16562: Pontuação é 0 ou null","category":"PONTUACAO","context":{"rowNumber":16562,"points":0,"cnpj":"50490622000113","saleId":"3371873A","executiveName":"Carlos Barbassa"}}
{"timestamp":"2026-03-10T22:41:31.204Z","importId":1,"level":"WARN","message":"Linha 16563: Pontuação é 0 ou null","category":"PONTUACAO","context":{"rowNumber":16563,"points":0,"cnpj":"50490622000113","saleId":"3371872A","executiveName":"Carlos Barbassa"}}
{"timestamp":"2026-03-10T22:41:31.205Z","importId":1,"level":"WARN","message":"Linha 16564: Pontuação é 0 ou null","category":"PONTUACAO","context":{"rowNumber":16564,"points":0,"cnpj":"09297826000139","saleId":"3371544A","executiveName":"Elza Lara"}}
{"timestamp":"2026-03-10T22:41:31.209Z","importId":1,"level":"WARN","message":"Linha 16565: Pontuação é 0 ou null","category":"PONTUACAO","context":{"rowNumber":16565,"points":0,"cnpj":"09297826000139","saleId":"3371543A","executiveName":"Elza Lara"}}
{"timestamp":"2026-03-10T22:41:31.210Z","importId":1,"level":"WARN","message":"Linha 16566: Pontuação é 0 ou null","category":"PONTUACAO","context":{"rowNumber":16566,"points":0,"cnpj":"09297826000139","saleId":"3371542A","executiveName":"Elza Lara"}}
{"timestamp":"2026-03-10T22:41:31.213Z","importId":1,"level":"WARN","message":"Linha 16567: Pontuação é 0 ou null","category":"PONTUACAO","context":{"rowNumber":16567,"points":0,"cnpj":"59198887000117","saleId":"3371541A","executiveName":"Ricardo Morais"}}
{"timestamp":"2026-03-10T22:41:31.215Z","importId":1,"level":"WARN","message":"Linha 16568: Pontuação é 0 ou null","category":"PONTUACAO","context":{"rowNumber":16568,"points":0,"cnpj":"59198887000117","saleId":"3371540A","executiveName":"Ricardo Morais"}}
{"timestamp":"2026-03-10T22:41:31.217Z","importId":1,"level":"WARN","message":"Linha 16570: Pontuação é 0 ou null","category":"PONTUACAO","context":{"rowNumber":16570,"points":0,"cnpj":"28551518000132","saleId":"3371539A","executiveName":"Karla Reis"}}
{"timestamp":"2026-03-10T22:41:31.220Z","importId":1,"level":"WARN","message":"Linha 16571: Pontuação é 0 ou null","category":"PONTUACAO","context":{"rowNumber":16571,"points":0,"cnpj":"24869123000121","saleId":"3371524A","executiveName":"Elza Lara"}}
{"timestamp":"2026-03-10T22:41:31.222Z","importId":1,"level":"WARN","message":"Linha 16572: Pontuação é 0 ou null","category":"PONTUACAO","context":{"rowNumber":16572,"points":0,"cnpj":"26489196000113","saleId":"3371523A","executiveName":"Ricardo Bueno"}}
{"timestamp":"2026-03-10T22:41:31.224Z","importId":1,"level":"WARN","message":"Linha 16573: Pontuação é 0 ou null","category":"PONTUACAO","context":{"rowNumber":16573,"points":0,"cnpj":"82524232000103","saleId":"3371522A","executiveName":"Cassia Shimabukuro"}}
{"timestamp":"2026-03-10T22:41:31.226Z","importId":1,"level":"WARN","message":"Linha 16574: Pontuação é 0 ou null","category":"PONTUACAO","context":{"rowNumber":16574,"points":0,"cnpj":"07389466000170","saleId":"3371521A","executiveName":"Armando Soares"}}
{"timestamp":"2026-03-10T22:41:31.230Z","importId":1,"level":"WARN","message":"Linha 16575: Pontuação é 0 ou null","category":"PONTUACAO","context":{"rowNumber":16575,"points":0,"cnpj":"07389466000170","saleId":"3371520A","executiveName":"Armando Soares"}}
{"timestamp":"2026-03-10T22:41:31.231Z","importId":1,"level":"WARN","message":"Linha 16576: Pontuação é 0 ou null","category":"PONTUACAO","context":{"rowNumber":16576,"points":0,"cnpj":"07389466000170","saleId":"3371519A","executiveName":"Armando Soares"}}
{"timestamp":"2026-03-10T22:41:31.239Z","importId":1,"level":"WARN","message":"Linha 16581: Pontuação é 0 ou null","category":"PONTUACAO","context":{"rowNumber":16581,"points":0,"cnpj":"28551518000132","saleId":"3371525A","executiveName":"Karla Reis"}}
{"timestamp":"2026-03-10T22:41:31.243Z","importId":1,"level":"WARN","message":"Linha 16583: Pontuação é 0 ou null","category":"PONTUACAO","context":{"rowNumber":16583,"points":0,"cnpj":"30607677000153","saleId":"3370739A","executiveName":"Rafaela Soares"}}
{"timestamp":"2026-03-10T22:41:31.245Z","importId":1,"level":"WARN","message":"Linha 16584: Pontuação é 0 ou null","category":"PONTUACAO","context":{"rowNumber":16584,"points":0,"cnpj":"30537376000109","saleId":"3370736A","executiveName":"Pasquale Neto"}}
{"timestamp":"2026-03-10T22:41:31.253Z","importId":1,"level":"WARN","message":"Linha 16588: Pontuação é 0 ou null","category":"PONTUACAO","context":{"rowNumber":16588,"points":0,"cnpj":"20968396000172","saleId":"3370631A","executiveName":"Luana Fagundes"}}
{"timestamp":"2026-03-10T22:41:31.258Z","importId":1,"level":"WARN","message":"Linha 16589: Pontuação é 0 ou null","category":"PONTUACAO","context":{"rowNumber":16589,"points":0,"cnpj":"20968396000172","saleId":"3370630A","executiveName":"Luana Fagundes"}}
{"timestamp":"2026-03-10T22:41:31.260Z","importId":1,"level":"WARN","message":"Linha 16591: Pontuação é 0 ou null","category":"PONTUACAO","context":{"rowNumber":16591,"points":0,"cnpj":"32351158000100","saleId":"3370628A","executiveName":"Roberto Garbin"}}
{"timestamp":"2026-03-10T22:41:31.265Z","importId":1,"level":"WARN","message":"Linha 16592: Pontuação é 0 ou null","category":"PONTUACAO","context":{"rowNumber":16592,"points":0,"cnpj":"32351158000100","saleId":"3370627A","executiveName":"Roberto Garbin"}}
{"timestamp":"2026-03-10T22:41:31.267Z","importId":1,"level":"WARN","message":"Linha 16593: Pontuação é 0 ou null","category":"PONTUACAO","context":{"rowNumber":16593,"points":0,"cnpj":"32351158000100","saleId":"3370626A","executiveName":"Roberto Garbin"}}
{"timestamp":"2026-03-10T22:41:31.268Z","importId":1,"level":"WARN","message":"Linha 16594: Pontuação é 0 ou null","category":"PONTUACAO","context":{"rowNumber":16594,"points":0,"cnpj":"32351158000100","saleId":"3370625A","executiveName":"Roberto Garbin"}}
{"timestamp":"2026-03-10T22:41:31.273Z","importId":1,"level":"WARN","message":"Linha 16596: Pontuação é 0 ou null","category":"PONTUACAO","context":{"rowNumber":16596,"points":0,"cnpj":"32734735000135","saleId":"3370624A","executiveName":"Cristiano Dafre"}}
{"timestamp":"2026-03-10T22:41:31.279Z","importId":1,"level":"WARN","message":"Linha 16599: Pontuação é 0 ou null","category":"PONTUACAO","context":{"rowNumber":16599,"points":0,"cnpj":"15505790000487","saleId":"3370620A","executiveName":"Carlos Brito"}}
{"timestamp":"2026-03-10T22:41:31.282Z","importId":1,"level":"WARN","message":"Linha 16600: Pontuação é 0 ou null","category":"PONTUACAO","context":{"rowNumber":16600,"points":0,"cnpj":"31696755000104","saleId":"3370619A","executiveName":"Pasquale Neto"}}
{"timestamp":"2026-03-10T22:41:31.283Z","importId":1,"level":"WARN","message":"Linha 16601: Pontuação é 0 ou null","category":"PONTUACAO","context":{"rowNumber":16601,"points":0,"cnpj":"31696755000104","saleId":"3370618A","executiveName":"Pasquale Neto"}}
{"timestamp":"2026-03-10T22:41:31.286Z","importId":1,"level":"WARN","message":"Linha 16602: Pontuação é 0 ou null","category":"PONTUACAO","context":{"rowNumber":16602,"points":0,"cnpj":"31125793000107","saleId":"3370617A","executiveName":"Miguel Jenotti"}}
{"timestamp":"2026-03-10T22:41:31.288Z","importId":1,"level":"WARN","message":"Linha 16603: Pontuação é 0 ou null","category":"PONTUACAO","context":{"rowNumber":16603,"points":0,"cnpj":"25965750000129","saleId":"3370616A","executiveName":"Marlon Wander"}}
{"timestamp":"2026-03-10T22:41:31.290Z","importId":1,"level":"WARN","message":"Linha 16604: Pontuação é 0 ou null","category":"PONTUACAO","context":{"rowNumber":16604,"points":0,"cnpj":"25965750000129","saleId":"3370615A","executiveName":"Marlon Wander"}}
{"timestamp":"2026-03-10T22:41:31.296Z","importId":1,"level":"WARN","message":"Linha 16607: Pontuação é 0 ou null","category":"PONTUACAO","context":{"rowNumber":16607,"points":0,"cnpj":"15505790000487","saleId":"3370623A","executiveName":"Carlos Brito"}}
{"timestamp":"2026-03-10T22:41:31.299Z","importId":1,"level":"WARN","message":"Linha 16608: Pontuação é 0 ou null","category":"PONTUACAO","context":{"rowNumber":16608,"points":0,"cnpj":"30537376000109","saleId":"3370737A","executiveName":"Pasquale Neto"}}
{"timestamp":"2026-03-10T22:41:31.301Z","importId":1,"level":"WARN","message":"Linha 16609: Pontuação é 0 ou null","category":"PONTUACAO","context":{"rowNumber":16609,"points":0,"cnpj":"44265561000198","saleId":"3370636A","executiveName":"Pasquale Neto"}}
{"timestamp":"2026-03-10T22:41:31.305Z","importId":1,"level":"WARN","message":"Linha 16611: Pontuação é 0 ou null","category":"PONTUACAO","context":{"rowNumber":16611,"points":0,"cnpj":"14276237000104","saleId":"3370726A","executiveName":"Claudia Dias"}}
{"timestamp":"2026-03-10T22:41:31.308Z","importId":1,"level":"WARN","message":"Linha 16612: Pontuação é 0 ou null","category":"PONTUACAO","context":{"rowNumber":16612,"points":0,"cnpj":"14276237000104","saleId":"3370725A","executiveName":"Claudia Dias"}}
{"timestamp":"2026-03-10T22:41:31.310Z","importId":1,"level":"WARN","message":"Linha 16613: Pontuação é 0 ou null","category":"PONTUACAO","context":{"rowNumber":16613,"points":0,"cnpj":"15558804000188","saleId":"3370724A","executiveName":"Leonardo Ligabo"}}
{"timestamp":"2026-03-10T22:41:31.317Z","importId":1,"level":"WARN","message":"Linha 16617: Pontuação é 0 ou null","category":"PONTUACAO","context":{"rowNumber":16617,"points":0,"cnpj":"07304097000175","saleId":"3370654A","executiveName":"Miguel Jenotti"}}
{"timestamp":"2026-03-10T22:41:31.319Z","importId":1,"level":"WARN","message":"Linha 16618: Pontuação é 0 ou null","category":"PONTUACAO","context":{"rowNumber":16618,"points":0,"cnpj":"07304097000175","saleId":"3370653A","executiveName":"Miguel Jenotti"}}
{"timestamp":"2026-03-10T22:41:31.323Z","importId":1,"level":"WARN","message":"Linha 16621: Pontuação é 0 ou null","category":"PONTUACAO","context":{"rowNumber":16621,"points":0,"cnpj":"44265561000198","saleId":"3370637A","executiveName":"Pasquale Neto"}}
{"timestamp":"2026-03-10T22:41:31.331Z","importId":1,"level":"WARN","message":"Linha 16625: Pontuação é 0 ou null","category":"PONTUACAO","context":{"rowNumber":16625,"points":0,"cnpj":"54072157000151","saleId":"3370646A","executiveName":"Karla Reis"}}
{"timestamp":"2026-03-10T22:41:31.338Z","importId":1,"level":"WARN","message":"Linha 16629: Pontuação é 0 ou null","category":"PONTUACAO","context":{"rowNumber":16629,"points":0,"cnpj":"45549007000103","saleId":"3370642A","executiveName":"Elza Lara"}}
{"timestamp":"2026-03-10T22:41:31.343Z","importId":1,"level":"WARN","message":"Linha 16632: Pontuação é 0 ou null","category":"PONTUACAO","context":{"rowNumber":16632,"points":0,"cnpj":"44247693000197","saleId":"3370639A","executiveName":"Cristiano Dafre"}}
{"timestamp":"2026-03-10T22:41:31.346Z","importId":1,"level":"WARN","message":"Linha 16633: Pontuação é 0 ou null","category":"PONTUACAO","context":{"rowNumber":16633,"points":0,"cnpj":"55897421000159","saleId":"3370649A","executiveName":"Carlos Barbassa"}}
{"timestamp":"2026-03-10T22:41:31.657Z","importId":1,"level":"WARN","message":"Linha 16842: Pontuação é 0 ou null","category":"PONTUACAO","context":{"rowNumber":16842,"points":0,"cnpj":"07010912000193","saleId":"3369552A","executiveName":"Claudia Dias"}}
{"timestamp":"2026-03-10T22:41:31.659Z","importId":1,"level":"WARN","message":"Linha 16843: Pontuação é 0 ou null","category":"PONTUACAO","context":{"rowNumber":16843,"points":0,"cnpj":"31482185000141","saleId":"3369556A","executiveName":"Kelly Furno"}}
{"timestamp":"2026-03-10T22:41:31.689Z","importId":1,"level":"WARN","message":"Linha 16861: Pontuação é 0 ou null","category":"PONTUACAO","context":{"rowNumber":16861,"points":0,"cnpj":"12890366000162","saleId":"3368528A","executiveName":"Carlos Barbassa"}}
{"timestamp":"2026-03-10T22:41:31.691Z","importId":1,"level":"WARN","message":"Linha 16862: Pontuação é 0 ou null","category":"PONTUACAO","context":{"rowNumber":16862,"points":0,"cnpj":"12890366000162","saleId":"3368527A","executiveName":"Carlos Barbassa"}}
{"timestamp":"2026-03-10T22:41:31.694Z","importId":1,"level":"WARN","message":"Linha 16863: Pontuação é 0 ou null","category":"PONTUACAO","context":{"rowNumber":16863,"points":0,"cnpj":"12890366000162","saleId":"3368526A","executiveName":"Carlos Barbassa"}}
{"timestamp":"2026-03-10T22:41:31.696Z","importId":1,"level":"WARN","message":"Linha 16864: Pontuação é 0 ou null","category":"PONTUACAO","context":{"rowNumber":16864,"points":0,"cnpj":"12890366000162","saleId":"3368525A","executiveName":"Carlos Barbassa"}}
{"timestamp":"2026-03-10T22:41:31.698Z","importId":1,"level":"WARN","message":"Linha 16865: Pontuação é 0 ou null","category":"PONTUACAO","context":{"rowNumber":16865,"points":0,"cnpj":"12890366000162","saleId":"3368524A","executiveName":"Carlos Barbassa"}}
{"timestamp":"2026-03-10T22:41:31.720Z","importId":1,"level":"WARN","message":"Linha 16880: Pontuação é 0 ou null","category":"PONTUACAO","context":{"rowNumber":16880,"points":0,"cnpj":"12890366000162","saleId":"3368523A","executiveName":"Carlos Barbassa"}}
{"timestamp":"2026-03-10T22:41:31.746Z","importId":1,"level":"WARN","message":"Linha 16895: Pontuação é 0 ou null","category":"PONTUACAO","context":{"rowNumber":16895,"points":0,"cnpj":"32351158000100","saleId":"3368518A","executiveName":"Roberto Garbin"}}
{"timestamp":"2026-03-10T22:41:31.788Z","importId":1,"level":"WARN","message":"Linha 16924: Pontuação é 0 ou null","category":"PONTUACAO","context":{"rowNumber":16924,"points":0,"cnpj":"30607677000153","saleId":"3368514A","executiveName":"Rafaela Soares"}}
{"timestamp":"2026-03-10T22:41:31.792Z","importId":1,"level":"WARN","message":"Linha 16925: Pontuação é 0 ou null","category":"PONTUACAO","context":{"rowNumber":16925,"points":0,"cnpj":"30607677000153","saleId":"3368513A","executiveName":"Rafaela Soares"}}
{"timestamp":"2026-03-10T22:41:31.794Z","importId":1,"level":"WARN","message":"Linha 16926: Pontuação é 0 ou null","category":"PONTUACAO","context":{"rowNumber":16926,"points":0,"cnpj":"30607677000153","saleId":"3368512A","executiveName":"Rafaela Soares"}}
{"timestamp":"2026-03-10T22:41:31.855Z","importId":1,"level":"WARN","message":"Linha 16972: Pontuação é 0 ou null","category":"PONTUACAO","context":{"rowNumber":16972,"points":0,"cnpj":"57958027000109","saleId":"3368746A","executiveName":"Ricardo Morais"}}
{"timestamp":"2026-03-10T22:41:31.857Z","importId":1,"level":"WARN","message":"Linha 16973: Pontuação é 0 ou null","category":"PONTUACAO","context":{"rowNumber":16973,"points":0,"cnpj":"05686617000126","saleId":"3368748A","executiveName":"Rafaela Soares"}}
{"timestamp":"2026-03-10T22:41:31.863Z","importId":1,"level":"WARN","message":"Linha 16976: Pontuação é 0 ou null","category":"PONTUACAO","context":{"rowNumber":16976,"points":0,"cnpj":"18115518000136","saleId":"3368768A","executiveName":"Carlos Barbassa"}}
{"timestamp":"2026-03-10T22:41:31.866Z","importId":1,"level":"WARN","message":"Linha 16977: Pontuação é 0 ou null","category":"PONTUACAO","context":{"rowNumber":16977,"points":0,"cnpj":"18115518000136","saleId":"3368767A","executiveName":"Carlos Barbassa"}}
{"timestamp":"2026-03-10T22:41:31.867Z","importId":1,"level":"WARN","message":"Linha 16978: Pontuação é 0 ou null","category":"PONTUACAO","context":{"rowNumber":16978,"points":0,"cnpj":"57954299000211","saleId":"3368766A","executiveName":"Ricardo Bueno"}}
{"timestamp":"2026-03-10T22:41:31.869Z","importId":1,"level":"WARN","message":"Linha 16979: Pontuação é 0 ou null","category":"PONTUACAO","context":{"rowNumber":16979,"points":0,"cnpj":"57954299000211","saleId":"3368765A","executiveName":"Ricardo Bueno"}}
{"timestamp":"2026-03-10T22:41:31.891Z","importId":1,"level":"WARN","message":"Linha 16993: Pontuação é 0 ou null","category":"PONTUACAO","context":{"rowNumber":16993,"points":0,"cnpj":"05686617000126","saleId":"3368751A","executiveName":"Rafaela Soares"}}
{"timestamp":"2026-03-10T22:41:31.893Z","importId":1,"level":"WARN","message":"Linha 16994: Pontuação é 0 ou null","category":"PONTUACAO","context":{"rowNumber":16994,"points":0,"cnpj":"05686617000126","saleId":"3368750A","executiveName":"Rafaela Soares"}}
{"timestamp":"2026-03-10T22:41:31.897Z","importId":1,"level":"WARN","message":"Linha 16995: Pontuação é 0 ou null","category":"PONTUACAO","context":{"rowNumber":16995,"points":0,"cnpj":"05686617000126","saleId":"3368749A","executiveName":"Rafaela Soares"}}
{"timestamp":"2026-03-10T22:41:31.939Z","importId":1,"level":"WARN","message":"Linha 17024: Pontuação é 0 ou null","category":"PONTUACAO","context":{"rowNumber":17024,"points":0,"cnpj":"55343181000140","saleId":"3368672A","executiveName":"Elza Lara"}}
{"timestamp":"2026-03-10T22:41:31.989Z","importId":1,"level":"WARN","message":"Linha 17057: Pontuação é 0 ou null","category":"PONTUACAO","context":{"rowNumber":17057,"points":0,"cnpj":"04545594000177","saleId":"3368122A","executiveName":"Pasquale Neto"}}
{"timestamp":"2026-03-10T22:41:31.992Z","importId":1,"level":"WARN","message":"Linha 17058: Pontuação é 0 ou null","category":"PONTUACAO","context":{"rowNumber":17058,"points":0,"cnpj":"04545594000177","saleId":"3368121A","executiveName":"Pasquale Neto"}}
{"timestamp":"2026-03-10T22:41:31.995Z","importId":1,"level":"WARN","message":"Linha 17059: Pontuação é 0 ou null","category":"PONTUACAO","context":{"rowNumber":17059,"points":0,"cnpj":"04545594000177","saleId":"3368120A","executiveName":"Pasquale Neto"}}
{"timestamp":"2026-03-10T22:41:31.997Z","importId":1,"level":"WARN","message":"Linha 17060: Pontuação é 0 ou null","category":"PONTUACAO","context":{"rowNumber":17060,"points":0,"cnpj":"04545594000177","saleId":"3368119A","executiveName":"Pasquale Neto"}}
{"timestamp":"2026-03-10T22:41:32.129Z","importId":1,"level":"WARN","message":"Linha 17151: Pontuação é 0 ou null","category":"PONTUACAO","context":{"rowNumber":17151,"points":0,"cnpj":"66021825000109","saleId":"3368003A","executiveName":"Rafaela Soares"}}
{"timestamp":"2026-03-10T22:41:32.211Z","importId":1,"level":"WARN","message":"Linha 17211: Pontuação é 0 ou null","category":"PONTUACAO","context":{"rowNumber":17211,"points":0,"cnpj":"61086401000109","saleId":"3368234A","executiveName":"Pasquale Neto"}}
{"timestamp":"2026-03-10T22:41:32.220Z","importId":1,"level":"WARN","message":"Linha 17217: Pontuação é 0 ou null","category":"PONTUACAO","context":{"rowNumber":17217,"points":0,"cnpj":"74557760000130","saleId":"3368249A","executiveName":"Claudia Dias"}}
{"timestamp":"2026-03-10T22:41:32.241Z","importId":1,"level":"WARN","message":"Linha 17232: Pontuação é 0 ou null","category":"PONTUACAO","context":{"rowNumber":17232,"points":0,"cnpj":"68746486000145","saleId":"3368252A","executiveName":"Elza Lara"}}
{"timestamp":"2026-03-10T22:41:32.332Z","importId":1,"level":"WARN","message":"Linha 17297: Pontuação é 0 ou null","category":"PONTUACAO","context":{"rowNumber":17297,"points":0,"cnpj":"04545594000177","saleId":"3369378A","executiveName":"Pasquale Neto"}}
{"timestamp":"2026-03-10T22:41:32.480Z","importId":1,"level":"WARN","message":"Linha 17388: Pontuação é 0 ou null","category":"PONTUACAO","context":{"rowNumber":17388,"points":0,"cnpj":"46652376000181","saleId":"3369547A","executiveName":"Cristiano Dafre"}}
{"timestamp":"2026-03-10T22:41:32.484Z","importId":1,"level":"WARN","message":"Linha 17391: Pontuação é 0 ou null","category":"PONTUACAO","context":{"rowNumber":17391,"points":0,"cnpj":"03366331000138","saleId":"3369545A","executiveName":"Carlos Barbassa"}}
{"timestamp":"2026-03-10T22:41:32.549Z","importId":1,"level":"WARN","message":"Linha 17438: Pontuação é 0 ou null","category":"PONTUACAO","context":{"rowNumber":17438,"points":0,"cnpj":"04545594000177","saleId":"3369439A","executiveName":"Pasquale Neto"}}
{"timestamp":"2026-03-10T22:41:32.743Z","importId":1,"level":"WARN","message":"Linha 17578: Pontuação é 0 ou null","category":"PONTUACAO","context":{"rowNumber":17578,"points":0,"cnpj":"21027348000142","saleId":"3369201A","executiveName":"Ricardo Bueno"}}
{"timestamp":"2026-03-10T22:41:32.749Z","importId":1,"level":"WARN","message":"Linha 17581: Pontuação é 0 ou null","category":"PONTUACAO","context":{"rowNumber":17581,"points":0,"cnpj":"30537376000109","saleId":"3369199A","executiveName":"Pasquale Neto"}}
{"timestamp":"2026-03-10T22:41:32.755Z","importId":1,"level":"WARN","message":"Linha 17585: Pontuação é 0 ou null","category":"PONTUACAO","context":{"rowNumber":17585,"points":0,"cnpj":"14276237000104","saleId":"3369194A","executiveName":"Claudia Dias"}}
{"timestamp":"2026-03-10T22:41:33.522Z","importId":1,"level":"WARN","message":"Linha 18156: Pontuação é 0 ou null","category":"PONTUACAO","context":{"rowNumber":18156,"points":0,"cnpj":"07709889000120","saleId":"3372020A","executiveName":"Carlos Brito"}}
{"timestamp":"2026-03-10T22:41:33.524Z","importId":1,"level":"WARN","message":"Linha 18157: Pontuação é 0 ou null","category":"PONTUACAO","context":{"rowNumber":18157,"points":0,"cnpj":"07709889000120","saleId":"3372021A","executiveName":"Carlos Brito"}}
{"timestamp":"2026-03-10T22:41:33.537Z","importId":1,"level":"WARN","message":"Linha 18166: Pontuação é 0 ou null","category":"PONTUACAO","context":{"rowNumber":18166,"points":0,"cnpj":"03627804000103","saleId":"3372036A","executiveName":"Elzo Nogueira"}}
{"timestamp":"2026-03-10T22:41:33.540Z","importId":1,"level":"WARN","message":"Linha 18168: Pontuação é 0 ou null","category":"PONTUACAO","context":{"rowNumber":18168,"points":0,"cnpj":"03627804000103","saleId":"3372038A","executiveName":"Elzo Nogueira"}}
{"timestamp":"2026-03-10T22:41:33.579Z","importId":1,"level":"WARN","message":"Linha 18195: Pontuação é 0 ou null","category":"PONTUACAO","context":{"rowNumber":18195,"points":0,"cnpj":"07389466000170","saleId":"3371997A","executiveName":"Armando Soares"}}
{"timestamp":"2026-03-10T22:41:33.586Z","importId":1,"level":"WARN","message":"Linha 18199: Pontuação é 0 ou null","category":"PONTUACAO","context":{"rowNumber":18199,"points":0,"cnpj":"03627804000103","saleId":"3372040A","executiveName":"Elzo Nogueira"}}
{"timestamp":"2026-03-10T22:41:33.587Z","importId":1,"level":"WARN","message":"Linha 18200: Pontuação é 0 ou null","category":"PONTUACAO","context":{"rowNumber":18200,"points":0,"cnpj":"03627804000103","saleId":"3372042A","executiveName":"Elzo Nogueira"}}
{"timestamp":"2026-03-10T22:41:33.627Z","importId":1,"level":"WARN","message":"Linha 18229: Pontuação é 0 ou null","category":"PONTUACAO","context":{"rowNumber":18229,"points":0,"cnpj":"03627804000103","saleId":"3372044A","executiveName":"Elzo Nogueira"}}
{"timestamp":"2026-03-10T22:41:33.653Z","importId":1,"level":"WARN","message":"Linha 18246: Pontuação é 0 ou null","category":"PONTUACAO","context":{"rowNumber":18246,"points":0,"cnpj":"04545594000177","saleId":"3372068A","executiveName":"Pasquale Neto"}}
{"timestamp":"2026-03-10T22:41:33.656Z","importId":1,"level":"WARN","message":"Linha 18248: Pontuação é 0 ou null","category":"PONTUACAO","context":{"rowNumber":18248,"points":0,"cnpj":"04545594000177","saleId":"3372070A","executiveName":"Pasquale Neto"}}
{"timestamp":"2026-03-10T22:41:33.673Z","importId":1,"level":"WARN","message":"Linha 18259: Pontuação é 0 ou null","category":"PONTUACAO","context":{"rowNumber":18259,"points":0,"cnpj":"13244011000169","saleId":"3371877A","executiveName":"Cristiano Dafre"}}
{"timestamp":"2026-03-10T22:41:33.674Z","importId":1,"level":"WARN","message":"Linha 18260: Pontuação é 0 ou null","category":"PONTUACAO","context":{"rowNumber":18260,"points":0,"cnpj":"13244011000169","saleId":"3371878A","executiveName":"Cristiano Dafre"}}
{"timestamp":"2026-03-10T22:41:33.676Z","importId":1,"level":"WARN","message":"Linha 18261: Pontuação é 0 ou null","category":"PONTUACAO","context":{"rowNumber":18261,"points":0,"cnpj":"13244011000169","saleId":"3371879A","executiveName":"Cristiano Dafre"}}
{"timestamp":"2026-03-10T22:41:33.678Z","importId":1,"level":"WARN","message":"Linha 18262: Pontuação é 0 ou null","category":"PONTUACAO","context":{"rowNumber":18262,"points":0,"cnpj":"13244011000169","saleId":"3371880A","executiveName":"Cristiano Dafre"}}
{"timestamp":"2026-03-10T22:41:33.681Z","importId":1,"level":"WARN","message":"Linha 18263: Pontuação é 0 ou null","category":"PONTUACAO","context":{"rowNumber":18263,"points":0,"cnpj":"26203213000104","saleId":"3371881A","executiveName":"Roberto Garbin"}}
{"timestamp":"2026-03-10T22:41:33.683Z","importId":1,"level":"WARN","message":"Linha 18264: Pontuação é 0 ou null","category":"PONTUACAO","context":{"rowNumber":18264,"points":0,"cnpj":"26203213000104","saleId":"3371882A","executiveName":"Roberto Garbin"}}
{"timestamp":"2026-03-10T22:41:33.687Z","importId":1,"level":"WARN","message":"Linha 18265: Pontuação é 0 ou null","category":"PONTUACAO","context":{"rowNumber":18265,"points":0,"cnpj":"26203213000104","saleId":"3371883A","executiveName":"Roberto Garbin"}}
{"timestamp":"2026-03-10T22:41:33.689Z","importId":1,"level":"WARN","message":"Linha 18266: Pontuação é 0 ou null","category":"PONTUACAO","context":{"rowNumber":18266,"points":0,"cnpj":"26203213000104","saleId":"3371884A","executiveName":"Roberto Garbin"}}
{"timestamp":"2026-03-10T22:41:33.691Z","importId":1,"level":"WARN","message":"Linha 18267: Pontuação é 0 ou null","category":"PONTUACAO","context":{"rowNumber":18267,"points":0,"cnpj":"26203213000104","saleId":"3371885A","executiveName":"Roberto Garbin"}}
{"timestamp":"2026-03-10T22:41:33.693Z","importId":1,"level":"WARN","message":"Linha 18268: Pontuação é 0 ou null","category":"PONTUACAO","context":{"rowNumber":18268,"points":0,"cnpj":"23446445000103","saleId":"3371886A","executiveName":"Miguel Jenotti"}}
{"timestamp":"2026-03-10T22:41:33.696Z","importId":1,"level":"WARN","message":"Linha 18269: Pontuação é 0 ou null","category":"PONTUACAO","context":{"rowNumber":18269,"points":0,"cnpj":"23446445000103","saleId":"3371887A","executiveName":"Miguel Jenotti"}}
{"timestamp":"2026-03-10T22:41:33.698Z","importId":1,"level":"WARN","message":"Linha 18271: Pontuação é 0 ou null","category":"PONTUACAO","context":{"rowNumber":18271,"points":0,"cnpj":"31300477000116","saleId":"3371889A","executiveName":"Kelly Furno"}}
{"timestamp":"2026-03-10T22:41:33.700Z","importId":1,"level":"WARN","message":"Linha 18272: Pontuação é 0 ou null","category":"PONTUACAO","context":{"rowNumber":18272,"points":0,"cnpj":"31696755000104","saleId":"3371890A","executiveName":"Pasquale Neto"}}
{"timestamp":"2026-03-10T22:41:33.704Z","importId":1,"level":"WARN","message":"Linha 18273: Pontuação é 0 ou null","category":"PONTUACAO","context":{"rowNumber":18273,"points":0,"cnpj":"31696755000104","saleId":"3371891A","executiveName":"Pasquale Neto"}}
{"timestamp":"2026-03-10T22:41:33.706Z","importId":1,"level":"WARN","message":"Linha 18274: Pontuação é 0 ou null","category":"PONTUACAO","context":{"rowNumber":18274,"points":0,"cnpj":"31696755000104","saleId":"3371892A","executiveName":"Pasquale Neto"}}
{"timestamp":"2026-03-10T22:41:33.711Z","importId":1,"level":"WARN","message":"Linha 18275: Pontuação é 0 ou null","category":"PONTUACAO","context":{"rowNumber":18275,"points":0,"cnpj":"31655364000133","saleId":"3371893A","executiveName":"Carlos Barbassa"}}
{"timestamp":"2026-03-10T22:41:33.713Z","importId":1,"level":"WARN","message":"Linha 18276: Pontuação é 0 ou null","category":"PONTUACAO","context":{"rowNumber":18276,"points":0,"cnpj":"31655364000133","saleId":"3371894A","executiveName":"Carlos Barbassa"}}
{"timestamp":"2026-03-10T22:41:33.716Z","importId":1,"level":"WARN","message":"Linha 18277: Pontuação é 0 ou null","category":"PONTUACAO","context":{"rowNumber":18277,"points":0,"cnpj":"31655364000133","saleId":"3371895A","executiveName":"Carlos Barbassa"}}
{"timestamp":"2026-03-10T22:41:33.717Z","importId":1,"level":"WARN","message":"Linha 18278: Pontuação é 0 ou null","category":"PONTUACAO","context":{"rowNumber":18278,"points":0,"cnpj":"35625985000125","saleId":"3371896A","executiveName":"Ricardo Bueno"}}
{"timestamp":"2026-03-10T22:41:33.733Z","importId":1,"level":"WARN","message":"Linha 18289: Pontuação é 0 ou null","category":"PONTUACAO","context":{"rowNumber":18289,"points":0,"cnpj":"15117936000255","saleId":"3371832A","executiveName":"Ronaldo Coelho"}}
{"timestamp":"2026-03-10T22:41:33.736Z","importId":1,"level":"WARN","message":"Linha 18290: Pontuação é 0 ou null","category":"PONTUACAO","context":{"rowNumber":18290,"points":0,"cnpj":"15117936000255","saleId":"3371833A","executiveName":"Ronaldo Coelho"}}
{"timestamp":"2026-03-10T22:41:33.738Z","importId":1,"level":"WARN","message":"Linha 18291: Pontuação é 0 ou null","category":"PONTUACAO","context":{"rowNumber":18291,"points":0,"cnpj":"67565887000136","saleId":"3371834A","executiveName":"Pasquale Neto"}}
{"timestamp":"2026-03-10T22:41:33.740Z","importId":1,"level":"WARN","message":"Linha 18292: Pontuação é 0 ou null","category":"PONTUACAO","context":{"rowNumber":18292,"points":0,"cnpj":"67565887000136","saleId":"3371835A","executiveName":"Pasquale Neto"}}
{"timestamp":"2026-03-10T22:41:33.743Z","importId":1,"level":"WARN","message":"Linha 18293: Pontuação é 0 ou null","category":"PONTUACAO","context":{"rowNumber":18293,"points":0,"cnpj":"15006080000160","saleId":"3371836A","executiveName":"Pasquale Neto"}}
{"timestamp":"2026-03-10T22:41:33.745Z","importId":1,"level":"WARN","message":"Linha 18294: Pontuação é 0 ou null","category":"PONTUACAO","context":{"rowNumber":18294,"points":0,"cnpj":"35625985000125","saleId":"3371897A","executiveName":"Ricardo Bueno"}}
{"timestamp":"2026-03-10T22:41:33.747Z","importId":1,"level":"WARN","message":"Linha 18295: Pontuação é 0 ou null","category":"PONTUACAO","context":{"rowNumber":18295,"points":0,"cnpj":"15006080000160","saleId":"3371837A","executiveName":"Pasquale Neto"}}
{"timestamp":"2026-03-10T22:41:33.751Z","importId":1,"level":"WARN","message":"Linha 18297: Pontuação é 0 ou null","category":"PONTUACAO","context":{"rowNumber":18297,"points":0,"cnpj":"09178878000196","saleId":"3371840A","executiveName":"Ricardo Morais"}}
{"timestamp":"2026-03-10T22:41:33.752Z","importId":1,"level":"WARN","message":"Linha 18298: Pontuação é 0 ou null","category":"PONTUACAO","context":{"rowNumber":18298,"points":0,"cnpj":"48186332000139","saleId":"3371841A","executiveName":"Ricardo Morais"}}
{"timestamp":"2026-03-10T22:41:33.755Z","importId":1,"level":"WARN","message":"Linha 18299: Pontuação é 0 ou null","category":"PONTUACAO","context":{"rowNumber":18299,"points":0,"cnpj":"61086401000109","saleId":"3371843A","executiveName":"Pasquale Neto"}}
{"timestamp":"2026-03-10T22:41:33.757Z","importId":1,"level":"WARN","message":"Linha 18300: Pontuação é 0 ou null","category":"PONTUACAO","context":{"rowNumber":18300,"points":0,"cnpj":"96194733000183","saleId":"3371857A","executiveName":"Ricardo Morais"}}
{"timestamp":"2026-03-10T22:41:33.759Z","importId":1,"level":"WARN","message":"Linha 18301: Pontuação é 0 ou null","category":"PONTUACAO","context":{"rowNumber":18301,"points":0,"cnpj":"74237884000139","saleId":"3371858A","executiveName":"Walter Junior"}}
{"timestamp":"2026-03-10T22:41:33.763Z","importId":1,"level":"WARN","message":"Linha 18303: Pontuação é 0 ou null","category":"PONTUACAO","context":{"rowNumber":18303,"points":0,"cnpj":"11820109000191","saleId":"3371860A","executiveName":"Soraya Romano"}}
{"timestamp":"2026-03-10T22:41:33.766Z","importId":1,"level":"WARN","message":"Linha 18304: Pontuação é 0 ou null","category":"PONTUACAO","context":{"rowNumber":18304,"points":0,"cnpj":"58693110000166","saleId":"3371861A","executiveName":"Rafaela Soares"}}
{"timestamp":"2026-03-10T22:41:33.769Z","importId":1,"level":"WARN","message":"Linha 18305: Pontuação é 0 ou null","category":"PONTUACAO","context":{"rowNumber":18305,"points":0,"cnpj":"58693110000166","saleId":"3371862A","executiveName":"Rafaela Soares"}}
{"timestamp":"2026-03-10T22:41:33.774Z","importId":1,"level":"WARN","message":"Linha 18309: Pontuação é 0 ou null","category":"PONTUACAO","context":{"rowNumber":18309,"points":0,"cnpj":"05946137000157","saleId":"3371899A","executiveName":"Elza Lara"}}
{"timestamp":"2026-03-10T22:41:33.813Z","importId":1,"level":"WARN","message":"Linha 18340: Pontuação é 0 ou null","category":"PONTUACAO","context":{"rowNumber":18340,"points":0,"cnpj":"18134620000189","saleId":"3371902A","executiveName":"Karla Reis"}}
{"timestamp":"2026-03-10T22:41:33.831Z","importId":1,"level":"WARN","message":"Linha 18351: Pontuação é 0 ou null","category":"PONTUACAO","context":{"rowNumber":18351,"points":0,"cnpj":"55343181000140","saleId":"3371912A","executiveName":"Elza Lara"}}
{"timestamp":"2026-03-10T22:41:33.837Z","importId":1,"level":"WARN","message":"Linha 18354: Pontuação é 0 ou null","category":"PONTUACAO","context":{"rowNumber":18354,"points":0,"cnpj":"29184162000109","saleId":"3371916A","executiveName":"Cristiano Dafre"}}
{"timestamp":"2026-03-10T22:41:33.840Z","importId":1,"level":"WARN","message":"Linha 18355: Pontuação é 0 ou null","category":"PONTUACAO","context":{"rowNumber":18355,"points":0,"cnpj":"29184162000109","saleId":"3371917A","executiveName":"Cristiano Dafre"}}
{"timestamp":"2026-03-10T22:41:33.850Z","importId":1,"level":"WARN","message":"Linha 18363: Pontuação é 0 ou null","category":"PONTUACAO","context":{"rowNumber":18363,"points":0,"cnpj":"55343181000140","saleId":"3371913A","executiveName":"Elza Lara"}}
{"timestamp":"2026-03-10T22:41:34.070Z","importId":1,"level":"WARN","message":"Linha 18532: Pontuação é 0 ou null","category":"PONTUACAO","context":{"rowNumber":18532,"points":0,"cnpj":"26203213000104","saleId":"3370811A","executiveName":"Roberto Garbin"}}
{"timestamp":"2026-03-10T22:41:34.073Z","importId":1,"level":"WARN","message":"Linha 18533: Pontuação é 0 ou null","category":"PONTUACAO","context":{"rowNumber":18533,"points":0,"cnpj":"26203213000104","saleId":"3370812A","executiveName":"Roberto Garbin"}}
{"timestamp":"2026-03-10T22:41:34.077Z","importId":1,"level":"WARN","message":"Linha 18534: Pontuação é 0 ou null","category":"PONTUACAO","context":{"rowNumber":18534,"points":0,"cnpj":"26203213000104","saleId":"3370813A","executiveName":"Roberto Garbin"}}
{"timestamp":"2026-03-10T22:41:34.080Z","importId":1,"level":"WARN","message":"Linha 18535: Pontuação é 0 ou null","category":"PONTUACAO","context":{"rowNumber":18535,"points":0,"cnpj":"26203213000104","saleId":"3370814A","executiveName":"Roberto Garbin"}}
{"timestamp":"2026-03-10T22:41:34.083Z","importId":1,"level":"WARN","message":"Linha 18536: Pontuação é 0 ou null","category":"PONTUACAO","context":{"rowNumber":18536,"points":0,"cnpj":"26203213000104","saleId":"3370815A","executiveName":"Roberto Garbin"}}
{"timestamp":"2026-03-10T22:41:34.091Z","importId":1,"level":"WARN","message":"Linha 18543: Pontuação é 0 ou null","category":"PONTUACAO","context":{"rowNumber":18543,"points":0,"cnpj":"26203213000104","saleId":"3370810A","executiveName":"Roberto Garbin"}}
{"timestamp":"2026-03-10T22:41:34.457Z","importId":1,"level":"INFO","message":"Sincronizando import items com ledger para agências existentes","category":"OUTROS","context":{}}
{"timestamp":"2026-03-10T22:41:34.599Z","importId":1,"level":"INFO","message":"Importação concluída: 18802 inseridos, 0 pulados, 1 erros","category":"OUTROS","context":{"inserted":18802,"skipped":0,"totalErrors":1,"skippedByReason":{"CNPJ/CPF é obrigatório":1},"totalRows":18803}}
